codigo,nome,categoria,kcal,proteina,carboidrato,gordura,fibra
C0113T,"Orelha-de-padre, semente, seca, remolho em água, cozida, drenada, s/ óleo, s/ sal, Lablab purpureus (L) Sweet,",Leguminosas e derivados,121,8.91,16.9,0.58,6.20
C0682B,"Lasanha, berinjela, c/ frios, caseira, c/ sal, (berinjela grelhada, c/ muçarela, presunto, c/ molho de tomate (tomate, c/ óleo, cebola e alho) c/ sal),",Vegetais e derivados,92,6.79,2.59,5.62,2.18
C0429N,"Papa de batata doce e banana, s/ açúcar,",Alimentos para fins especiais,101,1.06,22.4,0.18,2.49
C0058A,"Biscoito, salgado, água e sal, Tostines,",Cereais e derivados,442,11.4,64.5,14.7,2.90
C0100A,"Cereal matinal, milho,",Cereais e derivados,364,7.16,79.7,0.96,4.12
C1014B,"Salada, repolho branco, c/ maionese, c/ uva passa, s/ sal,",Vegetais e derivados,63,1.17,6.27,3.22,1.90
C0529A,"Arroz com lentilha, c/ arroz polido, s/ sal, (arroz polido, c/ lentilha, tomate, linguiça, c/ óleo, cebola e alho, s/ sal),",Cereais e derivados,145,5.24,18.1,5.26,2.24
C0592A,"Canelone, c/ muçarela, c/ molho branco, caseiro, c/ sal, (massa com farinha de trigo, c/ muçarela, c/ molho branco (farinha de trigo, manteiga e leite), c/ sal),",Cereais e derivados,246,14.6,13.3,14.8,0.54
C0006A,"Milho, verde, grão, cru (média de diferentes amostras), Zea may,",Cereais e derivados,138,6.59,24.6,0.61,3.92
C0416B,"Salada, abóbora cabotian (japonesa) cozida, cebola, salsa, c/ azeite de oliva, s/ sal,",Vegetais e derivados,89,1.45,7.54,5.36,2.21
C0480E,"Peixe, água doce, Tucunaré, filé, congelado, frito (c/ óleo de soja), c/ sal, Cichla ocellaris spp.,",Pescados e Frutos do mar,251,24.0,0.00,17.2,0.00
C0516F,"Carne, boi, acém, s/ gordura, cozida, c/ pequi, pimentão, c/ óleo, cebola e alho, c/ noz moscada, c/ pimenta do reino, c/ sal,",Carnes e derivados,215,19.7,1.90,13.9,1.86
C0334E,"Mariscada, c/ sal, (mexilhão sururu, camarão, lula, polvo e ostra, tomate, pimentão, coentro, leite de coco, c/ azeite de dendê, c/ óleo, cebola e alho, c/ sal),",Pescados e Frutos do mar,134,13.2,3.28,6.34,1.44
C0732F,"Carne, boi, de segunda (acém, capa de contrafilé, costela, músculo, paleta, peito), cozida/grelhada/assada, s/ óleo, c/ sal, Bos taurus,",Carnes e derivados,254,28.4,0.00,15.7,0.00
C0102G,"Bebida, leite integral, c/ chocolate em pó (10%), c/ açúcar,",Bebidas,95,3.28,13.5,3.07,0.00
C0628A,"Ravioli, c/ carne moída refogada, s/ molho, caseiro, c/ sal, (massa com farinha de trigo, carne bovina, patinho moído, refogada, c/ óleo, cebolha e alho, c/ sal),",Cereais e derivados,166,7.77,27.9,2.25,1.49
C0346N,"Papa de carne bovina moída (acém), arroz e brócolis, c/ caldo de frango, c/ cebola e óleo de soja, s/ sal,",Alimentos para fins especiais,128,11.6,5.12,6.52,0.98
C0236A,"Macarrão, trigo, integral, c/ molho branco (leite, manteiga e farinha de trigo), s/ sal,",Cereais e derivados,137,5.01,21.5,2.79,2.86
C0582B,"Salada, alface crespa, c/ molho de salada - salsa, vinagre de maçã, azeite de oliva, c/ sal,",Vegetais e derivados,41,1.34,0.38,3.51,1.74
C0540N,"Papa de carne bovina moída (patinho), cará e brócolis, c/ caldo de carne, c/ cebola e óleo de soja, s/ sal,",Alimentos para fins especiais,116,13.7,3.89,4.75,1.26
C0035E,"Peixe, água salgada, abadejo, filé, congelado, cru,",Pescados e Frutos do mar,55,13.0,0.00,0.36,0.00
C0624N,"Papa de carne bovina moída (patinho), arroz branco e brócolis, c/ caldo de carne, c/ cebola e óleo de soja, c/ sal,",Alimentos para fins especiais,125,13.2,6.36,4.90,1.04
C0150T,"Quibe vegetariano com cenoura, s/ sal, (trigo para quibe e proteína de soja texturizada (hidratados com caldo de legumes), alho, cebola, cenoura, hortelã, c/ pimenta-do-reino, s/ sal),",Leguminosas e derivados,123,13.6,13.9,0.58,4.14
C0455N,"Papa de carne bovina moída (acém), cará e brócolis, c/ caldo de carne, c/ cebola e óleo de soja, c/ sal,",Alimentos para fins especiais,115,10.7,3.97,6.00,1.26
C0270B,"Abóbora, moranga, s/ casca, cozida, c/ molho de tomate (tomate, c/ óleo, cebola e alho), c/ salsa, c/ pimenta-do-reino, c/ sal, Curcubita spp.,",Vegetais e derivados,32,1.38,2.28,1.33,2.50
C1159A,"Panqueca, c/ recheio de creme de avelã, s/ cobertura, (massa - leite, farinha de trigo e ovo, creme de avelã),",Cereais e derivados,410,6.95,44.7,21.8,3.37
C0076K,"Sagu, morango, mistura p/, preparada,",Produtos açucarados,122,0.00,30.4,,
C0091K,"Sagu, mandioca, preparado c/ vinho tinto, c/ açúcar,",Produtos açucarados,200,0.16,48.3,0.01,0.09
C0381N,"Creme de morango, c/ banana, c/ iogurte natural, s/ açúcar,",Alimentos para fins especiais,65,2.23,10.7,1.15,1.17
C1150A,"Risoto de carne bovina, c/ arroz polido, c/ sal, (arroz polido, carne bovina filé mignon, tomate, vinho branco, queijo parmesão, c/ azeite de oliva, manteiga, cebola e alho, c/ sal),",Cereais e derivados,204,17.3,9.33,10.3,0.60
C0028A,"Biscoito, doce, Maria, Marilan,",Cereais e derivados,434,9.30,73.4,10.8,2.80
C0152B,"Abobrinha, italiana, c/ casca, cozida, drenada, s/ óleo, c/ sal,",Vegetais e derivados,14,0.99,1.32,0.23,1.51
C0722A,"Arroz com frango e pequi, c/ arroz polido, c/ sal, (arroz polido, frango, pequi, salsa, c/ óleo, cebola e alho, c/ pimenta-do-reino, c/ sal),",Cereais e derivados,190,11.8,12.2,9.99,2.16
C0022J,"Ovo, galinha, gema, cozida/10 min., c/ sal,",Ovos e derivados,345,15.8,1.55,30.6,0.00
C0581B,"Salada, alface crespa, c/ molho de salada - salsa, suco de limão, azeite de oliva, c/ sal,",Vegetais e derivados,73,1.40,1.00,6.75,1.73
C1094A,"Macarrão, trigo integral, c/ carne bovina músculo, gratinado, c/ molho branco (manteiga, farinha de trigo e leite) e queijo parmesão, salsa, pimenta-do-reino, c/ sal,",Cereais e derivados,153,8.92,16.1,5.40,2.23
C0222F,"Bife à cavalo, s/ sal, (carne bovina contra-filé, ovo, c/ óleo, s/ sal),",Carnes e derivados,285,23.7,0.00,21.1,
C0063A,"Bolo, mistura p/, preparado (média de diferentes sabores),",Cereais e derivados,339,6.10,49.3,12.9,0.43
C0606A,"Macarrão, trigo, integral, c/ frango e cogumelos, c/ sal, (massa com trigo integral, peito de frango, cogumelo paris e shiitake, salsa, cebolinha, c/ óleo, cebola e alho, c/ sal),",Cereais e derivados,118,7.03,16.7,1.91,2.82
C0511F,"Carne, frango, peito, c/ batata, c/ óleo, cebola e alho, c/ sal,",Carnes e derivados,120,18.0,4.89,2.97,0.72
C0208F,"Salame, porco, lanche (média de vários tipos),",Carnes e derivados,401,26.0,2.45,31.9,
C0039F,"Carne, boi, lagarto, cozida, s/ óleo, s/ sal, Bos taurus,",Carnes e derivados,212,32.7,0.00,9.11,0.00
C1022B,"Couve-flor, c/ molho branco (farinha de trigo, manteiga e leite), queijo parmesão, c/ sal,",Vegetais e derivados,114,5.51,5.89,7.18,1.55
C0254E,"Moqueca de camarão, s/ sal, (camarão, tomate, pimentão, coentro, leite de coco, azeite de dendê, c/ óleo, cebola e alho, s/ sal),",Pescados e Frutos do mar,114,13.1,1.52,4.93,1.37
C1145B,"Cogumelo, refogado (c/ óleo de soja), cebola e alho, c/ sal (média de diferentes tipos),",Vegetais e derivados,59,2.62,6.69,1.60,3.63
C1145A,"Bolo, trigo, branco, simples, (farinha de trigo, leite, margarina, ovo, açúcar e fermento químico),",Cereais e derivados,429,7.17,54.9,19.9,0.83
C0169T,"Soja, proteína, texturizada, hidratada (c/ caldo de legumes), refogada, c/ óleo, cebola e alho, c/ sal,",Leguminosas e derivados,185,23.2,17.3,1.53,4.51
C0477E,"Peixe, água doce, Pirarucu, cultivado em Rondonia, cozido (a partir do peixe fresco), c/ cebolinha, alho, cúrcuma, pimenta-do-reino, c/ sal (média de peixes com diferentes pesos e cortes), Arapaima gigas,",Pescados e frutos do mar,133,25.4,0.08,3.38,0.04
C1071B,"Farofa, farinha de milho e cenoura, c/ sal, (farinha de milho, cenoura, salsinha e cebolinha, c/ pimenta do reino, c/ óleo de soja e cebola, c/ sal),",Vegetais e derivados,147,1.56,13.5,9.08,1.93
C0944A,"Macarrão de arroz, com legumes e carne suína, c/ molho shoyu, (macarrão de arroz, carne suína (lombo), acelga, broto de feijão, pimentão, cenoura, brócolis, cogumelo Paris, cebola, cebolinha, c/ óleo de gergelim, c/ molho shoyu),",Cereais e derivados,116,9.01,10.9,3.71,1.32
C0415N,"Papa de batata, cenoura e carne bovina moída (acém), c/ caldo de carne, c/ cebola, s/ óleo, s/ sal,",Alimentos para fins especiais,100,10.3,5.37,3.87,1.12
C0233E,"Peixe, água salgada, pescada, branca, assado/grelhado, c/ manteiga e cogumelos (paris, shiitake), c/ sal,",Pescados e Frutos do mar,150,16.2,1.54,8.66,0.42
C0650B,"Salada, vegetais cozidos, c/ azeite de oliva, c/ sal, (brócolis, cenoura e couve-flor cozidos, c/ azeite de oliva, c/ sal),",Vegetais e derivados,55,1.45,1.48,4.29,2.39
C0262A,"Sanduíche, misto quente, pão forma tradicional, c/ presunto, queijo muçarela, c/ manteiga,",Cereais e derivados,281,13.7,21.4,15.4,1.12
C0282A,"Sanduíche, queijo quente, pão francês, c/ queijo prato, c/ margarina,",Cereais e derivados,349,14.6,29.4,20.3,1.30
C0031B,"Pimentão, vários tipos, cru (média de diferentes amostras), Capsicum annuum L.,",Vegetais e derivados,24,1.10,3.57,0.27,1.67
C0719A,"Arroz com jambu, c/ arroz polido, s/ sal, (arroz polido, jambu, c/ óleo, cebola e alho, s/ sal),",Cereais e derivados,125,2.58,22.1,2.45,1.90
C0193B,"Salada, chuchu, s/ casca, cozido, c/ molho vinagrete (tomate, cebola, salsinha, vinagre e óleo), s/ sal, Sechium edule,",Vegetais e derivados,45,0.61,4.10,2.65,1.27
C0216C,"Suco natural, abacaxi e morango, s/ açúcar,",Frutas e derivados,17,0.34,3.13,0.17,0.65
C0433B,"Salada, c/ arroz integral, c/ azeite de oliva, s/ sal, (arroz integral, aipo (salsão), pimentão verde e vermelho, salsa, azeitona preta, vinagre de maçã, c/ azeite de oliva, s/ sal),",Vegetais e derivados,115,1.70,11.9,6.30,1.85
C1111B,"Salpicão de legumes, c/ sal, (batata, maçã, pimentão verde e vermelho, cenoura, noz, uva passa, cebola, aipo (salsão), maionese, creme de leite, molho de mostarda, pimenta do reino, c/ sal),",Vegetais e derivados,131,1.64,12.2,7.97,1.90
C0767A,"Sanduíche, pão forma integral, c/ alface, tomate, cenoura e pepino,",Cereais e derivados,134,5.87,22.7,1.36,3.70
C0176N,"Papa de carne bovina moída (patinho), fubá e couve, c/ caldo de frango, c/ cebola e óleo de soja, c/ sal,",Alimentos para fins especiais,64,2.21,7.18,2.47,1.92
C0987A,"Risole, recheado c/ brócolis e queijo muçarela, caseiro, frito, (farinha de trigo, leite, margarina, brócolis, queijo muçarela, farinha de rosca, ovo, c/ sal, frito (c/ óleo de soja)),",Cereais e derivados,335,11.2,29.2,18.9,1.78
C0967B,"Tomate, maduro, cozido, s/ óleo, s/ sal,",Vegetais e derivados,19,0.95,3.30,0.11,0.70
C0080F,"Croquete, carne, boi, industrializada, frita, c / sal, Bos taurus,",Carnes e derivados,344,16.9,18.1,22.7,
C0538A,"Arroz com salsicha, c/ arroz polido, c/ sal, (arroz polido, c/ salsicha, tomate, c/ óleo, cebola e alho, c/ sal),",Cereais e derivados,156,4.02,19.8,6.40,1.35
C0250T,"Falafel, c/ grão de bico, frito, s/ sal, (grão de bico, cebola, amido de milho, alho, azeite de oliva, cheiro verde, pimenta do reino, óleo para fritura, s/ sal),",Leguminosas e derivados,230,4.65,14.0,16.2,4.63
C0726F,"Hambúrguer, bovino, grelhado, c/ molho de tomate (tomate, c/ óleo de soja, cebola e alho, c/ sal),",Carnes e derivados,181,10.9,9.00,11.0,1.41
C0019D,"Óleo, abacate, Persea americana,",Gorduras e óleos,900,0.00,0.00,100.0,0.00
C0072R,"Sopa, creme de ervilha, c/ bacon, desidratada, Maggi,",Alimentos industrializados,332,10.1,62.4,3.70,4.10
C1029B,"Salada, repolho roxo, cru, c/ azeite de oliva, s/ sal,",Vegetais e derivados,57,1.18,3.06,4.06,1.61
C0027H,"Bebida, infusão, mentrasto, planta, folha, s/ açúcar, Ageratum conyzoides L.,",Bebidas,1,0.00,0.30,0.00,0.00
C0758F,"Carne, boi, fígado, grelhada, c/ molho de tomate (tomate, c/ óleo, cebola e alho), s/ sal, Bos taurus,",Carnes e derivados,189,24.2,4.19,8.26,0.51
C0951B,"Cogumelo, Paris, cozido, c/ salsa, pimenta-do-reino, c/ manteiga, c/ sal,",Vegetais e derivados,97,2.03,2.89,8.18,2.05
C0277C,"Banana, cozida, s/ manteiga, c/ açúcar (média de 5 tipos - Nanica (caturra ou dágua), da Terra, Maçã, Ouro e Prata),",Frutas e derivados,119,1.44,31.0,0.24,2.36
C0239B,"Taioba, folha, refogada (c/ óleo, cebola e alho), s/ sal, Xanthosoma sagittifolium Schott,",Vegetais e derivados,69,4.46,2.98,2.79,6.84
C0761A,"Sanduíche, pão sírio, c/ ricota e temperos, alface e tomate,",Cereais e derivados,171,7.97,28.1,2.67,1.51
C0766B,"Escondidinho de camarão, c/ sal, (mandioca (aipim, macaxeira), camarão refogado, tomate, salsa e queijo parmesão, c/ óleo, cebola e alho, c/ sal),",Vegetais e derivados,155,6.30,15.0,7.43,1.21
C0025H,"Bebida, infusão, malva-santa, planta, folha, s/ açúcar, Plectranthus barbatus Andr.,",Bebidas,1,0.00,0.30,0.00,0.00
C0274E,"Casquinha de caranguejo, s/ sal, (caranguejo, tomate, leite de coco, farinha de rosca, queijo parmesão, cebolinha, c/ azeite de dendê, c/ óleo, cebola e alho, c/ pimenta-do-reino, s/ sal),",Pescados e Frutos do mar,152,13.5,5.23,8.35,0.75
C0597F,"Carne, boi, filé mignon, s/ gordura, frita (c/ óleo de soja), c/ sal, Bos taurus,",Carnes e derivados,265,30.0,0.00,16.1,0.00
C1153A,"Quiche, quatro queijos, assado (massa brise (farinha de trigo, manteiga, gema, leite, c/ açúcar, c/ sal), creme de leite, ovo, queijos - parmesão, gorgonzola, provolone e muçarela, c/ sal),",Cereais e derivados,292,7.81,19.3,20.1,1.63
C0118K,"Pastel, frito, c/ recheio, brigadeiro,",Produtos açucarados,508,6.37,51.5,30.6,0.92
C0378A,"Sanduíche, pão forma integral, c/ presunto, queijo muçarela, c/ requeijão,",Cereais e derivados,241,14.6,18.1,11.8,2.03
C0960F,"Sopa, carne bovina, c/ macarrão, c/ vegetais, s/ sal, (carne bovina (músculo), c/ macarrão, c/ batata, abobrinha, espinafre, cenoura e purê de tomate, c/ caldo de carne, c/ óleo, cebola e alho, s/ sal),",Carnes e derivados,72,7.42,5.13,2.23,1.04
C0985B,"Salada, alface lisa, c/ molho vinagrete (tomate, cebola, salsa, vinagre, azeite de oliva), c/ sal,",Vegetais e derivados,21,1.60,0.54,0.93,2.19
C0284N,"Papa de peixe (pescada branca) e cará, c/ caldo de frango, c/ cebola e azeite de oliva, c/ sal,",Alimentos para fins especiais,99,8.71,5.80,4.29,1.00
C0979B,"Salada, pepino, cebola, c/ molho vinagrete (tomate, cebola, salsa, vinagre, azeite de oliva), c/ sal,",Vegetais e derivados,25,0.92,2.72,0.91,1.23
C0040C,"Suco, laranja, Baía, s/ açúcar, Citrus sinensis,",Frutas e derivados,38,0.65,8.74,,
C0492N,"Papa de carne bovina moída (patinho), abóbora (jerimum) e chuchu, c/ caldo de frango, c/ cebola e óleo de soja, s/ sal,",Alimentos para fins especiais,113,14.0,2.75,4.90,0.83
C0333N,"Papa de carne bovina (músculo), feijão preto, batata baroa (mandioquinha, salsa) e abóbora cabotian (japonesa), c/ caldo de frango, c/ cebola e azeite de oliva, s/ sal,",Alimentos para fins especiais,107,10.6,5.53,4.21,2.12
C0839B,"Tapioca, c/ leite condensado e coco,",Vegetais e derivados,314,1.95,59.5,7.31,0.94
C1017A,"Bolo, cassarola, c/ queijo, (farinha de trigo, açúcar, leite, leite de coco, manteiga, ovo, queijo parmesão e fermento químico),",Cereais e derivados,384,8.38,55.5,13.3,0.89
C0127G,"Mingau, farinha láctea, c/ leite integral,",Leite e derivados,156,5.48,24.3,4.00,0.67
C0148K,"Canudinho, c/ recheio de brigadeiro, c/ cobertura de chocolate, (farinha de trigo, ovo, leite, óleo de soja, brigadeiro e chocolate ao leite),",Produtos açucarados,385,8.07,61.5,11.7,0.78
C0297C,"Pajurá, polpa, in natura, Couepia bracteosa,",Frutas e derivados,136,2.23,31.3,0.19,0.00
C0825F,"Carne, frango, peito, refogada (c/ óleo, cebola e alho), c/ legumes (cenoura e vagem), s/ sal, Gallus gallus,",Carnes e derivados,91,15.5,1.51,2.30,1.20
C0024A,"Aveia, flocos, finos, Avena sativa,Float,",Cereais e derivados,379,15.6,55.0,8.60,9.50
C0306A,"Sanduíche, pão forma integral, c/ presunto, c/ manteiga,",Cereais e derivados,261,10.9,24.9,12.5,2.94
C0540B,"Salada, pimentão verde, amarelo e vermelho crus, c/ azeite de oliva, c/ sal,",Vegetais e derivados,59,1.01,3.34,4.22,1.59
C0113B,"Alho, refogado (c/ óleo de soja), s/ sal, Allium sativum,",Vegetais e derivados,433,8.09,32.0,29.3,4.54
C0047D,"Óleo, milho, frito, Zea mays,",Gorduras e óleos,900,0.00,0.00,100.0,0.00
C0037K,"Chantily, em pó, preparado, Chantineve,",Produtos açucarados,202,3.00,28.7,8.30,
C0508N,"Papa de mamão, banana e melão, s/ açúcar,",Alimentos para fins especiais,59,0.81,12.5,0.20,1.76
C0009J,"Ovo, galinha, gema, desidratada, pasteurizada,",Ovos e derivados,638,30.0,8.00,54.0,0.00
C0096E,"Peixe, água doce, Pintado, cozido, s/ óleo, s/ sal, Pseudoplatystoma corruscans,",Pescados e Frutos do mar,103,22.3,0.00,1.58,0.00
C0075R,"Torta, salgada, mistura p/, Oetker,",Alimentos industrializados,340,9.70,71.6,1.10,2.19
C0711F,"Carne, frango, caipira, inteiro, crua (média de amostras c/ e s/ pele), Gallus gallus,",Carnes e derivados,172,18.5,0.00,10.9,0.00
C0641A,"Rondele, ricota, s/ molho, caseiro, c/ sal, (massa com farinha de trigo, c/ ricota, c/ sal),",Cereais e derivados,147,9.83,14.6,5.29,0.65
C0789B,"Farofa, ovos, s/ sal, (farinha de mandioca (aipim, macaxeira), ovo, azeitona, salsa, c/ óleo, cebola e alho, s/ sal),",Vegetais e derivados,311,4.50,46.8,10.9,3.95
C0055F,"Carne, boi, alcatra, crua (média de amostras frescas, resfriada, congelada), Bos taurus,",Carnes e derivados,134,23.5,0.01,4.47,0.00
C0403A,"Trigo, grão, cru, Triticum spp.,",Cereais e derivados,337,10.7,62.7,1.99,12.7
C0045N,"Bebida, chá, lata/garrafa, limão, light, Lipton,",Alimentos para fins especiais,1,0.00,0.28,0.00,0.00
C0076N,"Lasanha, pronta, industrializada, light,",Alimentos para fins especiais,99,6.81,12.2,2.23,1.30
C0010U,"Coquetel de frutas secas, s/ casca, s/ sal, (uva passa, avelã, castanha do Brasil, amendoim torrado), Oetker,",Sementes e Oleaginosas,538,19.6,44.6,31.2,1.00
C0094G,"Mousse de peixe, (pescada cozida, gelatina s/ sabor, maionese, mostarda, creme de leite, salsa, c/ caldo de vegetais, c/ pimenta-do-reino, c/ sal),",Leite e derivados,174,11.8,4.16,12.2,0.12
C0022A,"Aveia, farinha, crua, Avena sativa,Mac Bits,",Cereais e derivados,370,14.9,56.7,7.00,10.3
C0461E,"Peixe, água salgada, sardinha, filé, frito (c/ óleo de soja), s/ sal, Sardinella brasiliensis,",Pescados e Frutos do mar,173,19.3,0.00,10.7,0.00
C0259E,"Camarão, Pitu, in natura, Macrobrachium wiegman,",Pescados e Frutos do mar,108,23.6,0.00,1.58,
C0322B,"Purê, batata, inglesa, s/ sal, (batata, leite, margarina, s/ sal), Solanum tuberosum L.,",Vegetais e derivados,68,1.67,10.4,1.97,1.27
C0043J,"Tortilha, s/ sal, (ovos mexidos, batata frita, salsa, cebolinha, pimenta-do-reino, c/ óleo, cebola e alho, s/ sal),",Ovos e derivados,216,6.93,15.6,13.3,3.34
C0091A,"Cereais, farinha, Neston,",Cereais e derivados,364,12.9,70.3,2.08,6.25
C0197N,"Papa de carne bovina moída (acém), macarrão e brócolis, c/ caldo de frango, c/ cebola e azeite de oliva, s/ sal,",Alimentos para fins especiais,126,11.8,4.86,6.37,0.93
C0938B,"Charuto de repolho, c/ peito de frango, c/ molho de tomate, s/ sal, (repolho branco, recheado com arroz e peito de frango refogado, c/ molho de tomate  (tomate, c/ óleo, cebolha e alho), s/ sal),",Vegetais e derivados,85,7.43,7.65,2.39,1.30
C0164C,"Suco, tangerina, c/ açúcar,",Frutas e derivados,45,0.20,11.1,,0.00
C0282F,"Carne, boi, quarto traseiro, s/ gordura, grelhada, s/ óleo, c/ sal,",Carnes e derivados,223,31.9,0.49,10.3,0.00
C1049B,"Purê, batata inglesa, abóbora (jerimum), c/ manteiga, leite, s/ sal,",Vegetais e derivados,75,1.40,5.86,4.71,1.65
C0895F,"Dobradinha, c/ feijão branco, bucho bovino, batata, cenoura, tomate, pimentão, cebolinha e salsinha, c/ óleo, cebola e alho, s/ sal,",Carnes e derivados,74,6.41,6.17,2.23,1.84
C1060A,"Sanduíche, hambúrguer frango grelhado (c/ pão hambúrguer), c/ queijo muçarelca, alface, tomate e maionese,",Cereais e derivados,240,10.6,22.0,11.9,1.19
C1006F,"Carne, rã, coxa e dorso, crua, Rana catesbeiana,",Carnes e derivados,82,18.1,0.00,1.09,0.00
C0043H,"Bebida, café, c/ leite (meio a meio), c/ açúcar,",Bebidas,59,1.72,9.42,1.55,0.00
C0526B,"Salada, pepino, s/ óleo, s/ sal,",Vegetais e derivados,10,0.70,1.20,0.09,1.04
C0012K,"Cocada, branca,",Produtos açucarados,445,1.12,77.8,13.6,3.57
C0199A,"Pizza, massa, assada, (farinha de trigo, óleo, fermento biológico, sal e açúcar),",Cereais e derivados,326,9.37,60.6,4.72,1.99
C0149B,"Almeirão, refogado (c/ óleo, cebola e alho), c/ sal,",Vegetais e derivados,86,1.68,1.08,7.20,5.07
C0098G,"Bebida, leite desnatado, c/ chocolate em pó (10%), c/ açúcar,",Bebidas,73,3.32,13.5,0.65,0.00
C0908F,"Carne, frango, pé, cozido, c/ óleo de soja, cebola e alho, c/ sal, Gallus gallus,",Carnes e derivados,212,18.6,0.75,15.0,0.12
C0913F,"Carne, porco, pé, cozido, s/ óleo, c/ sal,",Carnes e derivados,231,21.8,0.00,16.0,0.00
C0083H,"Bebida, café - infusão 6% - suave, c/ leite desnatado (meio a meio),  s/ açúcar,",Bebidas,22,1.69,3.48,0.20,0.00
C0287N,"Papa de peixe (pescada branca) e cará, c/ caldo de frango, c/ cebola e azeite de oliva, s/ sal,",Alimentos para fins especiais,99,8.72,5.82,4.29,1.01
C0297F,"Carne, boi, contra-filé, grelhado/frito, c/ óleo e cebola, s/ sal,",Carnes e derivados,317,26.9,0.44,23.1,0.12
C0096H,"Bebida, café descafeinado - infusão 6% - suave, c/ leite (meio a meio), ""média"", c/ açúcar,",Bebidas,60,1.53,3.14,1.71,0.26
C0793F,"Carne, peru, coxa, s/ pele, cozida, drenada, s/ óleo, c/ sal, Meleagris gallopavo,",Carnes e derivados,189,23.5,0.00,10.6,0.00
C0203E,"Peixe, água salgada, salmão, filé, s/ pele, cozido, c/ molho branco (farinha de trigo, manteiga e leite), c/ sal, Salmo salar L.,",Pescados e Frutos do mar,200,19.6,4.01,11.7,0.05
C0063E,"Peixe, água salgada, merluza, filé, cru, Merlucius hubbsi,",Pescados e Frutos do mar,83,16.2,0.02,2.02,0.00
C0029L,"Mostarda, molho,",Miscelâneas,60,3.74,1.83,3.34,4.00
C0515B,"Salada, cenoura cozida, cebola, s/ óleo, s/ sal,",Vegetais e derivados,24,0.89,3.57,0.18,2.14
C0109A,"Lasanha, massa fresca, c/ ovos, industrializada, cozida,",Cereais e derivados,160,5.81,30.9,1.16,1.64
C0019E,"Peixe, água doce, corvina de água doce, cru, Plagioscions squamossissimus,",Pescados e Frutos do mar,96,18.1,0.03,2.64,
C0439E,"Peixe, água salgada, salmão, filé, s/ pele, à milanesa (farinha de rosca e ovo), frito (c/ óleo de soja), s/ sal, Salmo salar L.,",Pescados e Frutos do mar,362,24.7,16.1,21.9,0.96
C0787A,"Milho verde e ervilha, grão, enlatado, drenado,",Cereais e derivados,100,4.28,15.7,1.22,4.75
C0043R,"Mousse, maracujá, mistura p/, Oetker,",Alimentos industrializados,445,9.00,74.5,12.1,1.20
C0019F,"Carne, boi, quarto traseiro, s/ gordura, cozida, s/ óleo, s/ sal, Bos taurus,",Carnes e derivados,201,30.1,0.00,9.02,0.00
C0917A,"Pão de mel, c/ recheio de brigadeiro, c/ cobertura, (farinha de trigo, ovo, açúcar, canela em pó, cacau em pó, leite, amido de milho, manteiga, brigadeiro e chocolate ao leite),",Cereais e derivados,361,5.52,46.4,16.8,1.05
C0251F,"Frango, asa, c/ pele, crua, Gallus gallus,",Carnes e derivados,208,18.1,0.00,15.1,0.00
C0144T,"Bebida, substituto do leite - extrato de soja, natural, c/ cacau em pó, c/ açúcar,",Bebidas,95,4.27,11.4,2.72,3.85
C0885B,"Batata, doce, s/ casca, assada, salsa, s/ óleo, c/ pimenta-do-reino, s/ sal,",Vegetais e derivados,144,2.22,31.2,0.29,3.94
C0053R,"Pudim, brigadeirão, c/ chocolate granulado, mistura p/, Ducoco,",Alimentos industrializados,397,11.0,75.8,4.81,3.18
C0095K,"Flan, leite, caseiro, (leite, água, ovo e açúcar),",Produtos açucarados,161,5.31,24.1,4.80,0.00
C0236E,"Peixe, água salgada, pescada, branca, assado/grelhado, c/ batata e vegetais - cebola, cenoura, abobrinha, tomate, c/ óleo de soja, c/ sal,",Pescados e Frutos do mar,128,14.6,2.29,6.54,0.55
C1062A,"Pão, Alemão, caseiro, (farinha de trigo, leite, ovo, açúcar, sal, óleo de soja e fermento biológico),",Cereais e derivados,357,9.72,56.4,9.90,1.81
C0613B,"Salada, alface americana, tomate, palmito, azeitona preta, c/ molho de salada - salsa, suco de limão, azeite de oliva, c/ sal,",Vegetais e derivados,79,1.30,2.40,6.81,2.34
C0048C,"Manga, Tommy Atkins, polpa, in natura, Mangifera indica L.,",Frutas e derivados,52,0.86,10.7,0.22,2.07
C0532A,"Arroz com linguiça, c/ arroz integral, c/ sal, (arroz integral, c/ linguiça, tomate, c/ óleo, cebola e alho, c/ sal),",Cereais e derivados,153,6.50,13.8,7.56,1.80
C0168B,"Berinjela, c/ casca, à milanesa (farinha de trigo, ovo e farinha de rosca), frita em imersão, c/ sal,  L.,",Vegetais e derivados,133,3.87,9.92,7.82,3.95
C0226A,"Bolo, fubá, caseiro, (farinha de trigo, ovo, leite, óleo de soja, fubá, açúcar e fermento químico),",Cereais e derivados,366,6.58,49.6,15.4,1.15
C0525B,"Salada, pepino, c/ molho de salada - salsa, vinagre de maçã, azeite de oliva, c/ sal,",Vegetais e derivados,42,0.76,1.45,3.41,1.03
C0284E,"Ceviche de frutos do mar, c/ salmão, cru, e frutos do mar cozidos, s/ sal, (peixe, água salgada, salmão, cru, frutos do mar cozidos - camarão, lula, polvo e vieira, c/ cebola, suco de limão, pepino, tomate, pimenta jalapeño, coentro, salsa, c/ azeite de oliva, c/ pimenta do reino, s/ sal),",Pescados e Frutos do mar,133,14.4,2.53,7.19,0.46
C0293A,"Sanduíche, hambúrguer bovino grelhado (c/ pão hambúrguer), c/ alface, tomate e ovo frito,",Cereais e derivados,215,10.8,21.5,9.29,1.19
C0930A,"Arroz com alho poró, c/ arroz polido, s/ sal, (arroz polido, alho poró, c/ óleo de soja, s/ sal),",Cereais e derivados,124,1.97,23.1,2.35,1.13
C0035C,"Uva, Rubi, in natura, Vitis vinifera L. Rubi,",Frutas e derivados,50,0.54,11.2,0.17,0.89
C0070E,"Peixe, água salgada, sardinha, filé, crua,",Pescados e Frutos do mar,139,18.8,0.04,7.12,0.00
C0293N,"Papa de carne bovina (músculo), feijão preto, batata, abóbora (jerimum) e cenoura, c/ caldo de frango, c/ cebola e óleo de soja, s/ sal,",Alimentos para fins especiais,98,10.6,3.39,4.20,2.13
C1010F,"Carne, quelônio, Tracajá, assada, s/ óleo, s/ sal, Podocnemis unifilis,",Carnes e derivados,226,27.4,0.00,2.27,0.00
C0981B,"Salada, pimentão verde, amarelo, vermelho, cebola, c/ molho vinagrete (tomate, cebola, salsa, vinagre, azeite de oliva), c/ sal,",Vegetais e derivados,34,1.05,4.15,1.05,1.61
C0281E,"Ceviche de frutos do mar, c/ pescada, crua, e frutos do mar cozidos, s/ sal, (peixe, água salgada, pescada, cru, frutos do mar cozidos - camarão, lula, polvo e vieira, c/ cebola, suco de limão, pepino, tomate, pimenta jalapeño, coentro, salsa, c/ azeite de oliva, c/ pimenta do reino, s/ sal),",Pescados e Frutos do mar,101,13.1,2.12,4.33,0.46
C0063N,"Doce de amendoim, diet,",Alimentos para fins especiais,635,24.8,6.43,54.9,7.80
C0268C,"Banana, madura, casca, crua, Musa sp.,",Frutas e derivados,28,1.07,1.96,0.61,5.15
C0143F,"Carne, ovino, ovelha, lombo, crua, Ovis aries,",Carnes e derivados,145,19.4,0.00,7.50,0.00
C0669B,"Salada, agrião, cru, c/ azeite de oliva, c/ sal,",Vegetais e derivados,148,2.71,0.51,14.6,1.69
C0237A,"Macarrão, trigo, integral, c/ molho branco (leite, manteiga e farinha de trigo), c/ sal,",Cereais e derivados,136,4.99,21.4,2.78,2.85
C1023F,"Carne, frango, miúdos, coração à milanesa, s/ sal, (carne, frango, miúdos, coração, farinha de trigo, farinha de rosca, ovo, frito (c/ óleo de soja), s/ sal), Gallus gallus domesticus,",Carnes e derivados,338,15.4,14.0,24.3,0.71
C0820B,"Creme, abóbora, cabotian (japonesa), c/ carne bovina, c/ sal, (abóbora, cabotian (japonesa), carne bovina (músculo), salsa, c/ caldo de carne, c/ molho branco (farinha de trigo, manteiga e leite), c/ óleo, cebola e alho, c/ sal),",Vegetais e derivados,86,6.41,5.55,4.05,0.96
C0090K,"Cacau, em pó, s/ açúcar, Theobroma cacao,",Produtos açucarados,359,19.6,20.9,13.7,37.0
C0545B,"Salada, pimentão verde, amarelo e vermelho crus, cebola, c/ azeite de oliva, c/ sal,",Vegetais e derivados,56,1.11,3.87,3.65,1.65
C0519F,"Carne, ovino, ovelha, perna, cozida, c/ batata, cenoura, chuchu, abobrinha, ervilha em vagem, c/ óleo, cebola e alho, c/ alecrim, c/ pimenta do reino, c/ sal,",Carnes e derivados,135,17.6,2.22,5.98,1.09
C0088C,"Tucumã, in natura, Astrocaryum vulgare,",Frutas e derivados,261,2.09,13.8,19.1,12.7
C0358A,"Sanduíche, pão francês, c/ peito de peru defumado e queijo prato,",Cereais e derivados,264,16.4,27.7,9.53,1.19
C0231A,"Macarrão, trigo, integral, ao alho e óleo, c/ sal,",Cereais e derivados,177,4.79,22.1,6.94,3.37
C0536B,"Salada, pimentão verde, cru, c/ molho de salada - salsa, suco de limão, azeite de oliva, c/ sal,",Vegetais e derivados,51,0.98,3.01,3.58,1.57
C0080E,"Peixe, água salgada, tainha, filé, cru, Mugil cephalus,",Pescados e Frutos do mar,150,25.2,0.00,5.50,0.00
C0417B,"Salada, agrião, batata, rabanete, c/ molho vinagrete (tomate, cebola, salsa, vinagre e azeite de oliva), c/ sal,",Vegetais e derivados,46,1.55,6.54,1.22,1.55
C0494F,"Filé de frango à parmegiana, (filé de peito de frango, à milanesa (farinha de trigo, ovo e farinha de rosca, frita em imersão), c/ molho de tomate (tomate, c/ óleo, cebola e alho), muçarela, c/ sal),",Carnes e derivados,292,20.6,11.3,12.9,1.19
C0146G,"Leite, Nan Comfort 2, reconstituído, s/ açúcar,",Leite e derivados,62,1.17,7.41,2.86,0.38
C0375F,"Carne, boi, filé mignon, s/ gordura, grelhada, c/ óleo, cebola e alho, s/ sal,",Carnes e derivados,213,31.3,0.45,9.55,0.12
C0209E,"Peixe, água salgada, sardinha, filé, à milanesa (ovo e farinha de rosca), frito (c/ óleo de soja), c/ sal, Sardinella brasiliensis,",Pescados e Frutos do mar,316,24.8,14.3,17.5,0.96
C0141F,"Carne, ovino, cordeiro, perna, crua, Ovis aries,",Carnes e derivados,107,20.5,1.43,2.16,0.00
C1163A,"Cevada, farinha (média de baixa e alta taxa de extração),",Cereais e derivados,308,12.1,53.5,1.03,18.1
C0055J,"Omelete, carne bovina, s/ sal, (ovo de galinha, carne bovina - acém moído, salsa, cebolinha, c/ óleo, cebola e alho, s/ sal),",Ovos e derivados,177,14.6,2.10,12.2,0.22
C0004J,"Ovo, galinha, clara, cozida/10 min, s/ sal,",Ovos e derivados,57,13.4,0.57,0.09,0.00
C0030R,"Gelatina, uva, em pó, Oetker,",Alimentos industrializados,391,9.30,88.3,0.10,0.00
C1036A,"Macarrão, trigo, c/ atum fresco, salsa, c/ azeite de oliva, c/ sal,",Cereais e derivados,159,10.5,18.3,4.68,0.66
C0011C,"Banana, prata, in natura, Musa spp.,",Frutas e derivados,107,1.11,24.0,0.28,1.95
C0001N,"Chocolate, ao leite, dietético,",Alimentos para fins especiais,557,6.90,56.3,33.8,2.85
C0252A,"Sanduíche, cheese salad, hambúrguer bovino grelhado (c/ pão hambúrguer), c/ queijo prato, alface, tomate e maionese,",Cereais e derivados,231,11.6,23.4,9.74,1.31
C0219E,"Peixe, água salgada, filé/posta, à milanesa (ovo e farinha de rosca), frito (c/ óleo de soja), c/ sal (média de várias espécies),",Pescados e Frutos do mar,283,23.3,14.7,14.4,0.96
C0042J,"Tortilha, c/ sal, (ovos mexidos, batata frita, salsa, cebolinha, pimenta-do-reino, c/ óleo de soja e cebola, c/ sal),",Ovos e derivados,216,6.91,15.6,13.2,3.33
C0123T,"Sopa/creme, ervilha, c/ molho branco, c/ sal, (ervilha, c/ caldo de vegetais, toucinho defumado (bacon), c/ molho branco (leite, manteiga e farinha de trigo), c/ óleo e cebola, c/ sal),",Leguminosas e derivados,120,5.19,9.97,6.16,1.84
C0112A,"Lasanha, bolonhesa, congelada, Sadia,",Cereais e derivados,138,5.80,12.3,7.00,1.50
C0932A,"Arroz com espinafre, c/ arroz polido, c/ sal (arroz polido, espinafre, c/ óleo de soja, c/ sal),",Cereais e derivados,121,2.20,22.0,2.36,1.33
C0092F,"Carne, cabrito, mamão, crua (média de diferentes amostras), Capra hirbus,",Carnes e derivados,84,17.5,0.86,1.16,0.00
C0338B,"Salada, cenoura, crua, c/ molho vinagrete (tomate, cebola, salsinha, vinagre e óleo), s/ sal, Daucus carota L.,",Vegetais e derivados,52,1.05,4.60,2.69,2.39
C0002L,"Caldo, carne/galinha, tablete (média de diferentes tipos),",Miscelâneas,250,8.30,19.0,15.4,1.00
C0942B,"Charuto de repolho, c/ carne suína refogada, c/ molho de tomate, s/ sal, (repolho branco, recheado com arroz e carne suína refogado, c/ molho de tomate (tomate, c/ óleo, cebola e alho), s/ sal),",Vegetais e derivados,110,7.88,7.69,4.96,1.28
C0495B,"Salada, beterraba cozida, cebola, c/ óleo de soja, c/ sal,",Vegetais e derivados,88,1.28,4.73,6.74,1.90
C1038F,"Carne, peru, coxa, a milanesa, c/ sal, (carne, peru, coxa, farinha de trigo, farinha de rosca, ovo, frito (c/ óleo de soja), c/ sal), Meleagris gallopavo,",Carnes e derivados,280,19.7,14.0,16.0,0.71
C0218E,"Peixe, água salgada, filé/posta, ensopado (c/ cebola, tomate e pimentão), c/ óleo, c/ sal (média de várias espécies),",Pescados e Frutos do mar,152,19.4,0.98,7.78,0.51
C0049D,"Azeite, oliva, assado, Olea europaea L.,",Gorduras e óleos,900,0.00,0.00,100.0,0.00
C0053H,"Bebida, chá, erva-doce, infusão 5%, c/ açúcar, Pimpinela anisum,",Bebidas,25,0.02,6.27,0.00,0.00
C0445E,"Peixe, água salgada, corvina do mar, frito (c/ óleo de soja), s/ sal, Micropogonias furnieri,",Pescados e Frutos do mar,132,18.3,0.00,6.58,0.00
C0034B,"Salsa, crua, Petroselium spp.,",Vegetais e derivados,47,3.91,5.23,0.56,2.90
C0989F,"Linguiça, frango/porco, fresca, grelhada/assada, c/ óleo de soja, s/ sal,",Carnes e derivados,267,19.9,0.70,23.3,0.00
C0456N,"Papa de carne bovina moída (acém), cará e brócolis, c/ caldo de carne, c/ cebola e óleo de soja, s/ sal,",Alimentos para fins especiais,115,10.7,3.99,6.00,1.26
C0246B,"Caruru, cozido, drenado, s/ óleo, c/ sal, Amaranthus deflexus L.,",Vegetais e derivados,34,3.25,1.53,0.59,4.54
C0091C,"Salada de frutas , (melão, mamão e pêssego em calda),",Frutas e derivados,45,0.63,9.75,0.13,1.35
C0042A,"Biscoito, doce, chocolate, c/ 5 cereais, Gran´dia,",Cereais e derivados,451,8.10,70.1,14.4,4.20
C0127E,"Peixe, água salgada, abadejo, filé, cozido, c/ molho branco (farinha de trigo, manteiga e leite), c/ sal, Genypterus blacodes,",Pescados e Frutos do mar,90,13.7,2.74,2.68,0.05
C0141B,"Batata, inglesa, s/ casca, assada, s/ óleo, c/ sal, Solanum tuberosum L.,",Vegetais e derivados,89,2.52,18.8,0.05,1.63
C0028T,"Feijão, branco, cozido, s/ óleo, s/ sal, Phaseolus vulgaris L.,",Leguminosas e derivados,130,9.73,18.8,0.35,6.30
C0033A,"Biscoito, doce, amanteigado, coco, Bauducco,",Cereais e derivados,459,8.26,69.8,16.1,0.80
C0165N,"Papa de peito de frango, inhame e beterraba, c/ caldo de frango, c/ cebola e óleo de soja, c/ sal,",Alimentos para fins especiais,98,12.1,4.84,3.19,0.83
C0946B,"Sopa, inhame, s/ sal, (inhame, c/ caldo de vegetais, salsa, c/ óleo, cebola e alho, s/ sal),",Vegetais e derivados,56,1.89,8.67,1.35,0.95
C0763F,"Linguiça, frango/porco, fresca, grelhada/assada, s/ óleo, s/ sal,",Carnes e derivados,267,20.7,0.72,20.2,0.00
C0729B,"Molho de tomate, c/ camarão, c/ óleo, cebola e alho, c/ sal,",Vegetais e derivados,79,8.91,2.26,3.44,1.40
C0144B,"Couve, cozida, drenada, s/ óleo, c/ sal, Brassica oleracea var. Acephala,",Vegetais e derivados,25,2.66,1.12,0.51,2.89
C0549F,"Carne, frango, inteiro, ensopado, c/ tomate, pimentão, quiabo, salsa, c/ óleo, cebola e alho, c/ pimenta-do-reino, c/ sal,",Carnes e derivados,115,13.7,1.99,5.57,1.11
C0004D,"Manteiga (média várias amostras, c/ e s/ sal),",Gorduras e óleos,673,0.39,0.52,74.4,0.00
C0085N,"Torta de frutas, diet, (massa brisse light (farinha de trigo, margarina light, gema, leite desnatado, c/ sal), creme de confeiteiro diet (leite desnatado, gema de ovo, adoçante, amido de milho), morango, manga e kiwi),",Alimentos para fins especiais,161,3.47,25.4,4.59,1.36
C0044H,"Bebida, café, c/ leite (meio a meio), s/ açúcar,",Bebidas,37,1.82,3.70,1.65,0.00
C0928B,"Repolho, roxo, cozido, drenado, s/ óleo, c/ sal,",Vegetais e derivados,29,1.51,4.33,0.09,2.59
C0055D,"Óleo, linhaça, Linum usitatissimum,",Gorduras e óleos,899,0.11,0.00,99.8,0.00
C0558B,"Salada, tomate, c/ óleo de soja, c/ sal,",Vegetais e derivados,98,0.94,2.01,9.21,1.45
C0457F,"Carne, boi, peito, s/ gordura, grelhada, c/ molho de tomate (tomate, c/ óleo, cebola e alho), c/ sal,",Carnes e derivados,277,17.9,0.81,22.3,0.50
C0217B,"Repolho, branco, cozido, drenado, c/ óleo de soja, s/ sal, Brassica oleracea L. var. capitata,",Vegetais e derivados,44,1.50,2.70,2.72,1.25
C0151E,"Peixe, água salgada, corvina do mar, cozido, c/ molho branco (farinha de trigo, manteiga e leite), c/ sal, Micropogonias furnieri,",Pescados e Frutos do mar,121,18.7,2.81,3.85,0.05
C0119G,"Mingau, c/ tapioca, c/ açúcar, (tapioca, leite integral, manteiga, canela e açúcar),",Leite e derivados,177,2.10,31.6,4.69,0.08
C0313A,"Sanduíche, pão francês, c/ mortadela, queijo prato, rúcula e tomate,",Cereais e derivados,234,11.7,22.1,10.8,1.17
C0025J,"Omelete, c/ ovo de galinha, c/ queijo parmesão, s/ sal, (ovo de galinha inteiro, queijo parmesão, c/ óleo de soja, s/ sal),",Ovos e derivados,262,15.6,0.44,22.0,0.00
C0457A,"Arroz, c/ mandioca (aipim, macaxeira) cozida, c/ sal, (arroz polido cozido (c/ óleo, cebola e alho), mandioca (aipim, macaxeira cozida), c/ sal),",Cereais e derivados,129,1.52,27.9,0.91,1.52
C0949F,"Ossobuco (chambari), c/ mandioca (aipim, macaxeira), s/ sal, (ossobuco bovino, mandioca (aipim, macaxeira), tomate, pimentão, salsinha, cebolinha, c/ óleo, cebola e alho, s/ sal),",Carnes e derivados,146,11.5,14.5,4.38,1.13
C0348A,"Sanduíche, pão forma tradicional, c/ peito de peru defumado, queijo muçarela, c/ margarina,",Cereais e derivados,271,14.8,21.4,13.7,1.12
C0351F,"Carne, boi, contra-filé, s/ gordura, grelhada, c/ molho de tomate (tomate, c/ óleo, cebola e alho), c/ sal,",Carnes e derivados,165,29.0,1.47,4.62,0.50
C0552B,"Salada, repolho, branco, cru, c/ óleo de soja, c/ sal,",Vegetais e derivados,99,1.02,2.26,9.19,1.74
C0685B,"Batata, inglesa, cozida, c/ muçarela, c/ molho branco (farinha de trigo, manteiga e leite), c/ sal, Solanum tuberosum L.,",Vegetais e derivados,128,6.49,9.80,6.77,0.98
C0256T,"Lentilha, cozida, drenada, s/ óleo, c/ sal, Lens culinaris,",Leguminosas e derivados,98,7.26,13.1,0.46,6.41
C0726A,"Arroz com pequi, c/ arroz polido, c/ sal, (arroz polido, pequi, salsa, c/ óleo, cebola e alho, c/ pimenta-do-reino, c/ sal),",Cereais e derivados,193,2.40,20.8,10.4,3.54
C0528F,"Presunto cru, carne porco salgada,  cru, tipo Parma,",Carnes e derivados,268,25.5,0.00,18.4,0.00
C0934F,"Carne, porco, lombo, grelhada/assada, c/ manteiga, c/ molho de abacaxi e mel, c/ pimenta-do-reino, c/ sal,",Carnes e derivados,206,26.9,3.94,9.12,0.13
C0401N,"Papa de batata, cenoura e carne bovina moída (patinho), c/ caldo de frango, c/ cebola e óleo de soja, s/ sal,",Alimentos para fins especiais,109,13.3,3.04,4.64,0.83
C0265A,"Sanduíche, misto quente, pão francês, c/ presunto, queijo muçarela, c/ manteiga,",Cereais e derivados,276,14.2,19.1,15.4,2.20
C0209T,"Feijão, branco, cozido, c/ azeite de oliva, s/ sal, Phaseolus vulgaris L.,",Leguminosas e derivados,153,9.44,18.3,3.34,6.11
C0112K,"Strudel, maçã,",Produtos açucarados,274,3.30,39.0,11.2,2.20
C0104C,"Banana, da terra, frita, c/ manteiga, Musa acuminata Colla x Musa balbisiana Colla,",Frutas e derivados,236,1.74,38.2,8.03,1.82
C1092A,"Macarrão, trigo, c/ carne bovina músculo, gratinado, c/ molho branco (manteiga, farinha de trigo e leite) e queijo parmesão, salsa, pimenta-do-reino, c/ sal,",Cereais e derivados,155,8.18,17.9,5.40,0.80
C0121T,"Lentilha, cozida, c/ linguiça calabresa, c/ óleo, cebola e alho, c/ sal,",Leguminosas e derivados,136,9.18,10.7,5.21,5.00
C0829A,"Bolo, abacaxi, caseiro, (farinha de trigo, ovo, leite, manteiga, açúcar, abacaxi e fermento em pó),",Cereais e derivados,392,6.25,51.6,17.7,0.83
C0399N,"Papa de carne bovina moída (patinho), fubá e couve, c/ caldo de carne, c/ cebola, s/ óleo, s/ sal,",Alimentos para fins especiais,112,13.9,7.06,2.88,0.95
C0115F,"Carne, frango, sobrecoxa, c/ pele, assada, s/ óleo, s/ sal, Gallus gallus,",Carnes e derivados,251,28.7,0.00,15.2,0.00
C0675B,"Salada, beterraba crua, c/ óleo de soja, c/ sal,",Vegetais e derivados,141,1.72,6.86,11.2,2.99
C0286A,"Sanduíche,  queijo quente, pão forma integral, c/ queijo prato,",Cereais e derivados,292,16.6,24.1,13.7,2.94
C0368A,"Sanduíche, peito de frango grelhado, s/ óleo, c/ sal (c/ pão de hambúrguer),",Cereais e derivados,226,19.8,28.8,3.22,1.53
C0247A,"Sanduíche, hambúrguer bovino grelhado (c/ pão hambúrguer), c/ queijo prato, cebola e pepino,",Cereais e derivados,216,10.8,21.8,9.16,1.55
C0103F,"Carne, frango/galinha, peito, s/ pele, filé, empanado, cru, s/ sal (média de diferentes amostras), Gallus gallus,",Carnes e derivados,104,7.91,14.9,1.47,
C0727A,"Arroz com pequi, c/ arroz polido, s/ sal, (arroz polido, pequi, salsa, c/ óleo, cebola e alho, c/ pimenta-do-reino, s/ sal),",Cereais e derivados,173,2.42,20.9,10.4,3.55
C0525N,"Papa de carne bovina moída (patinho), macarrão e brócolis, c/ caldo de carne, c/ cebola, s/ óleo, s/ sal,",Alimentos para fins especiais,112,15.5,5.01,3.12,0.94
C0049K,"Chocolate, ao leite, Nestlè Classic,",Produtos açucarados,535,7.22,57.4,30.3,2.17
C1006A,"Bolo, limão, c/ recheio e cobertura, limão, caseiro, (bolo - farinha de trigo, ovo, leite, manteiga, açúcar e fermento químico e recheio - leite condesando, suco de limão e raspas de limão),",Cereais e derivados,288,6.58,48.1,7.55,0.71
C0062R,"Sagu, maracujá, mistura p/, Ducoco,",Alimentos industrializados,384,0.28,95.7,0.00,
C0614N,"Papa de carne bovina moída (acém), arroz branco e brócolis, c/ caldo de carne, c/ cebola, c/ azeite de oliva, s/ sal,",Alimentos para fins especiais,311,10.1,6.30,27.0,0.99
C0720A,"Arroz com jambu, c/ arroz integral, c/ sal, (arroz integral, jambu, c/ óleo, cebola e alho, c/ sal),",Cereais e derivados,108,2.61,16.8,2.78,2.54
C0151H,"Vinho quente, (vinho tinto, água, cravo, canela, maçã, c/ açúcar),",Bebidas,94,0.11,12.4,0.05,0.27
C0817A,"Prato de comida brasileiro (região Norte), (90 g de arroz, polido, cozido + 140 g de feijão, preto, cozido (50% grão e 50% caldo) + 35 g de carne, boi, quarto traseiro, s/ gordura + 32g de farinha de mandioca, crua - c/ óleo, cebola e alho, c/ sal),",Cereais e derivados,144,6.52,20.0,3.09,4.84
C0638N,"Papa de feijão preto, batata doce, abóbora cabotian (japonesa) e cenoura, c/ caldo de carne, c/ cebola e azeite de oliva, s/ sal,",Alimentos para fins especiais,66,2.55,6.05,2.40,5.20
C0252B,"Maxixe, c/ casca, refogado (c/ óleo, cebola e alho), c/ sal, Cucumis anguria,",Vegetais e derivados,37,2.44,1.92,1.32,3.74
C0363A,"Sanduíche, cachorro quente, (c/ pão para hot dog e salsicha de frango), c/ catchup, mostarda, c/ maionese,",Cereais e derivados,198,7.28,22.3,8.66,1.77
C0833B,"Tomilho, in natura, Thymus vulgaris,",Vegetais e derivados,107,5.56,10.5,1.68,14.0
C0488E,"Peixe, água doce, Tilápia, filé s/ pele, grelhado, c/ óleo de soja, s/ sal,",Pescados e frutos do mar,114,18.0,0.00,4.67,0.00
C0281F,"Carne, boi, quarto traseiro, s/ gordura, grelhada, c/ óleo, s/ sal,",Carnes e derivados,257,30.5,0.46,14.9,0.00
C0723A,"Arroz com frango e pequi, c/ arroz polido, s/ sal, (arroz polido, frango, pequi, salsa, c/ óleo, cebola e alho, c/ pimenta-do-reino, s/ sal),",Cereais e derivados,190,11.8,12.2,9.99,2.18
C0139E,"Peixe, água salgada, cação, posta, assado/grelhado, s/ óleo, c/ sal, Carcharhinus spp.,",Pescados e Frutos do mar,97,22.4,0.00,0.87,0.00
C0584F,"Caldeirada de cabrito, c/ sal, (carne de cabrito, tomate, pimentão, alecrim, vinho branco, c/ caldo de vegetais, c/ óleo, cebola e alho, c/ pimenta-do-eino e pimenta vermelha, c/ sal),",Carnes e derivados,93,14.0,1.72,2.83,0.59
C0652B,"Salada, vegetais cozidos, c/ molho de salada, c/ sal, (brócolis, cenoura e couve-flor cozidos, c/ molho de salada - salsa, suco de limão, azeite de oliva, c/ sal),",Vegetais e derivados,51,1.52,1.90,3.63,2.38
C0175K,"Bombom, chocolate ao leite e meio amargo, c/ recheio cremoso de castanha de caju, Serenata de amor, Garoto,",Produtos açucarados,519,4.50,65.8,26.0,1.95
C0717B,"Ratatouille, vegetais assados, c/ sal, (berinjela, abobrinha, tomate, manjericão, c/ molho de tomate (tomate, c/ óleo, cebola e alho), c/ azeite de oliva, c/ sal),",Vegetais e derivados,76,1.29,3.06,6.04,2.03
C0217K,"Pavê de bombom , (leite condensado, creme de leite, leite, ovo, amido de milho, bombom, chocolate em pó, c/ açúcar),",Produtos açucarados,276,3.93,39.1,11.4,0.69
C0655A,"Suflê, bacalhau, c/ molho branco, c/ sal, (bacalhau dessalgado, ovo de galinha, farinha de rosa, salsa, c/ molho branco (farinha de trigo, manteiga e leite), c/ óleo, cebola e alho, c/ sal),",Cereais e derivados,154,12.6,7.86,7.94,0.26
C1006B,"Creme de espinafre, s/ sal, (espinafre, creme de leite, queijo parmesão, cebola e alho, c/ molho branco (farinha de trigo, manteiga e leite), s/ sal),",Vegetais e derivados,155,5.77,6.27,11.7,0.95
C0056C,"Figo, in natura, Ficus carica L.,",Frutas e derivados,43,0.97,8.45,0.16,1.79
C0883B,"Batata, doce, s/ casca, assada, salsa, c/ azeite de oliva, c/ pimenta-do-reino, s/ sal,",Vegetais e derivados,182,2.11,29.6,5.28,3.74
C0336A,"Sanduíche, pão forma tradicional, c/ peito de peru defumado, queijo minas, c/ margarina,",Cereais e derivados,250,12.8,21.7,12.2,1.12
C0277A,"Sanduíche, queijo quente, pão forma integral, c/ queijo muçarela,",Cereais e derivados,281,16.5,24.8,12.3,2.94
C0926B,"Flor de abóbora, cozida, drenada, s/ óleo, c/ sal,",Vegetais e derivados,16,1.09,2.39,0.08,0.90
C0006G,"Cream cheese (média de diferentes sabores),",Leite e derivados,232,6.00,1.97,22.3,0.00
C0544N,"Papa de carne bovina (músculo), feijão preto, batata, abóbora (jerimum) e cenoura, c/ caldo de carne, c/ cebola e óleo de soja, c/ sal,",Alimentos para fins especiais,98,10.6,3.37,4.23,2.13
C0501F,"Sopa, peito de frango, c/ macarrão, c/ vegetais, c/ sal, (peito de frango, c/ macarrão, c/ cenoura, chuchu e abóbora, c/ caldo de frango, c/ óleo, cebola e alho, c/ sal),",Carnes e derivados,65,7.52,4.71,1.58,0.87
C0096G,"Bebida, leite desnatado, c/ chocolate em pó (10%), s/ açúcar,",Bebidas,75,3.50,13.8,0.67,0.00
C0359E,"Molusco, lula, cozido, frito, c/ sal, Order Teuthoidea,",Pescados e Frutos do mar,172,17.9,8.41,7.45,0.00
C0392B,"Salada, folhas, c/ óleo de soja, c/ sal, (alface lisa, alface roxa, rúcula, c/ óleo de soja, c/ sal),",Vegetais e derivados,60,1.60,0.27,5.38,2.13
C0958F,"Sopa, peito de frango, c/ macarrão, c/ vegetais, s/ sal, (peito de frango, c/ macarrão, c/ batata, abóbora (jerimum), espinafre, purê de tomate, c/ caldo de frango, c/ óleo, cebola e alho, s/ sal),",Carnes e derivados,69,7.70,5.69,1.57,0.95
C0207N,"Papa de feijão carioca, ovo e macarrão, c/ caldo de frango, c/ cebola e óleo de soja, c/ sal,",Alimentos para fins especiais,100,5.25,7.14,5.06,2.64
C0366E,"Molusco, mexilhão, cozido, c/ molho de tomate (tomate, c/ óleo, cebola e alho), c/ sal, Anomalocardia brasiliana,",Pescados e Frutos do mar,77,13.0,0.81,2.30,0.50
C0247B,"Maxixe, c/ casca, cozido, drenado, s/ óleo, s/ sal, Cucumis anguria,",Vegetais e derivados,20,2.00,1.14,0.10,3.15
C0069N,"Biscoito, doce, diet,",Alimentos para fins especiais,437,2.90,76.2,12.5,4.20
C0527B,"Salada, pepino, c/ molho vinagrete (tomate, cebola, salsa, vinagre e azeite de oliva), s/ sal,",Vegetais e derivados,36,0.75,2.19,2.48,1.03
C0022B,"Chuchu, s/ casca, cru, Sechium edule,",Vegetais e derivados,18,0.89,2.77,0.05,1.40
C0046K,"Chocolate, ao leite (média de diferentes marcas),",Produtos açucarados,535,7.22,57.4,30.3,2.17
C0859A,"Cuscuz de milho, cozido, c/ leite integral, c/ açúcar,",Cereais e derivados,128,3.05,24.5,1.64,1.31
C0025D,"Óleo, composto (85% soja, 15% oliva),",Gorduras e óleos,900,0.00,0.00,100.0,0.00
C0236B,"Serralha, folha, refogada (c/ óleo, cebola e alho), c/ sal, Sonchus oleraceus L.,",Vegetais e derivados,89,3.30,2.61,2.08,4.27
C0484F,"Pepperoni, carne e porco, fatiado,",Carnes e derivados,498,19.3,1.18,46.3,0.00
C1144B,"Cogumelo, refogado (c/ óleo, cebola e alho), s/ sal (média de diferentes tipos),",Vegetais e derivados,59,2.63,6.71,1.60,3.64
C0036A,"Biscoito, doce, amanteigado, leite, Bauducco,",Cereais e derivados,473,8.67,67.6,18.5,0.42
C1169A,"Massa para crumble, assada, vegano, (farinha de trigo, aveia em flocos, granola, canela em pó, c/ óleo de milho, c/ açúcar mascavo),",Cereais e derivados,406,10.6,61.9,11.6,6.15
C0114H,"Bebida, capuccino tradicional (leite integral, café descafeinado - infusão e canela em pó), s/ açúcar,",Bebidas,50,2.15,4.59,2.37,0.78
C0563B,"Salada, chuchu, cebola, c/ óleo de soja, c/ sal,",Vegetais e derivados,85,0.80,4.36,6.78,1.47
C0632A,"Calzone, frios, c/ molho de tomate, caseiro, c/ sal, (massa com farinha de trigo, c/ muçarela e presunto, c/ molho de tomate (tomate, c/ óleo, cebola e alho), c/ sal),",Cereais e derivados,269,12.5,34.8,8.53,1.29
C0022E,"Peixe, água doce, corimbatá, assado, s/ óleo, s/ sal, Prochilodus spp.,",Pescados e Frutos do mar,255,19.9,0.00,19.6,0.00
C0060R,"Sagu, mistura p/ (médias de diferentes sabores),",Alimentos industrializados,383,0.30,95.4,0.03,
C0921A,"Churros, assado, c/ recheio de brigadeiro, s/ açúcar polvilhado, (farinha de trigo, manteiga, ovo, sal, açúcar, c/ brigadeiro),",Cereais e derivados,305,7.81,44.3,10.5,0.69
C0143C,"Suco natural, maracujá, s/ açúcar,",Frutas e derivados,7,0.19,1.05,0.20,0.11
C0792A,"Arroz, creme, pó, cru, Orysa sativa L.,",Cereais e derivados,366,7.43,81.2,1.09,1.06
C0118C,"Suco natural, melancia e acerola, c/ açúcar,",Frutas e derivados,47,0.49,10.8,0.09,0.37
C1043F,"Carne, peru, peito, ensopado (c/ tomate e pimentão), c/ óleo de soja, cebola e alho, c/ sal, Meleagris gallopavo,",Carnes e derivados,124,24.0,1.01,2.57,0.29
C0050E,"Peixe, água salgada, corvina, assado, s/ óleo, s/ sal, Micropogon furnieri,",Pescados e Frutos do mar,136,26.6,0.01,3.57,0.00
C0106C,"Banana, nanica, à milanesa (farinha de trigo, ovo e farinha de rosca), frita em imersão, s/ açúcar, Musa acuminata Colla x Musa balbisiana Colla,",Frutas e derivados,293,2.97,40.6,12.8,2.03
C0458F,"Carne, boi, peito, s/ gordura, grelhada, c/ óleo, cebola e alho, c/ sal,",Carnes e derivados,323,21.0,0.37,26.4,0.11
C0124E,"Peixe, água salgada, abadejo, filé, ensopado (c/ cebola, tomate e pimentão), c/ óleo, c/ sal, Genypterus blacodes,",Pescados e Frutos do mar,109,14.2,0.46,5.44,0.51
C0002J,"Ovo, codorna, gema, crua, Coturnix coturnix,",Ovos e derivados,291,14.1,6.97,23.0,0.00
C0442E,"Peixe, água salgada, abadejo, filé, frito (c/ óleo de soja), s/ sal, Genypterus blacodes,",Pescados e Frutos do mar,101,13.1,0.00,5.36,0.00
C0992B,"Salada, nabo, cenoura e beterraba crua, c/ molho vinagrete (tomate, cebola, salsa, vinagre, azeite de oliva), s/ sal,",Vegetais e derivados,39,1.28,4.93,0.95,2.57
C0917B,"Cebola, branca, refogada, c/ óleo de soja, c/ sal, Allium cepa L.,",Vegetais e derivados,253,2.00,8.14,23.1,2.32
C0950B,"Escarola, refogada (c/ óleo, cebola e alho), c/ sal,",Vegetais e derivados,33,1.92,1.62,1.55,2.27
C1057B,"Purê, cenoura, c/ manteiga, leite, s/ sal,",Vegetais e derivados,60,0.77,2.40,4.79,1.85
C0020H,"Bebida, chá, infusão, eparema, planta, folha, s/ açúcar, Costus aff. Discolor Roscoe,",Bebidas,1,0.00,0.30,0.00,0.00
C1007B,"Guacamole, c/ sal, (avocado, tomate, cebola, alho, suco de limão, coentro, c/ pimenta-do-reino, c/ azeite de oliva, c/ sal),",Vegetais e derivados,166,1.76,2.63,15.3,5.16
C0165A,"Pastel, frito, caseiro (média de diferentes recheios),",Cereais e derivados,412,9.41,45.0,21.4,0.97
C0253E,"Moqueca de camarão, c/ sal, (camarão, tomate, pimentão, coentro, leite de coco, azeite de dendê, c/ óleo, cebola e alho, c/ sal),",Pescados e Frutos do mar,114,13.1,1.48,4.93,1.37
C0080C,"Jambo, in natura, Eugenia malaccensis L.,",Frutas e derivados,20,0.89,1.42,0.07,5.07
C0230N,"Papa de fígado bovino e batata doce, c/ caldo de frango, c/ cebola e azeite de oliva, c/ sal,",Alimentos para fins especiais,140,12.6,9.11,5.70,1.05
C0232F,"Carne, frango, peito, s/ pele, cozida, drenada, c/ óleo de soja, s/ sal, Gallus gallus,",Carnes e derivados,192,29.9,0.00,8.00,0.00
C0223E,"Bolinho de bacalhau, frito, caseiro, (batata inglesa, bacalhau dessalgado, tomate, ovo de galinha, farinha de trigo, c/ sal, frito (c/ óleo de soja)),",Pescados e Frutos do mar,267,12.6,20.5,14.6,1.30
C0133T,"Sopa, feijão, preto, c/ vegetais, c/ sal, (feijão preto, c/ cenoura, chuchu e batata, c/ caldo de carne, c/ óleo, cebola e alho, c/ sal),",Leguminosas e derivados,48,2.65,4.74,1.07,4.42
C0603B,"Salada, espinafre refogado, tomate, queijo minas, noz, c/ azeite de oliva, c/ sal,",Vegetais e derivados,181,5.83,3.53,15.5,1.99
C0073T,"Ervilha, grão, seca, partida, cozida, drenada, s/ óleo, s/ sal, Pisum sativum L.,",Leguminosas e derivados,118,7.70,18.5,0.50,4.36
C0103T,"Vagem, cozida, drenada, s/ óleo, c/ sal (média de diferentes amostras), Phaseolus vulgaris L.,",Leguminosas e derivados,23,1.60,2.70,0.15,2.34
C0161B,"Repolho, branco, refogado (c/ óleo, cebola e alho), c/ sal, Brassica oleracea L. var. capitata,",Vegetais e derivados,36,1.42,3.42,1.36,2.30
C0691A,"Pizza, doce, banana, c/ leite condensado, caseira, (massa (farinha de trigo, óleo, fermento biológico, sal e açúcar), banana com passas, c/ leite condensado, açúcar e canela),",Cereais e derivados,284,6.84,54.9,3.60,2.17
C0659N,"Papa de carne bovina moída (acém), fubá e espinafre, c/ caldo de carne, c/ cebola e óleo de soja, c/ sal,",Alimentos para fins especiais,128,10.7,7.05,6.11,0.80
C0038C,"Suco, laranja, s/ açúcar, Citrus sinensis,",Frutas e derivados,37,0.69,8.30,0.11,0.17
C0010N,"Gelatina, limão, em pó, diet, Oetker,",Alimentos para fins especiais,369,51.0,40.2,0.50,0.09
C0286F,"Carne, boi, quarto traseiro, s/ gordura, grelhada, c/ molho branco (farinha de trigo, manteiga e leite), c/ sal,",Carnes e derivados,216,26.7,3.55,10.6,0.05
C1054F,"Carne, porco, vísceras, cru (média de diferentes tipos), Sus ssp.,",Carnes e derivados,154,18.3,1.24,8.40,0.00
C0673A,"Polenta, c/ molho à bolonhesa (carne bovina - patinho moído, tomate, cebola, alho, c/ óleo), c/ sal,",Cereais e derivados,96,4.20,14.4,1.71,2.91
C0514B,"Salada, cenoura cozida, cebola, c/ molho de salada - salsa, vinagre de maçã , azeite de oliva, c/ sal,",Vegetais e derivados,56,0.93,3.58,3.74,2.01
C0395A,"Lasanha, bolonhesa, caseira, assada, (massa lasanha fresca, carne bovina moída acém, refogada, queijo muçarela, c/ molho branco, c/molho de tomate, c/ óleo, cebola e alho, c/ sal),",Cereais e derivados,184,11.5,14.5,8.43,1.29
C0072F,"Carne, boi, músculo, s/ gordura, cru, Bos taurus,",Carnes e derivados,137,20.7,0.00,6.06,0.00
C0364N,"Papa de arroz polido, feijão preto e carne bovina moída (acém), c/ caldo de frango, c/ cebola e óleo de soja, s/ sal,",Alimentos para fins especiais,125,10.2,6.95,5.72,2.70
C0125K,"Cobertura de chocolate, para bolo, (cacau em pó, leite, c/ manteiga, c/ açúcar),",Produtos açucarados,348,5.65,55.5,9.42,9.25
C0043D,"Óleo, soja, cozido, Glycine max,",Gorduras e óleos,900,0.00,0.00,100.0,0.00
C0550A,"Arroz com couve, c/ arroz polido, s/ sal, (arroz polido, c/ couve, c/ óleo, cebola e alho, s/ sal),",Cereais e derivados,118,2.51,20.5,2.45,1.75
C0302C,"Maçã, Fuji, assada, c/ açúcar e canela,",Frutas e derivados,131,0.48,28.8,0.58,4.14
C0517A,"Arroz com peixe, c/ arroz polido, s/ sal, (arroz polido, c/ peixe (água salgada, cação), tomate, pimentão amarelo e vermelho, c/ óleo, cebola e alho, s/ sal),",Cereais e derivados,113,6.03,15.2,2.79,1.34
C0394B,"Salada, folhas, c/ molho de salada, c/ sal, (alface lisa, alface roxa, rúcula, c/ molho de salada - salsa, vinagre de maçã, azeite de oliva, c/ sal),",Vegetais e derivados,44,1.65,0.63,3.44,2.13
C1056A,"Sopa, macarrão, c/ vegetais, c/ sal, (macarrão, c/ batata, abobrinha, chuchu, repolho e purê de tomate, c/ caldo de carne, c/ óleo, cebola e alho, c/ sal),",Cereais e derivados,64,1.91,11.4,1.00,1.10
C0102T,"Vagem, cozida, drenada, s/ óleo, s/ sal (média de diferentes amostras), Phaseolus vulgaris L.,",Leguminosas e derivados,23,1.60,2.70,0.15,2.34
C0215A,"Macarrão, trigo, c/ ovos, c/ manteiga, s/ sal,",Cereais e derivados,159,3.45,24.7,4.96,0.76
C0694A,"Cuscuz, camarão, c/ sal, (farinha de milho, camarão, ervilha e palmito em conserva, salsa, cebolinha, azeitona, tomate, ovo cozido, molho de tomate (tomate, c/ óleo, cebola e alho), c/ sal),",Cereais e derivados,102,3.12,13.1,3.69,2.14
C0329A,"Sanduíche, pão forma tradicional, c/ peito de peru defumado, queijo minas, c/ manteiga,",Cereais e derivados,262,12.9,21.8,13.5,1.12
C0485N,"Papa de carne bovina moída (patinho), cenoura e batata baroa (mandioquinha, batata salsa), c/ caldo de frango, c/ cebola e óleo de soja, c/ sal,",Alimentos para fins especiais,114,13.2,4.41,4.67,0.92
C0277F,"Carne, boi, quarto traseiro, c/ gordura, grelhada, c/ manteiga, s/ sal,",Carnes e derivados,337,25.8,0.00,26.0,0.00
C1012B,"Purê, cará, s/ sal, (cará, leite, c/ manteiga, s/ sal),",Vegetais e derivados,111,1.61,14.4,4.72,2.24
C0498A,"Sanduíche, pão francês, c/ filé mignon grelhado e muçarela, c/ sal,",Cereais e derivados,269,21.8,23.0,9.80,1.00
C0081H,"Bebida, café - infusão 8% - média, c/ leite (meio a meio), ""média"", s/ açúcar,",Bebidas,36,1.73,3.63,1.64,0.00
C0010M,"Sanduíche, Double Whopper, c/ queijo, Burguer King,",Fast food,262,14.5,11.9,17.1,1.60
C0241B,"Mostarda, folha, cozida, drenada, s/ óleo, s/ sal, Brassica juncea (L.),",Vegetais e derivados,28,2.22,2.35,0.53,2.29
C0004N,"Gelatina, abacaxi, em pó, diet, Oetker,",Alimentos para fins especiais,367,51.1,39.5,0.50,0.09
C0532E,"Peixe, água doce, Tucunaré, a milanesa, s/ sal, (peixe, água doce, Tucunaré, farinha de trigo, farinha de rosca, ovo, frito (c/ óleo de soja), s/ sal), Cichla ocellaris,",Pescados e frutos do mar,243,22.5,14.6,10.4,0.71
C0262N,"Papa de peito de frango e batata doce, c/ caldo de frango, c/ cebola e óleo de soja, s/ sal,",Alimentos para fins especiais,134,13.7,11.3,3.40,1.46
C0300A,"Sanduíche, pão francês, c/ presunto,",Cereais e derivados,233,11.8,37.8,3.46,1.63
C0027B,"Mandioca (aipim, macaxeira), s/ casca, crua, Manihot esculenta Crantz,",Vegetais e derivados,132,0.98,30.5,0.22,2.09
C0987F,"Carne, bovina, charque (carne seca, carne de sol, jaba), c/ óleo de soja, cebola e alho, c/ sal,",Carnes e derivados,262,34.7,2.76,12.5,0.13
C1113B,"Louro, folha, seco, Laurus nobilis,",Vegetais e derivados,353,7.61,48.7,8.36,26.3
C0614A,"Macarrão, trigo, integral, c/ molho de tomate (tomate, c/ óleo, cebola e alho), c/ peito de frango, queijo parmesão, c/ óleo, cebola e alho, c/ sal,",Cereais e derivados,137,8.66,16.2,3.53,2.91
C1048F,"Carne, porco, lombo, à milanesa, s/ sal, (carne, porco, lombo, farinha de trigo, farinha de rosca, ovo, frito (c/ óleo de soja), s/ sal), Sus ssp.,",Carnes e derivados,337,24.3,14.0,20.3,0.71
C1015A,"Bolo, trigo, c/ recheio, nozes, caseiro, (bolo - farinha de trigo, ovo, leite, manteiga, açúcar e fermento químico, recheio - leite condensado, creme de leite e nozes),",Cereais e derivados,439,7.52,48.7,23.5,1.31
C1024B,"Creme, milho verde, s/ sal, (milho verde, creme de leite, cebola, c/ caldo de vegetais, c/ molho branco (farinha de trigo, manteiga e leite), s/ sal),",Vegetais e derivados,124,3.83,13.3,5.84,1.72
C0558F,"Fricassé de carne moída, c/ sal, (carne moída (patinho), cogumelo paris, creme de leite, conhaque, vinho branco, c/ molho branco (farinha de trigo, manteiga e leite), c/ manteiga, cebola e alho, c/ pimenta-do-reino, c/ sal),",Carnes e derivados,198,17.6,3.31,12.3,0.31
C0508F,"Arrumadinho de frango, s/ sal, (peito de frango refogado, tomate, salsa, creme de milho, c/ óleo, cebola e alho, s/ sal),",Carnes e derivados,153,15.9,8.47,6.00,0.91
C0273N,"Papa de peixe (pescada branca), abóbora (jerimum), batata-doce e couve c/ caldo de frango, c/ cebola e óleo de soja, s/ sal,",Alimentos para fins especiais,93,7.16,6.55,3.92,1.52
C0880F,"Mocotó bovino, c/ feijão branco, tomate, c/ caldo de mocotó, c/ óleo, cebola e alho, c/ sal,",Carnes e derivados,91,6.08,8.35,3.11,2.50
C0907A,"Macarrão, carbonara, s/ sal, (macarrão, trigo integral, cozido, ovo de galinha, c/ toucinho defumado (bacon), c/ queijo parmesão, c/ pimenta-do-reino, s/ sal),",Cereais e derivados,268,13.5,10.6,18.6,1.86
C0258C,"Queijo vegetal, c/ leite de coco, c/ sal, (leite de coco, alho em pó, polvilho, páprica, c/ sal),",Frutas e derivados,204,1.03,15.4,15.1,0.83
C0204T,"Almôndega de soja, assada, s/ sal, (proteína texturarizada de soja (hidratada com caldo de legumes), farinha de rosca, farinha de trigo, ovo, cheiro verde, cebola e alho, pimenta-do-reino, s/ sal),",Leguminosas e derivados,189,22.8,20.5,0.77,4.51
C0146F,"Carne, ovino, ovelha, perna, crua, Ovis aries,",Carnes e derivados,150,20.2,0.00,7.73,0.00
C0401E,"Peixe, água salgada, porquinho, ensopado (c/ cebola, tomate e pimentão), c/ óleo, s/ sal, Prochilodus spp.,",Pescados e Frutos do mar,138,21.1,0.20,5.75,0.51
C0704A,"Cuscuz, marroquino (semolina), c/ camarão, s/ sal, (semolina, camarão, tomate, cheiro verde, pimenta-do-reino, c/ óleo, cebola e alho, s/ sal),",Cereais e derivados,93,7.46,11.5,1.70,1.00
C0311B,"Mandioca (aipim, macaxeira), s/ casca, cozida, c/ molho de tomate (tomate, c/ óleo, cebola e alho), c/ sal, Manihot esculenta Crantz,",Vegetais e derivados,103,0.89,22.7,0.34,2.76
C0315A,"Sanduíche, pão francês, c/ queijo minas, c/ manteiga,",Cereais e derivados,308,12.1,26.1,17.0,1.09
C0291E,"Camarão com legumes, s/ sal, (camarão, cenoura, vagem, couve-flor, tomate, pimentão, salsa, suco de limão, c/ óleo, cebola e alho, c/ pimenta-do-reino, s/ sal),",Pescados e Frutos do mar,63,8.63,2.31,1.89,0.92
C0209C,"Suco natural, melancia, s/ açúcar,",Frutas e derivados,22,0.52,4.80,0.04,0.10
C0170B,"Batata, inglesa, s/ casca, sauté (c/ margarina e salsa), c/ sal, Solanum tuberosum L.,",Vegetais e derivados,67,1.29,12.7,0.90,1.38
C0150N,"Papa de peito de frango, batata e cenoura, c/ caldo de frango, c/ cebola, s/ óleo, c/ sal,",Alimentos para fins especiais,78,13.3,2.71,1.34,0.77
C0074A,"Bolo, chocolate, recheio sabor chocolate, Lanchucco,",Cereais e derivados,418,6.62,55.8,18.8,0.00
C0032D,"Patê (média de diferentes sabores),",Gorduras e óleos,225,8.65,2.79,19.9,0.00
C0173A,"Torrada, pão francês, caseira,",Cereais e derivados,363,10.5,71.2,3.30,3.39
C0208C,"Suco natural, melancia, c/ açúcar,",Frutas e derivados,42,0.54,9.71,0.04,0.10
C0061T,"Acarajé, s/ sal, (feijão fradinho, camarão seco, pimenta malagueta, frito, c/ azeite de dendê, cebola,  s/ sal),",Leguminosas e derivados,271,8.35,9.76,19.9,9.36
C0004L,"Caldo, galinha, tablete, Maggi,",Miscelâneas,259,8.20,18.1,16.4,1.00
C0430B,"Salada, vegetais assados, s/ óleo, s/ sal, (abóbora, abobrinha, batata doce e berinjela grelhados, s/ tempero, s/ sal),",Vegetais e derivados,55,1.70,9.96,0.21,3.21
C0299F,"Carne, boi, contra-filé, grelhado/frito, c/ molho branco (farinha de trigo, manteiga e leite), c/ sal,",Carnes e derivados,294,23.7,3.18,20.8,0.05
C0415A,"Biscoito, doce, champagne, (farinha de trigo, açúcar, ovo, amido de milho (maisena), óleo de soja, sal),",Cereais e derivados,383,7.11,81.8,3.05,0.00
C0535E,"Pescado, água doce, Tucunaré, a milanesa, c/ sal, (peixe, água doce, Tucunaré, farinha de trigo, farinha de rosca, ovo, frito (c/ óleo de soja), c/ sal), Cichla ocellaris,",Pescados e frutos do mar,242,22.4,14.5,10.4,0.71
C0042D,"Óleo, milho, cozido, Zea mays,",Gorduras e óleos,900,0.00,0.00,100.0,0.00
C0304N,"Papa de feijão preto, batata, abóbora (jerimum) e cenoura, c/ caldo de frango, c/ cebola e azeite de oliva, c/ sal,",Alimentos para fins especiais,63,2.84,5.00,2.39,4.84
C0514F,"Rabada bovina com batata e agrião, c/ molho de tomate (tomate, c/ óleo, cebola e alho), pimentão, c/ óleo, cebola e alho, c/ pimenta do reino, c/ sal,",Carnes e derivados,214,11.8,3.70,16.7,1.06
C0867B,"Batata, inglesa, s/ casca, assada, alecrim, s/ óleo, c/ pimenta-do-reino, s/ sal,",Vegetais e derivados,91,2.55,18.9,0.17,1.98
C0230F,"Carne, frango, peito, s/ pele, grelhada, s/ gordura, s/ óleo, c/ sal, Gallus gallus,",Carnes e derivados,149,31.8,0.00,2.46,0.00
C0013U,"Avelã , crua, s/ sal, Corylus avellana,",Sementes e Oleaginosas,673,15.0,8.20,62.4,9.40
C0239F,"Carne, frango, peito, filé, à milanesa (farinha de trigo, ovo e farinha de rosca), frita em imersão (c/ óleo de soja), c/ sal, Gallus gallus,",Carnes e derivados,284,25.5,14.6,13.5,0.95
C0502B,"Salada, cenoura, crua, c/ molho de salada - salsa, suco de limão, azeite de oliva, c/ sal,",Vegetais e derivados,61,1.17,4.61,3.54,2.82
C0229N,"Papa de carne bovina moída (acém), cará e brócolis, c/ caldo de frango, c/ cebola, s/ óleo, s/ sal,",Alimentos para fins especiais,98,10.8,4.17,3.98,1.32
C0084C,"Pinha, in natura, Annona squamosa L.,",Frutas e derivados,92,1.49,19.1,0.32,3.36
C0575N,"Papa de carne bovina moída (patinho), feijão carioca, batata, abóbora (jerimum) e cenoura, c/ caldo de frango, c/ cebola e óleo de soja, s/ sal,",Alimentos para fins especiais,110,12.2,3.96,4.61,1.87
C0277N,"Papa de peixe (pescada branca), abóbora (jerimum), batata-doce e couve c/ caldo de frango, c/ cebola, s/ óleo, s/ sal,",Alimentos para fins especiais,76,7.20,6.59,1.92,1.53
C0700F,"Carne, porco, lombo, empanada (farinha de trigo), frita (c/ óleo de soja), s/ sal, Sus ssp,",Carnes e derivados,341,27.1,7.29,22.6,0.26
C0427N,"Creme de inhame com morango, s/ açúcar,",Alimentos para fins especiais,60,1.56,11.9,0.27,1.64
C0260E,"Camarão, Pitu, frito, s/ sal, Macrobrachium wiegman,",Pescados e Frutos do mar,135,28.8,0.00,2.23,
C0897A,"Arroz doce, c/ leite condensado e canela, (arroz polido cozido, leite integral, leite condensado, c/ canela),",Cereais e derivados,139,3.33,26.1,2.19,0.79
C0052C,"Pera, ´Park´,  c/ casca, in natura, Pyrus communis L.,",Frutas e derivados,61,0.24,13.1,0.23,2.98
C0220K,"Palha italiana, (leite condensado, chocolate em pó, manteiga, biscoito de amido de milho (maisena)),",Açúcares e doces,407,6.77,63.9,13.6,1.02
C0209B,"Almeirão, cozido, drenado, s/ óleo, s/ sal,",Vegetais e derivados,21,1.84,1.11,0.30,3.13
C0251A,"Sanduíche, hambúrguer bovino grelhado (c/ pão hambúrguer), c/ alface, tomate e maionese,",Cereais e derivados,220,8.29,25.7,9.06,1.38
C0107C,"Banana, da terra, assada, s/ adição de ingredientes, Musa acuminata Colla x Musa balbisiana Colla,",Frutas e derivados,165,1.69,37.9,0.28,1.80
C0851F,"Carne, ovino, ovelha, perna, cozida, assada, s/ óleo, c/ sal,",Carnes e derivados,182,28.2,0.00,7.71,0.00
C0600A,"Macarrão, trigo, c/ presunto, ervilha, queijo parmesão, c/ molho branco (farinha de trigo, manteiga e leite), c/ sal,",Cereais e derivados,158,6.17,19.8,5.84,0.95
C0194B,"Salada, chuchu, s/ casca, cozido, c/ molho vinagrete (tomate, cebola, salsinha, vinagre e óleo), c/ sal, Sechium edule,",Vegetais e derivados,45,0.61,4.08,2.64,1.27
C1100A,"Macarrão, trigo, c/ carne bovina músculo, salsa, pimenta-do-reino, c/ manteiga, cebola e alho, c/ sal,",Cereais e derivados,159,8.83,18.8,5.18,0.83
C0704B,"Tomate, maduro, cozido, s/ óleo, c/ sal,",Vegetais e derivados,19,0.95,3.30,0.11,0.70
C0345F,"Carne, boi, contra-filé, s/ gordura, grelhada, c/ molho branco (farinha de trigo, manteiga e leite), s/ sal,",Carnes e derivados,188,29.8,3.89,5.93,0.05
C0966B,"Tomate, maduro, assado, s/ óleo, s/ sal,",Vegetais e derivados,20,1.19,2.55,0.19,1.84
C0854A,"Macarrão, trigo, c/ linguiça calabresa, salsa, cebolinha, c/ molho de tomate (tomate, c/ óleo, cebola e alho), s/ sal,",Cereais e derivados,133,5.20,18.0,4.23,1.13
C0018U,"Amêndoa, torrada, caramelizada,",Sementes e Oleaginosas,560,15.5,32.6,39.0,8.30
C0792B,"Farofa, couve, c/ sal, (farinha de mandioca (aipim, macaxeira), couve, c/ óleo, cebola e alho, c/ sal),",Vegetais e derivados,259,1.77,45.5,6.78,4.68
C0744F,"Carne, frango, asa, c/ pele, frita (c/ óleo de soja), c/ sal, Gallus gallus,",Carnes e derivados,286,21.3,0.00,22.3,0.00
C0370N,"Papa de arroz polido, feijão carioca e carne bovina moída (acém), c/ caldo de frango, c/ cebola e óleo de soja, s/ sal,",Alimentos para fins especiais,131,10.2,7.73,6.05,2.26
C0493N,"Papa de carne bovina moída (patinho), abóbora (jerimum) e chuchu, c/ caldo de frango, c/ cebola e azeite de oliva, s/ sal,",Alimentos para fins especiais,113,14.0,2.75,4.90,0.83
C0037G,"Leite, vaca, c/chocolate, desnatado, Toddynho,",Leite e derivados,46,2.10,7.85,0.60,0.50
C0539B,"Salada, pimentão verde, cru, c/ molho vinagrete (tomate, cebola, salsa, vinagre e azeite de oliva), s/ sal,",Vegetais e derivados,43,0.90,3.32,2.61,1.42
C0212B,"Acelga, cozida, drenada, s/ óleo, c/ sal,",Vegetais e derivados,22,1.47,2.93,0.11,1.14
C0032G,"Leite, vaca, c/ café, em pó,",Leite e derivados,404,15.3,69.1,7.23,0.84
C0218A,"Macarrão, trigo, c/ ovos, c/ molho de tomate (tomate, c/ óleo, cebola e alho), c/ sal,",Cereais e derivados,115,3.19,21.7,1.49,1.23
C0181N,"Papa de carne bovina moída (patinho), fubá e couve, c/ caldo de frango, c/ cebola, s/ óleo, s/ sal,",Alimentos para fins especiais,74,2.11,14.4,0.54,1.56
C0749F,"Carne, frango, asa, c/ pele, cozida, c/ molho de tomate (tomate, c/ óleo, cebola e alho), s/ sal, Gallus gallus,",Carnes e derivados,193,17.2,0.83,13.4,0.51
C0268E,"Casquinha de frutos do mar, c/ sal, (camarão, lula, mexilhão, polvo, tomate, leite de coco, farinha de rosca, queijo parmesão, cebolinha, c/ azeite de dendê, c/ óleo, cebola e alho, c/ pimenta do reino, c/ sal),",Pescados e Frutos do mar,152,13.8,5.55,8.10,0.74
C0295C,"Sorvinha (sorva), in natura, Couma utilis (Mart.),",Frutas e derivados,106,1.20,14.5,2.90,8.40
C0460F,"Carne, boi, picanha, c/ gordura, grelhada, c/ óleo, cebola e alho, s/ sal,",Carnes e derivados,279,25.1,0.41,19.7,0.12
C0919B,"Salada de legumes, cozidos no vapor, (couve-flor, cenoura, brócolis, batata, vagem, c/ sal),",Vegetais e derivados,29,2.00,4.56,0.31,2.51
C0026N,"Pudim, chocolate, mistura p/, diet, Oetker,",Alimentos para fins especiais,367,2.95,85.1,0.97,3.04
C0103C,"Banana, da terra, frita, c/ óleo de soja, Musa acuminata Colla x Musa balbisiana Colla,",Frutas e derivados,247,1.71,38.2,9.29,1.82
C0458B,"Salada, Americana, s/ sal, (batata e cenoura cozidos, maçã, presunto, c/ molho vinagrete (tomate, cebola, salsa, vinagre e azeite de oliva), s/ sal),",Vegetais e derivados,60,2.86,6.64,2.16,1.48
C1028F,"Carne, frango, miúdo, moela, a milanesa, c/ sal, (carne, frango, miúdo, moela, farinha de trigo, farinha de rosca, ovo, frito (c/ óleo de soja), c/ sal), Gallus gallus domesticus,",Carnes e derivados,232,23.2,14.0,9.16,0.71
C1055A,"Sopa, macarrão, c/ vegetais, s/ sal, (macarrão, c/ batata, abobrinha, espinafre, cenoura e purê de tomate, c/ caldo de carne, c/ óleo, cebola e alho, s/ sal),",Cereais e derivados,61,1.97,10.3,1.03,1.22
C0128B,"Charuto de repolho, com arroz polido e carne moída, s/ molho, s/ sal, (repolho branco, carne bovina moída alcatra, arroz polido, cebola, alho, s/ molho, s/ óleo, s/ sal),",Vegetais e derivados,75,6.78,8.67,1.12,1.46
C0020E,"Peixe, água doce, corimba/curimatã, filé, cru, Prochilodus cearensis,",Pescados e Frutos do mar,144,18.0,0.00,8.42,0.00
C0693F,"Carne, porco, costela, refogada (c/ óleo, cebola e alho), s/ sal, Sus ssp,",Carnes e derivados,420,29.3,0.61,33.3,0.14
C0205C,"Mirtilo, in natura,",Frutas e derivados,59,0.74,12.1,0.33,2.40
C0329B,"Nabo, s/ casca, cozido, drenado, s/ óleo, c/ sal, Brassica rapa,",Vegetais e derivados,18,0.91,2.58,0.06,1.87
C0016U,"Gergelim, semente, crua, Sesamum indicum L.,",Sementes e Oleaginosas,601,21.2,9.75,50.4,11.9
C0370F,"Carne, boi, coxão mole (polpa, chã de dentro), s/ gordura, cozida, c/ óleo, cebola e alho, s/ sal,",Carnes e derivados,213,30.7,0.61,9.68,0.14
C0869B,"Purê, batata baroa (mandioquinha, batata salsa), s/ sal, (batata baroa (mandioquinha, batata salsa), leite, c/ manteiga, s/ sal),",Vegetais e derivados,108,1.04,15.3,4.38,1.50
C0082E,"Peixe, água salgada, surimi, fresco,",Pescados e Frutos do mar,67,13.7,1.72,0.56,0.00
C0258B,"Sopa, repolho, branco, c/ sal, (repolho branco, água, leite, manteiga, farinha de trigo, cebola, alho, c/ sal), Brassica oleracea L. var. capitata,",Vegetais e derivados,47,1.34,5.12,2.16,0.67
C0393F,"Carne, boi, fraldinha, c/ gordura, cozida, c/ batata e cenoura, c/ óleo, cebola e alho, c/ sal,",Carnes e derivados,237,16.0,2.52,18.0,0.67
C0548N,"Papa de carne bovina (músculo), feijão preto, batata, abóbora (jerimum) e cenoura, c/ caldo de carne, c/ cebola, s/ óleo, c/ sal,",Alimentos para fins especiais,81,10.7,3.39,2.23,2.13
C0376F,"Carne, boi, filé mignon, s/ gordura, grelhada, c/ molho branco (farinha de trigo, manteiga e leite), s/ sal,",Carnes e derivados,207,27.3,3.27,9.40,0.05
C0004E,"Crustáceo, caranguejo, cozido, s/ óleo, s/ sal, Ucides cordatus,",Pescados e Frutos do mar,98,19.8,0.22,2.02,0.00
C0670F,"Carne, boi, músculo, s/ gordura, cozida, s/ óleo, c/ sal, Bos taurus,",Carnes e derivados,184,31.1,0.00,6.67,0.00
C0131B,"Quibebe, s/ sal, (abóbora, cabotian (japonesa), carne seca (carne de sol, jaba) dessalgada, cebola, c/ óleo, s/ sal),",Vegetais e derivados,78,8.56,4.98,2.67,1.67
C0977F,"Carne, quelônio, Tracajá, cozida, c/ cebolinha, alho, colorau (urucum), pimenta do reino, s/ óleo, c/ sal, Podocnemis unifilis,",Carnes e derivados,215,25.1,0.08,2.08,0.04
C0153N,"Papa de peito de frango, batata baroa (mandioquinha, batata salsa) e abobrinha, c/ caldo de frango, c/ cebola e óleo de soja, c/ sal,",Alimentos para fins especiais,78,11.8,4.50,1.21,0.84
C0211C,"Suco natural, tamarindo, s/ açúcar,",Frutas e derivados,74,0.80,16.5,0.11,1.61
C0850B,"Torta de batata com carne, s/ sal, (batata inglesa, leite, amido de milho, ovo, manteiga, carne moída, tomate, salsa e queijo parmesão, c/ óleo, cebola e alho, s/ sal),",Vegetais e derivados,145,9.17,8.79,7.92,1.04
C0486A,"Torrada, trigo, tradicional, c/ geleia,",Cereais e derivados,352,7.77,69.5,4.36,1.70
C0656F,"Carne, boi, seca, dessalgada, frita (c/ óleo de soja), s/ sal, Bos taurus,",Carnes e derivados,353,24.8,0.00,28.2,0.00
C0483A,"Torrada, trigo, integral, c/ manteiga,",Cereais e derivados,513,8.80,47.0,32.1,0.47
C0001D,"Azeite, dendê, Elaeis guineensis Jacq.,",Gorduras e óleos,900,0.00,0.00,100.0,0.00
C0030A,"Biscoito, doce, amanteigado, banana c/ canela, Bauducco,",Cereais e derivados,469,7.87,71.6,16.8,0.00
C0059N,"Sorvete, industrializado, diet (média de diferentes sabores),",Alimentos para fins especiais,145,3.54,32.3,0.24,0.00
C0234C,"Suco natural, bacuri, s/ açúcar,",Frutas e derivados,32,0.49,5.26,0.58,2.08
C0675N,"Papa de feijão preto, abobrinha e beterraba, c/ caldo de frango, c/ cebola e azeite de oliva, c/ sal,",Alimentos para fins especiais,54,2.47,3.93,2.28,3.84
C1089B,"Sopa/creme, abóbora cabotian, c/ carne bovina, s/ sal, (abóbora cabotian (japonesa), carne bovina músculo, molho branco (farinha de trigo, manteiga e leite), caldo de legumes, salsinha e cebolinha, pimenta do reino, c/ óleo de soja, cebola e alho, s/ sal),",Vegetais e derivados,87,6.14,6.05,4.01,1.15
C0012E,"Molusco, marisco, cru, Perna perna,",Pescados e Frutos do mar,82,6.77,6.70,3.09,0.00
C0043C,"Suco, laranja, Valência, s/ açúcar, Citrus sinensis (L.) Osbeck,",Frutas e derivados,36,0.48,8.13,0.12,0.42
C0025A,"Aveia, flocos, finos, instantânea, Avena sativa,Float,",Cereais e derivados,382,15.7,54.4,9.20,9.38
C1047A,"Muffin, simples, caseiro, (farinha de trigo, açúcar, ovo, leite, manteiga e fermento químico),",Cereais e derivados,299,6.67,61.3,2.73,1.03
C0041H,"Bebida alcoólica, vinho, tinto, Merlot,",Bebidas,88,0.07,1.57,0.00,0.00
C1088A,"Pão, trigo, integral, c/ quinoa, c/ castanha do Brasil,",Cereais e derivados,250,9.86,38.0,5.36,5.06
C0413A,"Sanduíche, pão francês, c/ presunto e queijo prato,",Cereais e derivados,257,15.1,27.9,9.17,1.19
C1069B,"Salada, repolho, c/ tomate, c/ azeite de oliva, c/ sal,",Vegetais e derivados,42,1.05,2.28,2.83,1.70
C0305E,"Sushi, (arroz para sushi (c/ vinagre de arroz, açúcar e sal), alga nori, salmão e cream cheese),",Pescados e Frutos do mar,171,9.63,18.9,5.29,4.46
C0240T,"Bebida vegetal, à base de tremoço,",Leguminosas e derivados,36,3.70,0.13,1.26,4.81
C0257B,"Sopa, repolho, branco, s/ sal, (repolho branco, água, leite, manteiga, farinha de trigo, cebola, alho, s/ sal), Brassica oleracea L. var. capitata,",Vegetais e derivados,47,1.34,5.15,2.17,0.68
C0390A,"Sanduíche, pão forma integral, c/ queijo minas, alface americana, tomate, peito de peru defumado, pepino, c/ maionese,",Cereais e derivados,158,8.81,11.9,7.96,1.63
C0552A,"Arroz com couve, c/ arroz integral, s/ sal, (arroz integral, c/ couve, c/ óleo, cebola e alho, s/ sal),",Cereais e derivados,102,2.55,15.6,2.76,2.37
C0295F,"Carne, boi, contra-filé, grelhado/frito, c/ óleo, s/ sal,",Carnes e derivados,350,26.8,0.03,26.9,0.00
C0230E,"Peixe, água salgada, pescada, branca, assado/grelhado, c/ molho de tomate (tomate, c/ óleo, cebola e alho) e frutos do mar (camarão, lula e mexilhão), c/ óleo, cebola e alho, c/ sal,",Pescados e Frutos do mar,146,17.8,0.69,7.88,0.29
C0166N,"Papa de peito de frango, inhame e beterraba, c/ caldo de frango, c/ cebola e óleo de soja, s/ sal,",Alimentos para fins especiais,98,12.1,4.86,3.19,0.83
C0700A,"Cuscuz, marroquino (semolina), c/ amêndoa, damasco seco e uva passa, s/ sal, (semolina, amêndoa, damasco seco, uva passa, cheiro verde, pimenta-do-reino, c/ óleo, cebola e alho, s/ sal),",Cereais e derivados,206,5.46,27.4,7.44,3.59
C0699B,"Cogumelo, Shiitake, cru, Lentinula edodes,",Vegetais e derivados,25,1.76,2.16,0.32,3.32
C0069C,"Abiu, in natura, Lucuma caimito (Ruiz & Pav.) Roem & Schult,",Frutas e derivados,66,0.83,13.2,0.70,1.70
C1000B,"Edamame, cozida, s/ óleo, c/ sal, Glycine max L. Merril,",Vegetais e derivados,119,11.9,3.69,5.18,5.18
C0061B,"Alface, lisa, crua, Lactuca sativa L.,",Vegetais e derivados,13,1.69,0.10,0.12,2.33
C0359N,"Papa de carne bovina moída (patinho), fubá e espinafre, c/ caldo de frango, c/ cebola e azeite de oliva, s/ sal,",Alimentos para fins especiais,90,1.99,14.3,2.51,1.42
C0025E,"Peixe, água doce, lambari, congelado, cru, Astyanax taeniatus,",Pescados e Frutos do mar,131,16.8,1.18,6.55,0.00
C0758A,"Sanduíche, pão francês, c/ ricota e temperos, alface e tomate,",Cereais e derivados,189,8.34,30.9,3.13,1.72
C0573B,"Salada, escarola, crua, c/ azeite de oliva, c/ sal,",Vegetais e derivados,142,1.32,0.75,14.5,1.59
C0691F,"Carne, porco, costela, frita (c/ óleo de soja), s/ sal, Sus ssp,",Carnes e derivados,434,27.8,0.00,35.9,0.00
C0127A,"Milho, minimilho, cozido,",Cereais e derivados,31,1.41,5.86,0.20,0.00
C0220T,"Feijão, branco, cozido, s/ óleo, c/ sal, Phaseolus vulgaris L.,",Leguminosas e derivados,129,9.69,18.8,0.35,6.27
C0469F,"Lagarto recheado com cenoura, c/ sal, (carne, boi, lagarto, cozida, c/ cenoura, c/ molho de tomate (tomate, c/ óleo, cebola e alho), c/ sal),",Carnes e derivados,165,23.3,1.02,7.42,0.72
C0095E,"Peixe, água doce, Lambari, fresco, cozido, s/ óleo, c/ sal, Astyanax taeniatus,",Pescados e Frutos do mar,104,22.4,0.00,1.58,0.00
C0178K,"Bala, dura,",Produtos açucarados,394,0.00,98.0,0.20,0.00
C1072B,"Farofa, farinha de milho e cenoura, s/ sal, (farinha de milho, cenoura, salsinha e cebolinha, c/ pimenta do reino, c/ óleo de soja e cebola, s/ sal),",Vegetais e derivados,148,1.57,13.5,9.11,1.93
C0066K,"Pudim, em pó, preparado (média de diferentes sabores),",Produtos açucarados,121,3.33,19.9,3.12,0.11
C0374B,"Salada, Caesar, (alface americana, peito de frango grelhado, queijo parmesão ralado, croutons, molho para salada - filé de anchova, alho, molho de mostarda, molho inglês, suco de limão, vinagre de maçã, maionese, azeite de oliva, c/sal),",Vegetais e derivados,183,19.1,8.92,7.70,0.78
C1053B,"Purê, mandioca (aipim, macaxeira), c/ manteiga, leite, s/ sal,",Vegetais e derivados,148,0.85,24.4,4.83,1.51
C1117A,"Panqueca de beterraba, c/ recheio de jaca cozida, c/ molho de tomate, c/ sal, (farinha em trigo, aveia em flocos, beterraba, óleo de girassol, jaca, tomate, cebolinha e salsinha, pimenta do reino, c/ óleo de soja, cebola e alho, c/ sal),",Cereais e derivados,154,3.39,23.3,4.64,2.82
C0076H,"Bebida, capuccino (leite integral, infusão café descafeinado e chocolate em pó), c/ açúcar,",Bebidas,106,2.76,17.9,2.52,0.16
C1032A,"Bolo, abóbora (jerimum) com coco, simples, caseiro, (abóbora (jerimum), coco ralado, farinha de trigo, amido de milho, manteiga, ovo, açúcar, sal e fermento químico),",Cereais e derivados,256,3.72,38.3,9.41,1.78
C0508E,"Peixe, água doce, Pirarucu, cultivado em Rondonia, assado (a partir do peixe fresco), s/ óleo, s/ sal (média de peixes com diferentes pesos e cortes), Arapaima gigas,",Pescados e frutos do mar,144,27.8,0.00,3.69,0.00
C0210E,"Peixe, água salgada, sardinha, filé, frito (c/ óleo de soja), c/ sal, Sardinella brasiliensis,",Pescados e Frutos do mar,173,19.3,0.00,10.7,0.00
C0276T,"Lentilha, cozida (50% grão e 50% caldo), c/ óleo de soja, cebola e alho, c/ sal,",Leguminosas e derivados,62,3.79,7.13,1.33,3.34
C0016J,"Ovo, galinha, orgânico, inteiro, cru,",Ovos e derivados,128,10.9,2.25,8.37,0.00
C0390B,"Tomate, seco, caseiro, c/ sal, (tomate, c/ azeite de oliva, c/ sal), Lycopersicon esculentum,",Vegetais e derivados,383,1.69,17.2,33.6,2.46
C0403F,"Carne, boi, maminha, grelhada, c/ óleo, cebola e alho, c/ sal,",Carnes e derivados,233,29.3,0.54,12.3,0.11
C1122B,"Couve rabano, crua, Brassica oleracea var. gongylodes,",Vegetais e derivados,25,1.70,2.60,0.10,3.60
C0442F,"Carne, boi, patinho, s/ gordura, grelhada, c/ óleo, cebola e alho, s/ sal,",Carnes e derivados,213,34.2,0.72,8.11,0.12
C0134E,"Peixe, água salgada, atum, à milanesa (ovo e farinha de rosca), frito (c/ óleo de soja), c/ sal, Thunnus thynnus,",Pescados e Frutos do mar,296,31.8,14.1,12.2,0.96
C0498E,"Peixe, água doce, Arraia (Raia), filé, cozido, s/ óleo, s/ sal, Paratrygon eiereba e Potamotrygon motoro,",Pescados e frutos do mar,91,20.9,0.39,0.63,0.00
C0406N,"Papa de batata, cenoura e carne bovina moída (patinho), c/ caldo de carne, c/ cebola e óleo de soja, c/ sal,",Alimentos para fins especiais,109,13.3,3.02,4.67,0.83
C0062E,"Peixe, água salgada, Merluza, filé, assado, s/ óleo, s/ sal,",Pescados e Frutos do mar,117,26.6,0.51,0.92,0.00
C1059A,"Sopa, carne bovina, c/ macarrão, c/ vegetais, s/ sal, (carne bovina músculo, c/ macarrão, c/ batata, abobrinha, repolho e chuchu, purê de tomate, c/ caldo de carne, c/ óleo, cebola e alho, s/ sal),",Cereais e derivados,73,4.77,9.28,1.65,1.02
C0250F,"Carne, galeto, assada, s/ sal, Gallus gallus,",Carnes e derivados,206,20.2,6.58,11.0,0.00
C0126C,"Suco natural, laranja e acerola, c/ açúcar,",Frutas e derivados,55,0.58,12.8,0.08,0.15
C0515N,"Papa de carne bovina moída (patinho) e abóbora cabotian (japonesa), c/ caldo de carne, c/ cebola e óleo de soja, c/ sal,",Alimentos para fins especiais,118,14.2,3.56,5.03,1.02
C0238T,"Sopa, feijão preto, c/ macarrão, c/ vegetais, c/ sal, (feijão preto, c/ macarrão, c/ batata, abobrinha, repolho e chuchu, c/ caldo de carne, c/ óleo, cebola e alho, c/ sal),",Leguminosas e derivados,34,2.61,6.90,1.08,3.71
C0034J,"Omelete, vegetais e frios, c/ sal, (ovo de galinha, presunto, queijo muçarela, tomate, champignon paris, salsa, cebolinha verde, c/ óleo, cebola e alho, c/ sal),",Ovos e derivados,147,10.4,2.71,10.4,0.50
C0059E,"Peixe, água salgada, porquinho, cru, Balistes carolinensis,",Pescados e Frutos do mar,84,19.4,0.04,0.66,0.00
C0435F,"Carne, boi, paleta, s/ gordura, cozida, c/ batata e cenoura, c/ óleo, cebola e alho, c/ sal,",Carnes e derivados,143,19.6,2.50,5.88,0.67
C0026T,"Ervilha, grão, seca, partida, crua, Pisum sativum L.,",Leguminosas e derivados,304,17.1,43.5,1.33,25.0
C0425A,"Pizza, linguiça calabresa, caseira, (massa (farinha de trigo, óleo, fermento biológico, sal e açúcar), linguiça calabresa, queijo muçarela, c/ molho de tomate (tomate, c/ óleo, cebola e alho, c/ sal), c/ azeite de oliva),",Cereais e derivados,297,12.2,31.6,13.2,1.39
C0118F,"Carne, frango, crua (média de diferentes cortes), Gallus gallus,",Carnes e derivados,152,18.7,0.81,8.21,0.00
C0306B,"Mandioca (aipim, macaxeira), s/ casca, cozida, sauté (c/ margarina e salsa), s/ sal, Manihot esculenta Crantz,",Vegetais e derivados,144,0.61,26.6,3.58,1.68
C0147K,"Canudinho, c/ recheio de brigadeiro, (farinha de trigo, ovo, leite, óleo de soja e brigadeiro),",Produtos açucarados,346,8.65,62.1,6.87,0.72
C0603N,"Papa de peixe (pescada branca) e batata, c/ caldo de peixe, c/ cebola, s/ óleo, s/ sal,",Alimentos para fins especiais,73,8.58,4.25,2.29,0.65
C0137C,"Suco natural, laranja e cenoura, s/ açúcar,",Frutas e derivados,33,0.85,6.66,0.12,0.89
C0170K,"Bombom, chocolate ao leite, recheado c/ coco, It de coco, Garoto,",Produtos açucarados,487,0.00,68.8,22.8,3.40
C0098K,"Calda, chocolate,",Produtos açucarados,269,0.00,67.2,0.00,0.00
C0472F,"Lagarto recheado com calabresa, s/ sal, (carne, boi, lagarto, cozida, c/ linguiça calabresa, c/ molho de tomate (tomate, c/ óleo, cebola e alho), s/ sal),",Carnes e derivados,190,25.0,0.93,9.43,0.51
C0254A,"Sanduíche, pão francês, c/ presunto, queijo muçarela, alface, tomate e maionese,",Cereais e derivados,212,10.6,20.4,9.57,1.13
C0065H,"Bebida, capuccino (leite desnatado, café - infusão 10% e cacau em pó), s/ açúcar,",Bebidas,49,3.35,5.84,0.97,1.85
C0732B,"Creme, abóbora, cabotian (japonesa), s/ sal, (abóbora, cabotian (japonesa), c/ caldo de carne, c/ molho branco (farinha de trigo, manteiga e leite), salsa, c/ óleo, cebola e alho, s/ sal),",Vegetais e derivados,78,2.49,7.59,3.90,1.11
C0088L,"Molho, mostarda, caseiro, c/ sal, (creme de leite, suco de limão, mostarda, c/ sal),",Miscelâneas,197,1.52,9.75,17.0,0.17
C0902F,"Carne, ganso, domesticado, carne e pele, cozido, assado, s/ óleo, c/ sal,",Carnes e derivados,298,25.2,0.00,21.9,0.00
C0330B,"Nabo, s/ casca, refogado (c/ óleo, cebola e alho), s/ sal, Brassica rapa,",Vegetais e derivados,33,1.11,3.33,1.27,2.11
C0655B,"Salada, vegetais cozidos, s/ óleo, s/ sal, (brócolis, cenoura e couve-flor cozidos, s/ óleo, s/ sal),",Vegetais e derivados,20,1.51,1.55,0.31,2.50
C0553N,"Papa de carne bovina (músculo), feijão carioca, batata, abóbora (jerimum) e cenoura, c/ caldo de carne, c/ cebola e azeite de oliva, s/ sal,",Alimentos para fins especiais,102,10.7,3.87,4.43,1.87
C0208E,"Peixe, água salgada, sardinha, filé, ensopado (c/ cebola, tomate e pimentão), c/ óleo, c/ sal, Sardinella brasiliensis,",Pescados e Frutos do mar,185,20.8,0.18,11.1,0.51
C0418A,"Sanduíche, pão francês, c/ manteiga,",Cereais e derivados,427,7.14,42.2,25.0,1.86
C0207F,"Quibe, bovino, industrializado, frito,",Carnes e derivados,251,14.9,12.3,15.8,
C0109E,"Peixe, água doce, filé, à milanesa à milanesa (farinha de trigo, ovo e farinha de rosca) frito (c/ óleo de soja), c/ sal (média de 7 espécies),",Pescados e Frutos do mar,148,22.3,0.61,6.23,0.14
C0782F,"Carne, peru, peito, s/ pele, grelhada/assada, s/ óleo, s/ sal, Meleagris gallopavo,",Carnes e derivados,130,28.1,0.00,1.99,0.00
C0138K,"Picolé, industrializado, c/ suco de fruta (média de diferentes sabores),",Produtos açucarados,81,0.00,19.7,0.24,0.00
C0847B,"Tempurá de legumes, frito,  c/ sal, (cebola, pimentão, couve-flor, cenoura, vagem, brócolis, cebolinha, farinha de trigo e ovo, frito (c/ óleo de soja), c/ sal),",Vegetais e derivados,168,2.47,9.53,12.9,1.84
C0033T,"Hambúrguer, soja, s/ temperos, s/ sal, cru, Glycine max L.,",Leguminosas e derivados,73,6.77,0.44,3.42,6.89
C0558A,"Lasanha, peito de frango, caseira, (massa lasanha fresca, peito de frango, c/ muçarela, c/ molho de tomate (tomate, c/ óleo, cebola e alho), c/ sal),",Cereais e derivados,176,11.7,16.5,6.75,1.27
C0419N,"Creme de abacate, c/ morango, c/ iorgurte integral, s/ açúcar,",Alimentos para fins especiais,55,2.20,3.91,2.95,1.71
C0135F,"Carne, frango, peito, sassami, crua, Gallus gallus,Seara,",Carnes e derivados,104,22.5,0.00,1.50,0.00
C0203F,"Presunto, s/ capa de gordura, cozido, fatiado,",Carnes e derivados,94,15.7,1.07,3.03,
C0479F,"Carne, peru, assado, inteiro, recheado, c/ farofa - farinha de mandioca (aipim, macaxeira), moela e fígado, tomate, azeitona, c/ óleo, cebola e alho, c/ sal,",Carnes e derivados,171,21.2,9.36,5.40,0.88
C0380B,"Salada, vegetais crus, s/ óleo, s/ sal, (alface, tomate, cebola, s/ óleo, s/ sal),",Vegetais e derivados,20,1.19,2.54,0.15,1.77
C0625N,"Papa de carne bovina moída (patinho), arroz branco e brócolis, c/ caldo de carne, c/ cebola e óleo de soja, s/ sal,",Alimentos para fins especiais,311,12.9,6.20,25.8,0.99
C0688A,"Pizza, Napolitana, caseira, (massa (farinha de trigo, óleo, fermento biológico, sal e açúcar), muçarela, sardinha em conserva, azeitona preta, c/ molho de tomate (tomate, c/ óleo, cebola e alho, c/ sal), c/ azeite de oliva),",Cereais e derivados,301,11.8,37.2,11.3,1.56
C0580F,"Carne, boi, costela, assada, c/ cenoura, abobrinha e cebola, s/ óleo, c/ sal,",Carnes e derivados,245,19.0,1.35,18.0,0.76
C0706N,"Massa brise, diet, assada, (farinha de trigo, margarina light, gema, leite desnatado, c/ sal, c/ adoçante),",Açúcares e doces,320,6.68,40.8,14.1,1.38
C0217A,"Macarrão, trigo, c/ ovos, c/ molho de tomate (tomate, c/ óleo, cebola e alho), s/ sal,",Cereais e derivados,116,3.20,21.7,1.51,1.24
C0186B,"Salada, repolho, branco, cru, c/ molho vinagrete (tomate, cebola, salsinha, vinagre e óleo), c/ sal, Brassica oleracea L. var. capitata,",Vegetais e derivados,44,1.04,3.24,2.63,1.64
C0743B,"Sopa, batata baroa (mandioquinha, batata salsa), c/ sal, (batata baroa (mandioquinha, batata salsa), c/ caldo de vegetais, salsa, c/ óleo, cebola e alho, c/ sal),",Vegetais e derivados,51,1.30,7.99,1.36,1.01
C0013L,"Molho, parmesan, Kenko,",Miscelâneas,543,3.68,5.51,56.0,1.40
C0330F,"Carne, boi, capa de contra-filé, s/ gordura, grelhada, c/ molho de mostarda (creme de leite, suco de limão e mostarda), s/ sal,",Carnes e derivados,223,28.3,2.09,11.3,0.03
C0689N,"Papa de feijão preto, abobrinha e beterraba, c/ caldo de carne, c/ cebola e azeite de oliva, s/ sal,",Alimentos para fins especiais,241,2.17,3.77,23.2,3.79
C1003F,"Carne, frango, pescoço, s/ osso, s/ pele, cru, Gallus gallus domesticus,",Carnes e derivados,222,12.4,0.00,19.1,0.00
C0016R,"Gelatina, abacaxi, em pó, Ducoco,",Alimentos industrializados,392,8.86,89.2,0.00,0.08
C0988A,"Risole, recheado c/ espinafre e ricota, caseiro, frito, (farinha de trigo, leite, margarina, espinafre, queijo ricota, farinha de rosca, ovo, c/ sal, frito (c/ óleo de soja)),",Cereais e derivados,297,8.81,29.6,15.6,1.51
C0196C,"Pera, cozida, ao vinho tinto, c/ açúcar,",Frutas e derivados,133,0.35,29.4,0.16,2.00
C0986A,"Rolinho de queijo muçarela e presunto, (massa de pastel frita (c/ óleo de soja), queijo muçarela e presunto),",Cereais e derivados,495,12.7,24.9,27.2,0.65
C0657F,"Carne, boi, seca, dessalgada, refogada (c/ óleo, cebola e alho), s/ sal, Bos taurus,",Carnes e derivados,304,25.7,0.61,22.0,0.14
C0823F,"Carne, boi, picanha, grelhada/assada, s/ óleo, c/ sal (média de amostras c/ e s/ gordura), Bos taurus,",Carnes e derivados,254,29.0,0.00,15.4,0.00
C0537E,"Pescado, água doce, Tucunaré, filé, grelhado, s/ óleo, c/ sal, Cichla ocellaris,",Pescados e frutos do mar,123,24.8,0.74,2.28,0.00
C0925F,"Carne, boi, coxão mole (polpa, chã de dentro), s/ gordura, frita (c/ óleo de soja), c/ cebola, s/ sal,",Carnes e derivados,243,27.0,0.72,14.6,0.20
C0071F,"Carne, boi, moída, s/ gordura, crua, Bos taurus,",Carnes e derivados,145,19.3,0.00,7.56,0.00
C0963F,"Carne, bovina, contra-filé de costela, grelhada, c/ óleo de soja, c/ sal, Bos taurus ,",Carnes e derivados,296,28.4,0.42,20.1,0.00
C0325A,"Sanduíche, pão forma integral, c/ peito de frango grelhado, alface americana, cenoura crua, tomate, c/ molho de iogurte,",Cereais e derivados,136,12.0,15.2,2.47,2.39
C0479A,"Torrada, trigo, integral, c/ margarina,",Cereais e derivados,448,9.75,52.2,22.1,0.53
C0131N,"Papa de feijão preto, macarrão e chicória, c/ caldo de frango, c/ cebola, c/ azeite de oliva, s/ sal,",Alimentos para fins especiais,72,3.23,7.10,2.40,4.66
C0354F,"Carne, boi, acém moída, cozida, c/ óleo de soja, cebola e alho, c/ sal,",Carnes e derivados,208,25.5,0.56,11.5,0.12
C0004C,"Acerola, madura, polpa, Malpighia spp.,",Frutas e derivados,30,0.71,5.13,0.38,1.75
C0935A,"Arroz com espinafre, c/ arroz integral, s/ sal (arroz , alho espinafre, c/ óleo de soja, s/ sal),",Cereais e derivados,103,2.26,16.4,2.71,2.03
C0905F,"Carne, galinha da angola, carne e pele, cozida, s/ óleo, c/ sal, Numida meleagris,",Carnes e derivados,155,23.9,0.00,6.58,0.00
C0906B,"Tapioca, sem manteiga, sem recheio,",Vegetais e derivados,289,0.36,71.7,0.00,0.20
C0202C,"Cranberry, in natura,",Frutas e derivados,44,0.46,8.37,0.13,3.60
C0932F,"Carne, boi, miolo de alcatra (baby beef), grelhada/assada, s/ óleo, c/ molho roti (caldo de carne, água, vinho tinto, farinha de trigo, manteiga, tomilho, c/ pimenta-do-reino), c/ sal,",Carnes e derivados,219,25.8,1.53,11.8,0.18
C1082A,"Pizza, abobrinha e frango, caseira, (massa (farinha de trigo, óleo, fermento biológico, sal e açúcar), peito de frango, abobrinha, c/ molho de tomate (tomate, c/ óleo, cebola e alho, c/ sal), c/ orégano, c/ azeite de oliva),",Cereais e derivados,216,11.5,31.5,4.50,1.70
C0095H,"Bebida, café descafeinado - infusão 6% - suave, c/ leite (meio a meio), s/ açúcar,",Bebidas,35,1.53,3.14,1.71,0.26
C0031E,"Peixe, água doce, tilápia, filé, cru, Oreochromis niloticus,",Pescados e Frutos do mar,93,18.1,0.00,2.30,0.00
C1031B,"Cogumelo, Shiimeji, cozido, s/ óleo, s/ sal, Pleurotus ostreatus,",Vegetais e derivados,50,4.09,3.88,0.56,6.77
C0831B,"Páprica, em pó, Capsicum annuum,",Vegetais e derivados,319,14.1,19.1,12.9,34.9
C0181F,"Linguiça, porco, defumada, crua (média de várias amostras),",Carnes e derivados,294,20.9,0.86,22.9,
C0084G,"Vitamina, leite de vaca integral c/ maçã, s/ açúcar,",Leite e derivados,63,2.10,8.40,2.22,0.42
C0001U,"Amêndoa, torrada, c/ sal, Arábic amygdalu var. Dulcis,",Sementes e Oleaginosas,616,20.6,10.7,52.0,11.1
C0001E,"Crustáceo, camarão, s/ casca, cozido, s/ óleo, s/ sal, Penaeus brasiliensis,",Pescados e Frutos do mar,83,17.7,0.01,1.28,0.00
C0270C,"Vitamina, polpa de açaí, manga e banana, s/ açúcar,",Frutas e derivados,73,0.91,9.37,2.64,3.91
C0017E,"Molusco, ostra, cozido, s/ óleo, s/ sal, Crassostrea rhizophora,",Pescados e Frutos do mar,97,15.8,3.18,2.34,0.00
C0639F,"Carne, boi, patinho, s/ gordura, grelhada/assada, c/ molho de tomate (tomate, c/ óleo, cebola e alho), s/ sal, Bos taurus,",Carnes e derivados,183,29.1,0.83,6.90,0.51
C0108H,"Bebida, capuccino (leite desnatado, infusão café descafeinado e cacau em pó), c/ açúcar,",Bebidas,70,3.08,11.2,0.96,1.90
C0133G,"Iogurte, grego, simples, integral,",Leite e derivados,97,9.00,3.98,5.00,0.00
C0262E,"Paella de frutos do mar, c/ sal, (arroz polido, frutos do mar - camarão, lula, polvo, mexilhão, tomate, pimentão, ervilha, açafrão, c/ óleo, cebola e alho, c/ pimenta-do-reino, c/ sal),",Pescados e Frutos do mar,114,9.97,12.4,2.48,1.01
C0106A,"Cevada, nua (média diferentes cultivares), Hordeum vulgare L.,",Cereais e derivados,336,13.8,57.2,2.41,15.1
C0323F,"Carne, boi, capa de contra-filé, c/ gordura, grelhada, c/ manteiga, s/ sal,",Carnes e derivados,351,27.7,0.24,26.6,0.00
C0019J,"Ovo, pata, gema, crua,",Ovos e derivados,362,15.7,5.72,30.7,0.00
C0220N,"Papa de carne bovina moída (acém), abóbora (jerimum) e chuchu, c/ caldo de frango, c/ cebola e óleo de soja, s/ sal,",Alimentos para fins especiais,112,10.8,2.86,6.22,0.83
C0407N,"Papa de batata, cenoura e carne bovina moída (patinho), c/ caldo de carne, c/ cebola e óleo de soja, s/ sal,",Alimentos para fins especiais,110,13.1,3.31,4.65,1.23
C0434N,"Papa de carne bovina moída (acém) e abóbora cabotian (japonesa), c/ caldo de carne, c/ cebola, s/ óleo, c/ sal,",Alimentos para fins especiais,102,11.3,3.76,4.47,1.04
C0171F,"Carne, veado, crua (média de diferentes cortes), Mazama americana,",Carnes e derivados,110,24.0,1.08,1.10,0.00
C0731A,"Arroz com macarrão (aletria, cabelo de anjo),  c/ arroz polido, c/ sal, (arroz polido, macarrão, c/ manteiga, c/ óleo, cebola e alho, c/ sal),",Cereais e derivados,170,2.68,25.2,6.23,1.17
C1188B,"Purê, batata inglesa, c/ espinafre, c/ sal, (batata inglesa, espinafre, margarina, leite, c/ sal),",Vegetais e derivados,59,1.70,8.60,1.62,1.38
C0056K,"Creme, chocolate, Danete,",Produtos açucarados,156,5.20,23.1,4.70,0.00
C0283T,"Quibe de proteína de soja, s/ sal, (trigo para quibe, proteína de soja (hidratados com caldo de legumes), pimentão, tomate, alho, cebola, hortelã, pimenta do reino, s/ sal),",Miscelâneas,136,15.1,15.1,0.74,4.32
C0601B,"Salada, chicória, s/ óleo, s/ sal,",Vegetais e derivados,12,1.14,0.56,0.14,2.20
C0710F,"Carne, porco, pernil, refogada (c/ óleo, cebola e alho), c/ sal, Sus ssp,",Carnes e derivados,251,26.6,0.61,15.8,0.13
C0465E,"Peixe, água salgado, linguado, assado/grelhado, s/ óleo, c/ sal, Pleuronectoidei spp.,",Pescados e Frutos do mar,109,23.4,0.10,1.68,0.00
C0245T,"Quibe vegetariano com lentilha, assado, c/ sal, (trigo para quibe, proteína de soja texturizada (hidratada com caldo de legumes), aveia em flocos, lentilha, alho, cebola, hortelã, pimenta do reino, c/ sal),",Leguminosas e derivados,166,15.3,20.0,1.48,5.53
C0715B,"Jambu, cru, Spilanthes oleracea L.,",Vegetais e derivados,33,3.08,2.61,0.25,4.05
C0235E,"Molusco, lula, cozido, s/ óleo, s/ sal, Order Teuthoidea,",Pescados e Frutos do mar,97,20.9,0.00,1.50,0.00
C0122F,"Carne, frango, coxa, c/ pele, crua, Gallus gallus,Seara,",Carnes e derivados,147,17.5,0.00,8.50,0.00
C0269T,"Vitamina, c/ bebida vegetal à base de amêndoa, c/ banana, mamão e abacate, s/ açúcar ,",Leguminosas e derivados,40,0.63,5.93,1.28,1.24
C0440A,"Risole, recheado c/ queijo muçarela, caseiro, frito, (farinha de trigo, leite, margarina, queijo muçarela, farinha de rosca, ovo, c/ sal, frito (c/ óleo de soja)),",Cereais e derivados,394,15.5,29.3,23.6,1.13
C0950A,"Burrito de frango, c/ tortilha de farinha de trigo, (tortilha de farinha de trigo, c/ peito de frango grelhado (c/ óleo de soja), alface americana, cenoura crua, tomate, c/ queijo muçarela, c/ sal),",Cereais e derivados,195,16.5,12.6,8.41,1.38
C0154A,"Pão, trigo, integral, c/ fibras, forma, Quadradinho,",Cereais e derivados,261,9.95,47.6,2.50,3.92
C0383B,"Salada, atum, c/ azeite de oliva, c/ sal, (atum, milho e ervilha em conserva, cenoura crua, cheiro verde, c/ azeite de oliva, c/ sal),",Vegetais e derivados,88,11.9,5.46,1.70,1.81
C0024K,"Glicose,  milho,",Produtos açucarados,318,0.00,79.4,0.00,
C0032K,"Torta, mousse (média de diversos sabores),",Produtos açucarados,284,4.70,35.6,13.7,0.12
C0060H,"Bebida, café, infusão 6% - suave, s/ açúcar,",Bebidas,6,0.40,1.01,0.04,0.00
C0959F,"Sopa, carne bovina, c/ macarrão, c/ vegetais, c/ sal, (carne bovina (músculo), c/ macarrão, c/ batata, abobrinha, espinafre, cenoura e purê de tomate, c/ caldo de carne, c/ óleo, cebola e alho, c/ sal),",Carnes e derivados,72,7.42,5.12,2.23,1.04
C0900A,"Arroz integral com lentilha, s/ sal, (arroz integral cozido, c/ lentilha, c/ óleo, cebola e alho, s/ sal),",Cereais e derivados,120,3.71,18.6,2.75,3.25
C0414F,"Carne, boi, miolo de alcatra, s/ gordura, grelhada, c/ molho branco (farinha de trigo, manteiga e leite), s/ sal,",Carnes e derivados,233,26.6,5.46,11.7,0.05
C0090T,"Feijão, carioca, cozido (50% grão e 50% caldo), c/ óleo, cebola e alho, s/ sal, Phaseolus vulgaris L.,",Leguminosas e derivados,81,4.69,8.40,1.72,6.84
C0382F,"Carne, boi, filé mignon, s/ gordura, grelhada, c/ molho de tomate (tomate, c/ óleo, cebola e alho), c/ sal,",Carnes e derivados,184,26.6,0.85,8.09,0.50
C0766A,"Sanduíche, pão francês, c/ alface, tomate, cenoura e pepino,",Cereais e derivados,159,5.51,30.5,1.15,2.36
C0241A,"Sanduíche, cachorro quente (c/ pão hot dog e salsicha), c/ catchup, mostarda, maionese, milho, ervilha, purê de batata, molho vinagrete e batata palha,",Cereais e derivados,186,5.44,19.8,9.05,2.21
C0145B,"Couve, manteiga, refogada (c/ óleo, cebola e alho), c/ sal, Brassica oleracea var. Acephala,",Vegetais e derivados,83,2.03,1.49,6.41,5.59
C0015H,"Bebida, chá, infusão, s/ açúcar (média de várias ervas),",Bebidas,2,0.00,0.55,0.02,0.00
C0045D,"Óleo, canola, frito, Arachis hypogaea L.,",Gorduras e óleos,900,0.00,0.00,100.0,0.00
C0134T,"Sopa, feijão, preto, c/ vegetais, s/ sal, (feijão preto, c/ cenoura, chuchu e batata, c/ caldo de carne, c/ óleo, cebola e alho, s/ sal),",Leguminosas e derivados,48,2.66,4.74,1.07,4.43
C0905A,"Macarrão, carbonara, c/ sal, (macarrão, trigo integral, cozido, ovo de galinha, c/ toucinho defumado (bacon), c/ queijo parmesão, c/ pimenta-do-reino, c/ sal),",Cereais e derivados,267,13.4,10.6,18.5,1.85
C0002B,"Abóbora, cabotian (japonesa), s/ casca, s/sementes, crua, Cucurbita maxima x Cucurbita moschata,",Vegetais e derivados,41,1.75,6.19,0.54,2.17
C0411E,"Peixe, água salgada, pescada, cozido, ao molho branco (farinha de trigo, manteiga e leite), s/ sal, Macrodon oncylodon,",Pescados e Frutos do mar,133,17.1,2.17,6.19,0.05
C0511B,"Salada, cenoura, cozida, cebola, c/ azeite de oliva, c/ sal,",Vegetais e derivados,82,0.83,3.32,6.81,1.99
C0646N,"Papa de peito de frango, batata e cenoura, c/ caldo de carne, c/ cebola, s/ óleo, s/ sal,",Alimentos para fins especiais,86,13.3,4.82,1.32,1.03
C0155E,"Peixe, água salgada, pescada, branca, cozido, drenado, s/ óleo, s/ sal, Cynoscion spp.,",Pescados e Frutos do mar,126,19.2,0.00,5.41,0.00
C0618B,"Salada, vegetais crus, c/ suco de limão, c/ azeite de oliva, c/ sal, (nabo, cenoura e beterraba, c/ molho de salada - salsa, suco de limão, azeite de oliva, c/ sal),",Vegetais e derivados,64,1.46,5.48,3.42,2.75
C0668N,"Papa de carne bovina moída (acém), fubá e espinafre, c/ caldo de frango, c/ cebola e azeite de oliva, s/ sal,",Alimentos para fins especiais,128,10.7,7.07,6.08,0.81
C0465A,"Rosca, salgada, recheada c/ presunto e queijo muçarela, caseira, (farinha de trigo, ovo, leite, margarina, presunto, queijo muçarela, fermento biológico, salsinha e cebolinha, c/ sal, c/ açúcar),",Cereais e derivados,287,10.3,37.1,10.6,1.19
C0035N,"Cream cheese, light, Danúbio,",Alimentos para fins especiais,195,8.50,4.37,16.0,0.00
C0292N,"Papa de maçã, abacaxi, e pera, s/ açúcar,",Alimentos para fins especiais,56,0.46,11.7,0.35,2.06
C0399A,"Quinoa, grão, cozida, s/ óleo, s/ sal, Chenopodium quinoa,",Cereais e derivados,114,4.40,18.5,1.92,2.80
C0099K,"Sorvete, sundae, (sorvete, chantilly, calda de chocolate, castanha de caju, cereja em calda),",Produtos açucarados,164,3.18,22.3,13.4,5.85
C0137B,"Tapioca, c/ manteiga, c/ sal,",Vegetais e derivados,353,0.09,63.6,10.9,0.00
C0082C,"Maracujá, polpa, congelada,",Frutas e derivados,42,0.81,9.09,0.18,0.51
C0023E,"Peixe, água doce, Corimbatá, cozido, / óleo, s/ sal, Prochilodus spp.,",Pescados e Frutos do mar,227,19.7,0.00,16.4,0.00
C0003K,"Achocolatado, em pó, Toddy,",Produtos açucarados,398,3.00,90.8,1.92,2.45
C0857F,"Carne, boi, costela, cozida, assada, s/ óleo, s/ sal,",Carnes e derivados,286,30.8,0.00,18.1,0.00
C0294B,"Batata, baroa (mandioquinha, batata salsa), s/ casca, sauté (c/ margarina e salsa), s/ sal,",Vegetais e derivados,104,0.81,16.3,3.51,1.67
C0093F,"Carne, cabrito, paleta, crua (média de diferentes amostras), Capra hirbus,",Carnes e derivados,126,20.3,0.63,4.68,0.00
C0200K,"Geladinho (sacolé, dindim), c/ suco em pó, leite integral, amido de milho, c/ açúcar,",Produtos açucarados,95,2.68,14.4,2.92,0.02
C0243F,"Carne, frango, peito, s/ pele, cozida, c/ molho branco (leite, manteiga e farinha de trigo), c/ sal, Gallus gallus,",Carnes e derivados,157,26.2,2.27,4.85,0.05
C0512A,"Arroz caipira, c/ arroz integral, s/ sal, (arroz integral, c/ frango, tomate, toucinho defumado (bacon), c/ óleo, cebola e alho, s/ sal),",Cereais e derivados,173,11.1,12.4,8.39,1.52
C0194A,"Macarrão, trigo, c/ ovos, cozido, drenado, s/ sal,",Cereais e derivados,126,3.61,26.0,0.69,0.80
C0860A,"Cuscuz de milho, cozido, c/ leite de coco, c/ açúcar,",Cereais e derivados,164,2.82,28.5,3.88,1.76
C0872B,"Mandioca (aipim, macaxeira), s/ casca, cozida, salsa, s/ óleo, c/ pimenta-do-reino, c/ sal,",Vegetais e derivados,120,0.66,27.8,0.25,1.82
C0200E,"Peixe, água salgada, salmão, filé, s/ pele, ensopado (c/ cebola, tomate e pimentão), c/ óleo, c/ sal, Salmo salar L.,",Pescados e Frutos do mar,230,20.8,1.86,15.3,0.51
C1064B,"Erva-doce, semente, Pimpinella anisum, Pimpinella anisum,",Vegetais e derivados,327,15.8,12.5,14.9,39.8
C0245E,"Caldo de peixe, caseiro, s/ óleo, s/ sal, (peixe, água salgada, pescada, c/ cebola, cenoura, aipo, alho-poró, alho, s/ óleo, s/ sal),",Pescados e Frutos do mar,10,0.97,0.86,0.25,0.27
C0016G,"Iogurte, integral, salada de frutas,",Leite e derivados,67,2.99,10.0,1.63,0.23
C0173K,"Bombom, chocolate ao leite, c/ recheio de castanha de caju, Nougat, Garoto,",Produtos açucarados,532,4.00,65.3,28.0,1.30
C0139H,"Bebida alcoólica, pisco sour, (pisco, xarope de açúcar, clara de ovo, suco de limão),",Bebidas,235,2.23,14.8,0.08,0.18
C0335E,"Mariscada, s/ sal, (mexilhão sururu, camarão, lula, polvo e ostra, tomate, pimentão, coentro, leite de coco, c/ azeite de dendê, c/ óleo, cebola e alho, s/ sal),",Pescados e Frutos do mar,134,13.2,3.33,6.34,1.44
C1007F,"Carne, rã, coxa e dorso, cozido, s/ óleo, s/ sal, Rana catesbeiana,",Carnes e derivados,114,22.6,2.81,1.36,0.00
C0006R,"Bolo, mármore, mistura p/, Oetker,",Alimentos industrializados,368,6.80,82.4,0.80,1.93
C0186C,"Ameixa, em calda, enlatada, drenada,",Frutas e derivados,188,0.41,46.4,,0.52
C0088N,"Lasanha, ricota com espinafre, light, caseira, (massa lasanha fresca, c/ espinafre, c/ ricota, c/ molho de tomate (tomate, c/ óleo, cebola e alho), c/ sal),",Alimentos para fins especiais,119,5.41,17.1,2.86,1.60
C0469A,"Pão francês, c/ requeijão,",Cereais e derivados,295,9.85,46.1,7.52,2.01
C0770F,"Linguiça, frango/porco, fresca, grelhada/assada, c/ molho de tomate (tomate, c/ óleo, cebola e alho), c/ sal,",Carnes e derivados,228,16.8,1.40,17.1,0.51
C0505E,"Peixe, água doce, Arraia (Raia), filé, grelhado, s/ óleo, s/ sal, Paratrygon eiereba e Potamotrygon motoro,",Pescados e frutos do mar,94,21.7,0.41,0.65,0.00
C0856B,"Bolo de mandioca (aipim, macaxeira) com frango, s/ sal, (mandioca (aipim, macaxeira), ovo, manteiga, peito de frango, tomate, salsa e queijo parmesão, c/ óleo, cebola e alho, s/ sal),",Vegetais e derivados,166,10.1,15.1,6.97,1.24
C0130N,"Papa de feijão preto, macarrão e chicória, c/ caldo de frango, c/ cebola, c/ óleo de soja, s/ sal,",Alimentos para fins especiais,72,3.23,7.10,2.40,4.66
C0173N,"Papa de arroz polido, abobrinha e ovo, c/ caldo de frango, c/ cebola e azeite de oliva, s/ sal,",Alimentos para fins especiais,93,4.39,6.75,5.19,0.70
C0824A,"Croissant, assado, c/ recheio, de doce de leite,",Cereais e derivados,396,7.94,53.6,16.3,1.34
C0420A,"Sanduíche, pão francês, c/ ovo frito,",Cereais e derivados,267,12.7,30.1,10.3,1.30
C0149G,"Manjar, coco, em pó, preparado (conforme a embalagem),",Leite e derivados,94,2.66,13.8,3.14,0.08
C0113H,"Bebida, capuccino tradicional (leite desnatado, café descafeinado - infusão e canela em pó), c/ açúcar,",Bebidas,54,2.11,10.3,0.34,0.76
C0637F,"Carne, bovina, patinho, s/ gordura, refogada (c/ óleo, cebola e alho), s/ sal, Bos taurus,",Carnes e derivados,165,27.9,0.61,5.61,0.14
C0180C,"Tâmara, seca,",Frutas e derivados,311,2.00,70.4,0.20,9.70
C0174B,"Salada, couve, crua, c/ molho vinagrete (tomate, cebola, salsinha, vinagre e óleo), c/ sal, Brassica oleracea var. Acephala,",Vegetais e derivados,50,2.26,2.35,2.91,2.48
C0338N,"Papa de carne bovina (músculo), feijão carioca, batata baroa (mandioquinha, salsa) e abóbora cabotian (japonesa), c/ caldo de frango, c/ cebola e azeite de oliva, c/ sal,",Alimentos para fins especiais,110,10.7,5.99,4.41,1.85
C0120T,"Lentilha, cozida, c/ toucinho defumado (bacon), c/ óleo, cebola e alho, c/ sal,",Leguminosas e derivados,163,8.97,11.8,7.59,5.63
C0386N,"Papa de peito de frango, ervilha e abóbora (jerimum), c/ caldo de frango, c/ cebola, s/ óleo, c/ sal,",Alimentos para fins especiais,75,12.2,2.76,1.34,1.59
C0046A,"Biscoito, doce, recheado, recheio sabor chocolate, Marilan,",Cereais e derivados,478,6.80,69.0,18.9,2.50
C0307N,"Papa de feijão preto, batata, abóbora (jerimum) e cenoura, c/ caldo de frango, c/ cebola, s/ soja, s/ sal,",Alimentos para fins especiais,45,2.88,5.04,0.39,4.85
C0218T,"Chilli de carne, c/ feijão, c/ sal, (carne moída (acém) feijão rajado, rosinha e carioca, tomate, pimentão, c/ pimenta-do-reino, c/ óleo, cebola e alho, c/ sal),",Leguminosas e derivados,93,7.88,5.66,3.03,5.80
C0421N,"Creme de abacate, c/ iorgurte integral, s/ açúcar,",Alimentos para fins especiais,70,2.01,2.70,5.07,2.82
C0035B,"Tomate, cru, Lycopersicon esculentum,",Vegetais e derivados,18,1.04,2.22,0.17,1.60
C0053T,"Soja, grão, tostada, s/ casca, moída, Glycine max L. Merril,",Leguminosas e derivados,549,34.0,14.0,37.6,9.51
C0736B,"Sopa de entulho, c/ carne e vegetais, c/ feijão vermelho, c/ sal, (carne bovina músculo, c/ caldo de carne, cenoura, repolho, nabo, batata e feijão vermelho, c/ óleo, cebola e alho, c/ sal),",Vegetais e derivados,70,7.94,3.67,2.24,1.53
C1061A,"Bolo, trigo, c/ recheio de creme de confeiteiro e frutas, c/ cobertura de chantilly, caseiro, (farinha de trigo, ovo, leite, manteiga, amido de milho, creme de leite, açúcar, pêssego, figo e cereja em calda e fermento químico),",Cereais e derivados,335,5.25,42.7,16.8,0.82
C0671B,"Salada, agrião, cru, c/ molho de salada - salsa, suco de limão, azeite de oliva, c/ sal,",Vegetais e derivados,55,3.00,1.05,3.86,1.92
C0046N,"Bebida, chá, lata/garrafa, pêssego, light, Lipton,",Alimentos para fins especiais,1,0.00,0.34,0.00,0.00
C0198C,"Suco, clorofila, (couve, pepino, maçã, alface, gengibre, limão e aveia),",Frutas e derivados,26,0.70,4.47,0.35,0.95
C0024H,"Bebida, infusão, malvariço, planta, folha, s/ açúcar, Plectraanthus amboinicus (Lour.) Spreng.,",Bebidas,1,0.00,0.30,0.00,0.00
C0190E,"Peixe, água salgada, merluza, cozido, drenado, s/ óleo, s/ sal, Merlucius hubbsi,",Pescados e Frutos do mar,99,19.3,0.00,2.42,0.00
C0200N,"Papa de feijão preto, ovo e macarrão, c/ caldo de frango, c/ cebola, c/ azeite de oliva, c/ sal,",Alimentos para fins especiais,94,5.18,6.16,4.64,3.19
C0286B,"Jiló, c/ casca, frito (c/ óleo de soja), c/ sal, Solanum gilo,",Vegetais e derivados,262,1.75,1.70,26.2,6.01
C0030K,"Rapadura,",Produtos açucarados,368,0.67,90.0,0.63,0.00
C0655N,"Papa de carne bovina moída (patinho), fubá e espinafre, c/ caldo de carne, c/ cebola e óleo de soja, s/ sal,",Alimentos para fins especiais,130,13.8,6.97,4.86,0.81
C0330A,"Sanduíche, pão forma integral, c/ peito de peru defumado, queijo minas, c/ maionese,",Cereais e derivados,228,12.3,19.2,10.8,2.03
C0039G,"Leite, vaca, integral, em pó (média de várias amostras),",Leite e derivados,498,26.0,39.0,26.4,0.00
C0525F,"Carne, boi, charque (carne seca, carne de sol, jaba), c/ mandioca (aipim, macaxeira), extrato de tomate, pimentão, cebolinha, c/ óleo, cebola e alho, c/ sal,",Carnes e derivados,198,20.5,11.3,7.71,0.89
C0087G,"Molho de iogurte para salada, c/ sal, (salsa, suco de limão, alho, azeite de oliva, pepino, iogurte natural, c/ sal),",Leite e derivados,110,2.95,6.31,7.97,0.69
C0124B,"Pão, de queijo, industrializado, massa congelada, crua,",Vegetais e derivados,295,3.65,38.7,14.0,
C0534F,"Carne, frango, caipira, inteiro, s/ pele, cozida, salsa, c/ óleo, cebola e alho, c/ pimenta-do-reino, c/ sal,",Carnes e derivados,191,27.7,0.96,8.39,0.23
C0167H,"Bebida alcóolica, licor, cointreau,",Bebidas,391,0.00,38.9,3.00,0.00
C0512E,"Peixe, água doce, Pirarucu, cultivado em Rondonia, à milanesa (a partir do peixe fresco), c/ sal, (peixe, água doce, pirarucu, farinha de trigo, farinha de rosca, ovo, frito (c/ óleo de soja), c/ sal) (média de peixes com diferentes pesos e cortes), Arapaima gigas,",Pescados e frutos do mar,255,23.9,14.0,11.4,0.71
C0141C,"Suco natural, manga, s/ açúcar,",Frutas e derivados,20,0.17,4.36,0.10,0.68
C0402N,"Papa de batata, cenoura e carne bovina moída (patinho), c/ caldo de frango, c/ cebola, s/ óleo, c/ sal,",Alimentos para fins especiais,91,13.3,3.15,2.65,0.86
C0297E,"Cestinha de frutos do mar, c/ queijo parmesão tostado, c/ sal, (queijo parmesão tostado, frutos do mar - camarão, lula e polvo, salsa, pimenta do reino, c/ óleo, cebola e alho, c/ sal),",Pescados e Frutos do mar,257,23.6,3.13,16.1,1.36
C0630A,"Capeleti, c/ carne moída refogada, s/ molho, caseiro, c/ sal, (massa com farinha de trigo, carne bovina, patinho moído, refogada, c/ óleo, cebolha e alho, c/ sal),",Cereais e derivados,166,7.77,27.9,2.25,1.49
C0559F,"Fricassé de carne moída, s/ sal, (carne moída (patinho), cogumelo paris, creme de leite, conhaque, vinho branco, c/ molho branco (farinha de trigo, manteiga e leite), c/ manteiga, cebola e alho, c/ pimenta-do-reino, s/ sal),",Carnes e derivados,203,17.6,3.30,12.3,0.31
C0130T,"Sopa, feijão, preto, c/ macarrão, s/ sal, (feijão preto, c/ macarrão, c/ caldo de carne, c/ óleo, cebola e alho, s/ sal),",Leguminosas e derivados,65,3.47,7.60,1.18,4.91
C0165H,"Bebida, café - infusão 10%, c/ substituto do leite - extrato de soja, natural (meio a meio), c/ açúcar,",Bebidas,50,0.47,10.9,0.49,0.14
C0278A,"Sanduíche, queijo quente, pão forma integral, c/ queijo muçarela, c/ manteiga,",Cereais e derivados,328,14.9,22.4,19.3,2.64
C0095C,"Açaí, polpa, com xarope de guaraná e glucose,",Frutas e derivados,118,0.72,19.7,3.66,1.72
C0053F,"Carne, boi, acém, crua, Bos taurus,",Carnes e derivados,132,19.4,1.38,5.45,0.00
C0785B,"Farofa, toucinho defumado (bacon), s/ sal, (farinha de mandioca (aipim, macaxeira), toucinho defumado (bacon), azeitona, salsa, c/ óleo, cebola e alho, s/ sal),",Vegetais e derivados,454,8.33,46.4,25.2,4.06
C0215N,"Papa de carne bovina moída (acém), cenoura e batata baroa (mandioquinha, batata salsa), c/ caldo de frango, c/ cebola e azeite de oliva, s/ sal,",Alimentos para fins especiais,114,10.2,4.54,5.92,0.92
C0398E,"Peixe, água salgada, pescada, branca, ensopado (c/ cebola, tomate e pimentão), c/ óleo, s/ sal, Cynoscion spp.,",Pescados e Frutos do mar,161,17.6,0.46,9.92,0.51
C0434F,"Carne, boi, paleta, s/ gordura, cozida, c/ ervilha e cenoura, c/ molho de tomate (tomate, c/ óleo, cebola e alho), s/ sal,",Carnes e derivados,123,16.0,3.31,4.79,1.55
C0006N,"Gelatina, cereja, em pó, diet, Oetker,",Alimentos para fins especiais,369,48.5,42.4,0.60,0.09
C0151B,"Abóbora, moranga, refogada (c/ óleo, cebola e alho), c/ sal,",Vegetais e derivados,30,0.39,4.44,0.80,1.55
C0095G,"Bebida, leite integral, c/ achocolatado em pó (10%), s/ açúcar,",Bebidas,98,3.04,13.9,3.20,0.60
C0005R,"Bolo, laranja, mistura p/, Oetker,",Alimentos industrializados,366,7.00,82.2,0.70,1.53
C0157B,"Berinjela, c/ casca, cozida, drenada, s/ óleo, c/ sal, Solanum melongena L.,",Vegetais e derivados,26,0.79,4.29,0.24,1.91
C0016A,"Arroz, integral, cozido, s/ sal, s/ óleo, Orysa sativa L.,",Cereais e derivados,108,2.44,21.4,0.87,2.12
C0201B,"Acelga, refogada, (c/ óleo, cebola e alho), s/ sal,",Vegetais e derivados,36,1.60,3.79,1.31,1.26
C0438N,"Papa de carne bovina moída (acém), macarrão e brócolis, c/ caldo de carne, c/ cebola e óleo de soja, s/ sal,",Alimentos para fins especiais,126,11.8,4.86,6.40,0.93
C0171B,"Molho, vinagrete, s/ sal, (tomate, cebola, salsinha, vinagre e óleo, s/ sal),",Vegetais e derivados,100,0.87,4.78,8.47,1.00
C0044K,"Chocolate, amargo, Dupy, Neugebauer,",Produtos açucarados,577,7.79,35.0,42.6,10.9
C0924A,"Panetone, c/ chocolate e nozes, caseiro, (farinha de trigo, manteiga, ovo, fermento biológico, chocolate ao leite, nozes, c/ sal, c/ açúcar),",Cereais e derivados,505,11.0,57.4,25.1,2.70
C0578F,"Carne, boi, costela, assada, c/ batata e cebola, s/ óleo, c/ sal,",Carnes e derivados,265,19.5,6.09,17.9,0.62
C0664N,"Papa de carne bovina moída (acém), fubá e espinafre, c/ caldo de carne, c/ cebola, s/ óleo, s/ sal,",Alimentos para fins especiais,112,10.9,7.36,4.10,1.19
C0570A,"Canelone, c/ ricota, s/ molho, caseiro, c/ sal, (massa com farinha de trigo, c/ ricota, c/ sal),",Cereais e derivados,147,9.83,14.6,5.29,0.65
C0584A,"Panqueca, c/ peito de frango refogado, c/ molho de tomate, caseira, c/ sal, (massa - leite, farinha de trigo e ovo, c/ peito de frango refogado, c/ molho de tomate (tomate, c/ óleo, cebola e alho), c/ sal),",Cereais e derivados,175,17.8,10.1,6.88,0.85
C0021D,"Óleo, amendoim, Arachis hypogaea L.,",Gorduras e óleos,900,0.00,0.00,100.0,0.00
C0050N,"Refrigerante, tipo guaraná, c/ adoçante,",Alimentos para fins especiais,0,0.10,1.42,0.00,0.00
C0076G,"Vitamina, leite de vaca integral c/ mamão, s/ açúcar,",Leite e derivados,59,2.26,7.12,2.25,0.57
C0471N,"Papa de peito de frango, fubá e couve, c/ caldo de frango, c/ cebola, s/ óleo, s/ sal,",Alimentos para fins especiais,92,12.3,6.95,1.40,0.95
C0497B,"Salada, beterraba cozida, cebola, c/ molho de salada - salsa, vinagre de maçã, azeite de oliva, c/ sal,",Vegetais e derivados,60,1.37,4.94,3.48,1.93
C0206C,"Suco natural, frutas vermelhas (morango, amora, mirtilo e framboesa), c/ açúcar,",Frutas e derivados,41,0.44,8.76,0.19,1.11
C0468A,"Milho, fubá/polenta, frita, c/ óleo de soja, c/ sal,",Cereais e derivados,352,5.48,58.5,9.91,3.40
C0214E,"Peixe, água salgada, filé/ posta, assado/grelhado, s/ óleo, s/ sal (média de várias espécies),",Pescados e Frutos do mar,123,23.3,0.00,3.34,0.00
C0168C,"Uva, passa, branca,",Frutas e derivados,313,4.25,69.1,1.03,5.06
C0701A,"Cuscuz, marroquino (semolina), c/ cenoura, abobrinha, aipo e castanha de caju, c/ sal, (semolina, cenoura, abobrinha, aipo, castanha de caju, hortelã, pimenta-do-reino, açafrão, c/ óleo e cebola, c/ sal),",Cereais e derivados,133,4.05,12.5,6.99,2.06
C0075E,"Peixe, água salgada, sardinha, filé, cozido/30 min, s/ óleo, s/ sal, Sardinella brasiliensis,",Pescados e Frutos do mar,144,27.3,1.90,3.07,0.00
C0059R,"Pudim, morango, mistura p/, Oetker,",Alimentos industrializados,380,,94.2,0.10,1.22
C0819B,"Creme, abóbora, cabotian (japonesa), c/ carne seca, c/ sal, (abóbora, cabotian (japonesa), carne seca dessalgada, salsa, c/ caldo de carne, c/ molho branco (farinha de trigo, manteiga e leite), c/ óleo, cebola e alho, c/ sal),",Vegetais e derivados,98,7.25,5.89,4.85,0.96
C0420E,"Peixe, água salgada, cação, posta, cozido, ao c/ molho de tomate (tomate, c/ óleo, cebola e alho), s/ sal, Carcharhinus spp.,",Pescados e Frutos do mar,95,17.0,2.63,1.70,0.51
C0263A,"Sanduíche, misto quente, pão forma integral, c/ presunto, queijo muçarela, c/ maionese,",Cereais e derivados,245,13.1,18.8,12.6,2.03
C0417F,"Carne, boi, miolo de alcatra, s/ gordura, grelhada, c/ molho de mostarda (creme de leite, suco de limão e mostarda), s/ sal,",Carnes e derivados,235,25.8,4.31,12.7,0.03
C0526N,"Papa de carne bovina moída (patinho), cenoura e batata baroa (mandioquinha, batata salsa), c/ caldo de carne, c/ cebola e azeite de oliva, c/ sal,",Alimentos para fins especiais,114,13.2,4.41,4.69,0.92
C0048A,"Biscoito, doce, recheado, recheio sabor morango, Marilan,",Cereais e derivados,479,5.90,69.8,19.2,1.80
C0687A,"Pizza, vegetariana, caseira, (massa (farinha de trigo, óleo, fermento biológico, sal e açúcar), brócolis, pimentão vermelho, champignon paris, azeitona preta, c/ molho de tomate (tomate, c/ óleo, cebola e alho, c/ sal), c/ azeite de oliva),",Cereais e derivados,234,6.34,37.4,5.97,2.37
C0348E,"Crustáceo, camarão, s/ casca, cozido, c/ molho branco (farinha de trigo, manteiga e leite), s/ sal, Penaeus brasiliensis,",Pescados e Frutos do mar,105,15.4,3.22,3.35,0.05
C0129F,"Carne, frango, inteiro, c/ pele, crua, Gallus gallus,",Carnes e derivados,218,16.2,0.00,17.0,0.00
C0739B,"Sopa de entulho, c/ vegetais, c/ feijão vermelho, s/ sal, (cenoura, repolho, nabo, batata e feijão vermelho, c/ caldo de vegetais, c/ óleo, cebola e alho, s/ sal),",Vegetais e derivados,40,1.95,5.04,0.90,2.10
C0966F,"Carne, bovina, picanha, c/ gordura, grelhada, s/ óleo, c/ sal, Bos taurus ,",Carnes e derivados,280,26.2,0.01,19.4,0.00
C0395B,"Salada, folhas, s/ óleo, s/ sal, (alface lisa, alface roxa, rúcula, s/ óleo, c/ sal),",Vegetais e derivados,14,1.69,0.29,0.15,2.26
C0105E,"Peixe, água doce, filé, grelhado/assado, s/ óleo, s/ sal (média de 7 espécies),",Pescados e Frutos do mar,161,22.3,0.00,8.03,0.00
C0607A,"Macarrão, trigo, integral, c/ frango e cogumelos, s/ sal, (massa com trigo integral, peito de frango, cogumelo paris e shiitake, queijo parmesão, salsa, cebolinha, c/ óleo, cebola e alho, s,/ sal),",Cereais e derivados,136,8.26,16.0,3.64,2.79
C0651F,"Carne, boi, acém, s/ gordura, frita (c/ óleo de soja), s/ sal, Bos taurus,",Carnes e derivados,261,24.6,0.00,18.0,0.00
C0129A,"Milho, pipoca, s/ sal, preparado com óleo,",Cereais e derivados,436,9.93,56.0,15.9,14.3
C0023R,"Gelatina, limão, em pó, Oetker,",Alimentos industrializados,394,6.10,91.8,0.30,0.00
C0427A,"Pizza, portuguesa, assada, (massa (farinha de trigo, óleo, fermento biológico, sal e açúcar), presunto, ovo, cebola, tomate e azeitona, c/ molho de tomate (tomate, c/ óleo, cebola e alho, c/ sal), c/ azeite de oliva),",Cereais e derivados,249,9.82,27.2,10.7,2.38
C1105B,"Yacón (batata yácon), raiz, s/ casca, cozida, s/ óleo, s/ sal,",Vegetais e derivados,45,0.33,9.28,0.07,2.86
C0296C,"Tapereba (cajá-da-mata), in natura, Spomdias mombin L.,",Frutas e derivados,49,0.95,8.51,0.24,4.65
C0241F,"Carne, frango, peito, s/ pele, cozida, c/ molho de tomate (tomate, c/ óleo, cebola e alho), c/ sal, Gallus gallus,",Carnes e derivados,127,25.4,0.44,2.67,1.34
C0180F,"Linguiça, crua (média de vários tipos),",Carnes e derivados,251,15.7,0.80,20.5,
C0393B,"Salada, folhas, c/ molho para salada, c/ sal, (alface lisa, alface roxa, rúcula, c/ molho de salada - salsa, suco de limão, azeite de oliva, c/ sal),",Vegetais e derivados,45,1.68,0.76,3.44,2.17
C0079G,"Vitamina, leite de vaca integral c/ abacate, c/ açúcar,",Leite e derivados,83,2.44,9.75,3.67,0.81
C0146B,"Espinafre, folha, cozida, drenado, s/ óleo, c/ sal, Tetragonia expansa,",Vegetais e derivados,20,1.84,1.57,0.26,1.90
C0180K,"Xarope, milho,",Produtos açucarados,309,0.00,76.8,0.20,0.00
C0746F,"Carne, frango, asa, c/ pele, à milanesa (ovo e farinha de rosca), frita (c/ óleo de soja), c/ sal, Gallus gallus,",Carnes e derivados,393,22.5,14.6,26.9,0.96
C0830B,"Sopa, mandioca (aipim, macaxeira), c/ peito de frango, s/ sal, (mandioca (aipim, macaxeira), peito de frango, c/ caldo de vegetais, salsa, c/ óleo, cebola e alho, s/ sal),",Vegetais e derivados,85,5.69,12.0,1.36,0.93
C0462F,"Carne, boi, picanha, c/ gordura, grelhada, c/ manteiga, s/ sal,",Carnes e derivados,330,23.7,0.01,26.2,0.00
C0227B,"Abóbora, pescoço, s/ casca, s/ semente, cozida, drenada, s/ óleo, s/ sal,",Vegetais e derivados,26,0.73,4.17,0.13,2.51
C0248T,"Pizza, massa de grão de bico, c/ queijo vegano e tomate, (grão de bico, aveia em flocos, alho pó, água, cúrcuma, fermento biológico, azeite de oliva, tomate, leite de coco, polvilho, páprica, orégano, molho de tomate (tomate, c/ óleo, cebola e alho), c/ sal),",Leguminosas e derivados,178,4.62,16.6,9.51,3.74
C0104G,"Bebida, leite desnatado, c/ achocolatado em pó (10%), s/ açúcar,",Bebidas,75,3.09,13.9,0.61,0.60
C0062B,"Alface, roxa, crua, Lactuca sativa L.,",Vegetais e derivados,11,0.91,0.48,0.19,2.01
C0150F,"Carne, ovino, capão, paleta, crua,",Carnes e derivados,163,20.3,0.00,9.16,0.00
C0677B,"Salada, beterraba, crua, c/ molho de salada - salsa, vinagre de maçã, azeite de oliva, c/ sal,",Vegetais e derivados,74,1.88,7.33,3.43,3.13
C0301N,"Papa de carne bovina (músculo), feijão carioca, batata, abóbora (jerimum) e cenoura, c/ caldo de frango, c/ cebola, s/ óleo, c/ sal,",Alimentos para fins especiais,84,10.7,3.86,2.40,1.87
C0178C,"Damasco, seco,",Frutas e derivados,254,3.39,55.4,0.51,7.30
C0184E,"Peixe, água salgada, porquinho, ensopado (c/ cebola, tomate e pimentão), c/ óleo, c/ sal, Prochilodus spp.,",Pescados e Frutos do mar,138,21.1,0.20,5.75,0.51
C0253C,"Suco, néctar, morango, c/ suco de maçã, c/ açúcar,",Frutas e derivados,40,0.17,9.54,0.10,0.40
C0455A,"Milho, pipoca, preparada, c/ óleo de soja, c/ sal,",Cereais e derivados,434,9.88,55.7,15.9,14.3
C0070A,"Bolo, baunilha, recheio sabor morango, Lanchucco,",Cereais e derivados,407,5.97,54.9,18.2,0.00
C0423E,"Peixe, água salgada, pescada, cozido, ao c/ molho de tomate (tomate, c/ óleo, cebola e alho), s/ sal, Macrodon oncylodon,",Pescados e Frutos do mar,111,16.4,0.21,4.91,0.51
C0032R,"Maria mole, chocolate, em pó, Ducoco,",Alimentos industrializados,375,31.7,58.2,1.05,3.14
C0052H,"Bebida, chá, infusão, cidreira, planta, folha, c/ açúcar, Lippia alba (Mill.) N.E. Brown,",Bebidas,25,0.02,6.18,0.00,0.00
C0287B,"Berinjela, c/ casca, grelhada, s/ óleo, c/ sal, Solanum melongena L.,",Vegetais e derivados,22,1.25,2.34,0.16,3.35
C0164H,"Bebida, café - infusão 10%, c/ substituto do leite - bebida vegetal à base de arroz (meio a meio), s/ açúcar,",Bebidas,28,0.48,5.27,0.52,0.15
C0291C,"Abricó (damasco), in natura, Mammea americana,",Frutas e derivados,57,0.30,10.00,1.00,3.50
C0229T,"Sopa, feijão preto, c/ carne bovina, c/ macarrão, c/ vegetais, s/ sal, (feijão preto, c/ carne bovina músculo, c/ macarrão, c/ batata, abóbora (jerimum) e repolho, c/ caldo de carne, c/ óleo, cebola e alho, s/ sal),",Leguminosas e derivados,73,5.54,7.00,1.76,3.26
C0776F,"Carne, frango, coração, refogada (c/ óleo, cebola e alho), s/ sal, Gallus gallus,",Carnes e derivados,418,25.9,0.61,34.6,0.14
C0199E,"Peixe, água salgada, salmão, filé, s/ pele, cozido, drenado, s/ óleo, c/ sal, Salmo salar L.,",Pescados e Frutos do mar,185,23.5,1.00,10.1,0.00
C0285E,"Ceviche de frutos do mar, c/ atum, cru, e frutos do mar cozidos, c/ sal, (peixe, água salgada, atum, cru, frutos do mar cozidos - camarão, lula, polvo e vieira, c/ cebola, suco de limão, pepino, tomate, pimenta jalapeño, coentro, salsa, c/ azeite de oliva, c/ pimenta do reino, c/ sal),",Pescados e Frutos do mar,105,17.6,2.07,2.77,0.46
C0708F,"Carne, porco, pernil, frita (c/ óleo de soja), c/ sal, Sus ssp,",Carnes e derivados,304,29.4,0.00,20.7,0.00
C0549A,"Arroz com couve, c/ arroz polido, c/ sal, (arroz polido, c/ couve, c/ óleo, cebola e alho, c/ sal),",Cereais e derivados,117,2.49,20.5,2.45,1.74
C0045R,"Pão de queijo, mistura p/, Hikari,",Alimentos industrializados,421,3.65,70.0,14.0,
C0045T,"Soja, extrato, c/ suco de abacaxi, Glycine max L.,Tonyu,",Leguminosas e derivados,68,1.30,13.8,0.77,0.34
C0192A,"Macarrão, c/ molho bolonhesa, s/ sal, (macarrão - espaguete, carne bovina - patinho moído, tomate, cebola, alho, c/ óleo de soja, s/ sal),",Cereais e derivados,115,4.93,21.7,0.89,0.78
C0791B,"Farofa, ovos com toucinho defumado (bacon), s/ sal, (farinha de mandioca (aipim, macaxeira), ovo, bacon, azeitona, salsa, c/ óleo, cebola e alho, s/ sal),",Vegetais e derivados,364,6.03,46.5,16.1,3.95
C0229B,"Chuchu, s/ casca, cozido, drenado, c/ óleo de soja, s/ sal, Sechium edule,",Vegetais e derivados,42,0.49,3.61,2.54,1.36
C0023C,"Maçã, c/ casca, in natura, Malus spp.,",Frutas e derivados,64,0.29,13.6,0.49,2.07
C0020J,"Ovo, pata, inteiro, cru,",Ovos e derivados,164,12.2,2.34,11.8,0.00
C0003L,"Caldo, carne, tablete, Maggi,",Miscelâneas,248,8.40,19.8,14.4,1.00
C0924B,"Flor de abóbora, cozida, drenada, s/ óleo, s/ sal,",Vegetais e derivados,16,1.09,2.40,0.08,0.90
C0116B,"Couve-flor, cozida, drenada, s/ óleo, c/ sal, Brassica oleracea var. botrytis L.,",Vegetais e derivados,16,1.28,1.36,0.20,2.05
C0073K,"Sagu, mistura p/, preparada (média de diferentes sabores),",Produtos açucarados,122,0.00,30.5,,
C0398F,"Carne, boi, lagarto, cozida, c/ cenoura e ervilha, c/ molho de tomate (tomate, c/ óleo, cebola e alho), s/ sal,",Carnes e derivados,138,17.6,3.31,5.69,1.55
C0256B,"Mostarda, folha, refogada (c/ óleo, cebola e alho), c/ sal, Brassica juncea (L.),",Vegetais e derivados,58,3.69,4.36,2.05,3.79
C0047R,"Pudim, baunilha, mistura p/ (média de diferentes marcas),",Alimentos industrializados,385,0.46,95.4,0.14,0.41
C0151F,"Carne, ovino, capão, perna, crua,",Carnes e derivados,142,19.9,0.00,7.00,0.00
C0449E,"Peixe, água salgada, porquinho, frito (c/ óleo de soja), s/ sal, Prochilodus spp.,",Pescados e Frutos do mar,129,19.6,0.00,5.66,0.00
C0092A,"Cereais, farinha, morango/pera/banana, vitamina, Neston,",Cereais e derivados,390,5.19,90.9,0.60,0.00
C0730F,"Carne, boi, de primeira (alcatra, contrafilé, coxão mole, filé mignon, lagarto, patinho), refogada (c/ óleo, cebola e alho), c/ sal, Bos taurus,",Carnes e derivados,193,28.4,0.61,8.50,0.13
C0279T,"Grão de bico, cozido (50% grão e 50% caldo), c/ óleo de soja, cebola e alho, s/ sal,",Leguminosas e derivados,72,3.92,7.27,2.14,3.87
C0116N,"Papa de fígado bovino, batata e cenoura, c/ caldo de frango, c/ cebola, s/ óleo, c/ sal,",Alimentos para fins especiais,103,12.6,4.39,3.68,0.77
C0059H,"Bebida, café, descafeinado, infusão, s/ açúcar,",Bebidas,9,0.10,1.69,0.18,0.00
C0196F,"Peru , peito, defumado,",Carnes e derivados,124,19.6,2.93,3.80,
C0308A,"Sanduíche, pão francês, c/ presunto, c/ margarina,",Cereais e derivados,274,10.5,33.4,10.6,1.45
C0633B,"Salada, rúcula, c/ azeite de oliva, c/ sal,",Vegetais e derivados,143,2.12,0.25,14.3,2.08
C0899B,"Repolho, roxo, refogado (c/ óleo, cebola e alho), c/ sal, Brassica oleracea L.,",Vegetais e derivados,45,1.80,5.79,1.24,1.74
C0634F,"Carne, boi, patinho, s/ gordura, frita (c/ óleo de soja), c/ sal, Bos taurus,",Carnes e derivados,263,32.9,0.00,14.7,0.00
C0180N,"Papa de carne bovina moída (patinho), fubá e couve, c/ caldo de frango, c/ cebola, s/ óleo, c/ sal,",Alimentos para fins especiais,46,2.24,7.32,0.47,1.96
C0835B,"Caponata de berinjela, conserva de berinjela, s/ sal, (berinjela, pimentões coloridos, uva passa, azeite de oliva, vinagre de maçã, c/ óleo, cebola e alho, c/ pimenta-do-reino, s/ sal),",Vegetais e derivados,213,1.29,8.69,18.8,1.90
C1142B,"Cogumelo, à milanesa, c/ sal (média de diferentes tipos) (cogumelo, farinha de trigo, farinha de rosca, ovo, frito (c/ óleo de soja), s/ sal),",Vegetais e derivados,178,5.46,16.6,9.12,3.75
C0157F,"Carne, porco, preparada, s/ sal (média de diferentes cortes e preparos), Sus ssp.,",Carnes e derivados,287,32.1,0.79,17.3,0.00
C0401B,"Salada, folhas, s/ óleo, s/ sal, (alface lisa, alface roxa, rúcula, s/ óleo, s/ sal),",Vegetais e derivados,13,1.49,0.44,0.25,1.75
C0104A,"Cereal matinal, milho, corn flakes, Nestlè,",Cereais e derivados,376,6.10,85.1,1.00,1.00
C0660F,"Carne, boi, charque (carne seca, carne de sol, jaba), dessalgada, frita (c/ óleo de soja), s/ sal, Bos taurus,",Carnes e derivados,305,33.5,0.00,19.0,0.00
C0036L,"Molho tártaro, c/ sal, caseiro, (picles pepino, maionese, mostarda, vinagre, c/sal),",Miscelâneas,135,0.48,5.45,12.4,0.67
C0649B,"Salada, brócolis cozido, tomate, queijo minas, azeitona, cebola, c/ molho vinagrete (tomate, cebola, salsa, vinagre e azeite de oliva), c/ sal,",Vegetais e derivados,88,4.30,2.87,7.25,2.06
C0291F,"Carne, boi, quarto traseiro, s/ gordura, grelhada, c/ molho de tomate (tomate, c/ óleo, cebola e alho), c/ sal,",Carnes e derivados,194,26.0,1.20,9.33,0.50
C1073B,"Salada, acelga, c/ tomate, c/ azeite de oliva, c/ sal,",Vegetais e derivados,43,1.17,2.67,2.82,1.36
C0332B,"Cenoura, s/ casca, cozida, drenada, c/ óleo de soja, s/ sal, Daucus carota L.,",Vegetais e derivados,61,0.51,2.02,5.18,2.07
C0204C,"Framboesa, in natura,",Frutas e derivados,45,1.20,5.44,0.65,6.50
C0070G,"Leite, vaca, desnatado, UHT, Vigor,",Leite e derivados,39,2.98,5.95,0.36,0.00
C0160A,"Pão, trigo, sovado,",Cereais e derivados,300,8.40,59.0,2.84,2.43
C0369F,"Carne, boi, coxão mole (polpa, chã de dentro), s/ gordura, cozida, c/ óleo, cebola e alho, c/ sal,",Carnes e derivados,211,30.7,0.56,9.57,0.12
C0113N,"Papa de fígado bovino, batata e cenoura, c/ caldo de frango, c/ cebola, c/ óleo de soja, c/ sal,",Alimentos para fins especiais,120,12.6,4.25,5.68,0.73
C0793A,"Milho, creme, pó, cru,",Cereais e derivados,371,4.82,82.4,1.64,3.72
C0347F,"Carne, boi, contra-filé, s/ gordura, grelhada, c/ molho de mostarda (creme de leite, suco de limão e mostarda), c/ sal,",Carnes e derivados,188,29.0,2.70,6.88,0.03
C0129T,"Sopa, feijão, preto, c/ macarrão, c/ sal, (feijão preto, c/ macarrão, c/ caldo de carne, c/ óleo, cebola e alho, c/ sal),",Leguminosas e derivados,65,3.47,7.60,1.18,4.91
C0232T,"Sopa, feijão preto, c/ carne bovina, c/ macarrão, c/ vegetais, c/ sal, (feijão preto, c/ carne bovina músculo, c/ macarrão, c/ batata, abobrinha, repolho e chuchu, c/ caldo de carne, c/ óleo, cebola e alho, c/ sal),",Leguminosas e derivados,52,5.25,6.34,1.69,2.87
C0342B,"Inhame, s/ casca, cozido, drenado, s/ óleo, s/ sal, Colocasia esculenta,",Vegetais e derivados,89,2.29,18.9,0.14,1.60
C0206F,"Quibe, bovino, cru, s/ sal, (trigo para quibe, carne bovina patinho, cebola, cebolinha, hortelã, pimenta-do-reino, canela, s/ sal),",Carnes e derivados,108,12.4,10.8,1.67,
C0666A,"Sopa, milho, fubá, c/ couve, c/ linguiça calabresa, c/ sal, (milho, fubá, couve, linguiça calabresa, c/ caldo de frango, c/ óleo, cebola e alho, c/ sal),",Cereais e derivados,83,3.65,9.40,3.13,1.30
C0944B,"Charuto de repolho, c/ carne suína refogada, s/ molho, s/ sal, (repolho branco, recheado com arroz e carne suína refogado, c/ óleo, cebolha e alho), s/ sal),",Vegetais e derivados,118,9.41,8.58,4.89,0.96
C0363B,"Bebida, refresco, beterraba, c/ açúcar,",Vegetais e derivados,44,0.56,10.0,0.03,0.93
C0407F,"Carne, boi, maminha, grelhada, c/ molho de mostarda (creme de leite, suco de limão e mostarda), c/ sal,",Carnes e derivados,225,24.9,2.18,12.8,0.03
C0410B,"Salada, vegetais crus, c/ molho de salada , c/ sal, (tomate, cebola, c/ molho de salada - salsa, vinagre de maçã, azeite de oliva, c/ sal),",Vegetais e derivados,54,1.19,3.26,3.69,1.61
C0469E,"Pasta de sardinha, caseira, c/ sal, (sardinha em conserva, maionese, mostarda, cebola, salsinha, cebolinha, pimenta-do-reino, c/ sal),",Pescados e Frutos do mar,118,0.65,5.90,10.1,0.52
C1040A,"Macarrão, trigo, c/ sardinha em conserva, salsa, c/ molho de tomate (tomate, c/ óleo, cebola e alho), c/ sal,",Cereais e derivados,141,5.42,18.4,4.84,1.13
C0110B,"Cheiro-verde (50% cebolinha verde, 50% salsa), cozido, s/ óleo, s/ sal,",Vegetais e derivados,26,2.14,2.68,0.35,1.93
C0565B,"Salada, chuchu, cebola, c/ molho de salada - salsa, vinagre de maçã, azeite de oliva, c/ sal,",Vegetais e derivados,56,0.90,4.59,3.45,1.51
C1011F,"Carne, quelônio, Tracajá, assada, s/ óleo, c/ sal, Podocnemis unifilis,",Carnes e derivados,225,27.3,0.00,2.26,0.00
C0145A,"Pão, trigo, gluten, forma,",Cereais e derivados,244,12.0,41.6,2.73,2.48
C1093B,"Batata, inglesa, s/ casca, assada, c/ óleo de soja, s/ sal,",Vegetais e derivados,129,2.39,17.8,5.04,1.55
C0223N,"Papa de carne bovina moída (acém), abóbora (jerimum) e chuchu, c/ caldo de frango, c/ cebola, s/ óleo, s/ sal,",Alimentos para fins especiais,95,10.8,2.98,4.23,0.87
C0167K,"Bombom, chocolate ao leite, recheado c/ caramelo, Smash, Nestlê,",Produtos açucarados,465,2.93,76.1,16.6,0.00
C0275B,"Feijão, broto, cozido, drenado, s/ óleo, s/ sal, Vigna radiata (L.) R. Wilczek,",Vegetais e derivados,45,4.17,5.79,0.10,1.97
C0385F,"Carne, boi, flanco, s/ gordura, cozida, c/ molho de tomate (tomate, c/ óleo, cebola e alho), c/ sal,",Carnes e derivados,165,23.8,0.82,7.24,0.50
C0032N,"Pão, trigo, aveia, c/ fibras, forma, diet,",Alimentos para fins especiais,289,12.3,50.1,3.29,4.78
C0594F,"Carne, boi, maminha, s/ gordura, assada, recheado - cebola, pimentão, tomate, linguiça calabresa, c/ pimenta-do-reino, s/ sal,",Carnes e derivados,140,26.2,1.02,3.47,0.27
C0117K,"Pastel, frito, c/ recheio, doce de leite,",Produtos açucarados,505,6.05,51.3,30.5,0.92
C0633F,"Carne, boi, patinho, s/ gordura, frita (c/ óleo de soja), s/ sal, Bos taurus,",Carnes e derivados,265,33.0,0.00,14.7,0.00
C0222T,"Feijão preto, c/ toucinho defumado (bacon), c/ óleo, cebola e alho, c/ sal,",Leguminosas e derivados,197,8.95,4.85,14.4,6.42
C1032F,"Carne, rã, coxa e dorso, frito (c/ óleo de soja), c/ sal, Rana catesbeiana,",Carnes e derivados,154,21.6,2.69,6.28,0.00
C0100B,"Tomate, molho, industrializado,",Vegetais e derivados,45,1.61,3.18,1.06,3.64
C0263E,"Paella de frutos do mar, s/ sal, (arroz polido, frutos do mar - camarão, lula, polvo, mexilhão, tomate, pimentão, ervilha, açafrão, c/ óleo, cebola e alho, c/ pimenta-do-reino, s/ sal),",Pescados e Frutos do mar,115,10.0,12.5,2.48,1.03
C0168H,"Bebida alcóolica, margarita (tequila, cointreau, suco de limão e sal),",Bebidas,255,0.00,11.3,0.87,0.00
C0635A,"Rondele, c/ carne moída refogada, s/ molho, caseiro, c/ sal, (massa com farinha de trigo, carne bovina, acém moído, refogado (c/ óleo, cebola e alho), c/ sal),",Cereais e derivados,192,17.6,12.7,7.70,0.73
C0926F,"Carne, boi, coxão mole (polpa, chã de dentro), s/ gordura, frita (c/ óleo de soja), c/ queijo muçarela, c/ sal,",Carnes e derivados,274,28.5,0.48,17.6,0.00
C0078A,"Bolo, chocolate, mistura p/,  preparado,",Cereais e derivados,407,6.22,53.3,18.5,1.43
C0340E,"Tempurá de camarão, (camarão, farinha de trigo e ovo, frito (c/ óleo de soja), c/ sal),",Pescados e Frutos do mar,189,13.2,7.42,11.7,0.26
C0986F,"Carne, rã, crua, Rana catesbeiana,",Carnes e derivados,69,15.5,0.00,0.75,0.00
C0146K,"Brigadeiro, c/ Amarula, caseiro, (leite condensado, chocolate, amarula, c/ manteiga),",Produtos açucarados,364,5.73,54.8,12.9,0.27
C0595N,"Papa de peixe (pescada branca), abóbora (jerimum), batata doce e couve, c/ caldo de peixe, c/ cebola e azeite de oliva, s/ sal,",Alimentos para fins especiais,93,7.08,6.57,3.94,1.52
C0143E,"Peixe, água salgada, cação, frito (c/ óleo de soja), c/ sal, Carcharhinus spp.,",Pescados e Frutos do mar,128,17.3,1.87,5.67,0.00
C0425E,"Peixe, água salgada, porquinho, cozido, ao c/ molho de tomate (tomate, c/ óleo, cebola e alho), s/ sal, Prochilodus spp.,",Pescados e Frutos do mar,93,19.2,0.12,1.69,0.51
C0009N,"Gelatina, limão, em pó, diet, Ducocco,",Alimentos para fins especiais,327,63.5,18.1,0.00,0.09
C0056T,"Soja, tofu, Glycine max L.,",Leguminosas e derivados,69,6.55,1.37,3.95,0.75
C0607B,"Salada, espinafre refogado, tomate, queijo minas, noz, s/ óleo, s/ sal,",Vegetais e derivados,179,6.78,3.45,14.8,2.46
C0519N,"Papa de carne bovina moída (patinho) e abóbora cabotian (japonesa), c/ caldo de carne, c/ cebola, s/ óleo, s/ sal,",Alimentos para fins especiais,103,14.5,3.66,3.11,1.05
C1096A,"Macarrão, trigo, c/ carne bovina músculo, salsa, pimenta-do-reino, c/ óleo de soja e alho, c/ sal,",Cereais e derivados,173,8.39,19.6,6.61,0.90
C0289N,"Papa de peixe (pescada branca) e cará, c/ caldo de frango, c/ cebola, s/ óleo, s/ sal,",Alimentos para fins especiais,82,8.75,6.14,2.29,1.06
C0060C,"Jamelão, in natura, Syzygium cumini Lamarck,",Frutas e derivados,42,0.55,8.85,0.11,1.78
C0733F,"Carne, boi, de segunda (acém, paleta, peito), frita (c/ óleo de soja), c/ sal, Bos taurus,",Carnes e derivados,291,23.9,0.00,21.7,0.00
C0528E,"Peixe, água doce, Tambaqui, frito (c/ óleo de soja), c/ sal (média de cortes e amostras), Colossoma macropomum,",Pescados e frutos do mar,125,26.3,0.00,2.17,0.00
C0136E,"Peixe, água salgada, atum, cozido, c/ molho branco (farinha de trigo, manteiga e leite), c/ sal, Thunnus thynnus,",Pescados e Frutos do mar,141,25.8,2.33,3.17,0.05
C0412N,"Papa de batata, cenoura e carne bovina moída (acém), c/ caldo de carne, c/ cebola e óleo de soja, c/ sal,",Alimentos para fins especiais,109,10.3,3.13,5.92,0.83
C0008H,"Cana, caldo (garapa), Saccharum officinarum,",Bebidas,73,,18.2,,0.14
C0003E,"Crustáceo, camarão, Sete Barbas, sem cabeça, com casca, frito, s/ sal,",Pescados e Frutos do mar,223,18.4,2.88,15.6,0.00
C0878B,"Batata baroa (mandioquinha, batata salsa), s/ casca, cozida, salsa, c/ azeite de oliva, c/ pimenta-do-reino, c/ sal,",Vegetais e derivados,118,0.80,16.2,5.16,1.65
C0090F,"Carne, cabrito, costela, crua, Capra hirbus,",Carnes e derivados,143,19.6,1.67,6.41,0.00
C0663A,"Sopa, milho, fubá, c/ sal, (milho, fubá, c/ salsa, cebolinha, c/ caldo de frango, c/ óleo, cebola e alho, c/ sal),",Cereais e derivados,69,1.93,12.2,1.16,1.15
C0429F,"Carne, boi, músculo, s/ gordura, cozida, c/ brócolis e cenoura, c/ óleo, cebola e alho, c/ sal,",Carnes e derivados,234,16.3,1.08,18.0,0.94
C0457N,"Papa de carne bovina moída (acém), cará e brócolis, c/ caldo de carne, c/ cebola e azeite de oliva, s/ sal,",Alimentos para fins especiais,115,10.7,3.99,6.00,1.26
C0216A,"Macarrão, trigo, c/ ovos, c/ manteiga, c/ sal,",Cereais e derivados,158,3.44,24.6,4.93,0.76
C0140B,"Batata, inglesa, s/ casca, assada, s/ óleo, s/ sal, Solanum tuberosum L.,",Vegetais e derivados,89,2.52,18.8,0.05,1.63
C0120A,"Macarrão, trigo, instantâneo, cru,",Cereais e derivados,429,8.79,56.8,17.2,5.61
C1048B,"Purê, batata inglesa, abóbora (jerimum), c/ manteiga, leite, c/ sal,",Vegetais e derivados,71,1.39,5.86,4.30,1.65
C0059J,"Omelete, c/ espinafre, c/ queijo muçarela, salsinha e cebolinha, c/ óleo e cebola, s/ sal,",Ovos e derivados,148,10.1,2.35,10.7,0.59
C0082N,"Bolo, laranja, simples, diet, caseiro, (farinha de trigo, ovo de galinha, laranja pera, adoçante, manteiga s/ sal e fermento químico),",Alimentos para fins especiais,259,7.18,38.4,8.30,1.12
C0767B,"Escondidinho de camarão, s/ sal, (mandioca (aipim, macaxeira), camarão refogado, tomate, salsa e queijo parmesão, c/ óleo, cebola e alho, s/ sal),",Vegetais e derivados,155,6.32,15.0,7.43,1.22
C0530E,"Peixe, água doce, Tucunaré, filé, assado, s/ óleo, c/ sal, Cichla ocellaris,",Pescados e frutos do mar,222,25.8,0.77,2.37,0.00
C0643B,"Salada, brócolis, cozido, s/ óleo, s/ sal,",Vegetais e derivados,27,2.71,1.16,0.54,3.28
C0196A,"Pão, batata, c/ farinha de trigo, caseiro, (farinha de trigo, leite, ovo, margarina, batata inglesa, fermento biológico, sal e açúcar),",Cereais e derivados,297,9.14,51.2,5.70,1.93
C0441N,"Papa de carne bovina moída (acém), macarrão e brócolis, c/ caldo de carne, c/ cebola, s/ óleo, s/ sal,",Alimentos para fins especiais,111,12.1,5.13,4.51,0.94
C1052A,"Prato de comida brasileiro, (90g arroz, polido, cozido + 140g feijão, preto, cozido (50% grão e 50% caldo) + 35g carne, boi, traseiro, grelhada + 110g batata sauté, c/ óleo, cebola e alho, c/ sal),",Cereais e derivados,103,5.38,12.6,2.67,3.71
C0290C,"Frutas, nativas, Brasil (média de 23 espécies),",Frutas e derivados,71,0.99,13.8,0.58,3.17
C0286N,"Papa de peixe (pescada branca) e cará, c/ caldo de frango, c/ cebola e óleo de soja, s/ sal,",Alimentos para fins especiais,99,8.72,5.82,4.29,1.01
C0346B,"Inhame, s/ casca, assado, s/ óleo, s/ sal, Colocasia esculenta,",Vegetais e derivados,93,2.39,19.6,0.15,1.67
C0562N,"Papa de fígado bovino e cará, c/ caldo de carne, c/ cebola e azeite de oliva, c/ sal,",Alimentos para fins especiais,135,12.8,7.66,5.71,1.01
C0110C,"Suco natural, abacaxi, c/ açúcar,",Frutas e derivados,47,0.23,11.1,0.10,0.35
C0275N,"Papa de peixe (pescada branca), abóbora (jerimum), batata-doce e couve c/ caldo de frango, c/ cebola e azeite de oliva, s/ sal,",Alimentos para fins especiais,93,7.17,6.57,3.92,1.52
C0032U,"Bebida, substituto do leite b bebida vegetal à base de amêndoa, c/ chocolate em pó, c/ açúcar ,",Sementes e Oleaginosas,77,1.18,15.3,1.16,0.17
C0842A,"Sanduíche, pão sírio, c/ peito de frango grelhado (c/ óleo de soja), alface americana, cenoura crua, tomate, c/ molho de iogurte, c/ sal,",Cereais e derivados,169,11.0,19.9,4.78,1.42
C0006U,"Linhaça, semente, Linum usitatissimum L.,",Sementes e Oleaginosas,453,14.1,9.81,32.3,33.5
C0266E,"Casquinha de camarão, c/ sal, (camarão, tomate, leite de coco, farinha de rosca, queijo parmesão, cebolinha, c/ azeite de dendê, c/ óleo, cebola e alho, c/ pimenta do reino,  c/ sal),",Pescados e Frutos do mar,144,12.4,5.12,7.94,0.74
C0205A,"Torta, salgada, mistura p/, preparada (conforme a embalagem), Oetker,",Cereais e derivados,401,9.00,50.4,18.2,
C1050B,"Purê, batata doce, c/ manteiga, leite, c/ sal,",Vegetais e derivados,120,1.04,17.9,4.37,2.33
C0011H,"Bebida, chá, mate, infusão 5%, s/ açúcar,",Bebidas,3,0.00,0.64,0.05,0.00
C0171T,"Strogonoff de soja, (proteína texturizada de soja (hidratada, c/ caldo de legumes), molho de tomate, leite de coco, cogumelo Paris, mostarda e catchup, c/ óleo, cebola e alho, c/ sal),",Leguminosas e derivados,140,11.2,10.2,5.36,3.10
C0397F,"Carne, boi, lagarto, cozida, c/ cenoura e ervilha, c/ molho de tomate (tomate, c/ óleo, cebola e alho), c/ sal,",Carnes e derivados,138,17.6,3.29,5.67,1.54
C0063L,"Molho, aurora, s/ sal, (creme de leite, salsa, c/ pimenta-do-reino, c/ molho de tomate (tomate, c/ óleo, cebola e alho), s/ sal),",Miscelâneas,125,1.88,4.31,10.7,1.89
C0041B,"Batata, inglesa, s/ casca, cozida, drenada, s/ óleo, s/ sal, Solanum tuberosum L.,",Vegetais e derivados,52,1.33,10.8,0.05,1.47
C0764B,"Escondidinho de carne bovina, c/ sal, (mandioca (aipim, macaxeira), carne bovina - patinho moído, refogada, tomate, salsa e queijo parmesão, c/ óleo, cebola e alho, c/ sal),",Vegetais e derivados,188,8.24,15.1,10.1,1.24
C0018T,"Lentilha, cozida, drenada, s/ óleo, s/ sal, Lens culinaris,",Leguminosas e derivados,99,7.30,13.1,0.46,6.44
C0394N,"Papa de carne bovina moída (patinho), fubá e couve, c/ caldo de carne, c/ cebola e óleo de soja, c/ sal,",Alimentos para fins especiais,129,13.8,6.90,4.88,0.90
C0473A,"Sanduíche, pão branco tradicional, c/ cream cheese,",Cereais e derivados,251,8.91,38.2,6.51,2.06
C0051L,"Bebida, café, solúvel, em pó,",Miscelâneas,355,12.2,75.4,0.50,0.00
C0577F,"Churrasquinho misto (espetinho misto), s/ sal, (carne bovina (alcatra), peito de frango, carne suína (lombo), linguiça calabresa e bacon, grelhada, c/ cebola e pimentão, c/ óleo, s/ sal),",Carnes e derivados,231,24.3,1.96,13.9,0.39
C0103G,"Bebida, leite integral, c/ cacau em pó (10%), c/ açúcar,",Bebidas,90,4.42,7.06,4.09,3.70
C0235F,"Carne, frango, peito, s/ pele, refogado (c/ óleo, cebola e alho), c/ sal, Gallus gallus,",Carnes e derivados,161,29.7,0.61,4.40,0.13
C0147F,"Carne, ovino, capão, crua (média de diferentes cortes),",Carnes e derivados,147,19.8,0.00,7.57,0.00
C0152T,"Quibe vegetariano com tomate e pimentão, s/ sal, (trigo para quibe e proteína de soja texturizada (hidratados com caldo de legumes), alho, cebola, tomate, pimentão, hortelã, c/ pimenta-do-reino, s/ sal),",Leguminosas e derivados,124,13.6,14.1,0.58,3.98
C0386A,"Sanduíche, baguete, c/ queijo muçarela, alface, tomate, atum em conserva, c/ maionese,",Cereais e derivados,203,11.0,22.7,7.27,1.37
C1084B,"Pasta de abacate, c/ sal, (avocado, suco de limão, c/ azeite de oliva, c/ sal),",Vegetais e derivados,191,1.84,2.14,18.2,6.07
C0122G,"Pudim de pão, (leite condensado, leite integral, pão francês, ovos, c/ calda de açúcar),",Leite e derivados,207,5.02,37.6,4.01,0.23
C0248E,"Sopa, camarão, c/ sal, (camarão, c/ caldo de camarão, tomate, salsa, c/ óleo, cebola e alho, c/ sal),",Pescados e Frutos do mar,51,8.53,1.08,1.34,0.28
C0361E,"Peixe, caviar,",Pescados e Frutos do mar,274,24.6,3.50,17.9,0.00
C0400N,"Papa de batata, cenoura e carne bovina moída (patinho), c/ caldo de frango, c/ cebola e óleo de soja, c/ sal,",Alimentos para fins especiais,109,13.3,3.02,4.64,0.83
C0225B,"Abóbora, moranga, s/ casca, s/ semente, cozida, drenada, c/ óleo de soja, s/ sal,",Vegetais e derivados,38,1.19,1.53,2.53,2.36
C0960B,"Maniçoba, c/ sal, (folha da mandioca brava (maniva), toucinho defunado (bacon), carne seca dessalgada, carne suína (lombo, orelha, rabo e costela dessalgada), bucho bovino, chouriço, linguiça portuguesa, paio, alho, pimenta-de-cheiro, s/ óleo, c/sal),",Vegetais e derivados,126,9.91,1.25,8.66,2.15
C0618F,"Carne, boi, contrafilé, s/ gordura, frita (c/ óleo de soja), s/ sal, Bos taurus,",Carnes e derivados,241,33.0,0.00,12.1,0.00
C0064C,"Maçã, Fuji, c/ casca, in natura, Malus domestica,",Frutas e derivados,59,0.29,13.8,,1.35
C1034A,"Bolo inglês, simples, caseiro, (farinha de trigo, manteiga, ovo e açúcar),",Cereais e derivados,408,5.47,47.9,21.4,0.72
C0065B,"Aipo (salsão), cru, Apium graveolens L.,",Vegetais e derivados,19,0.76,3.32,0.07,0.96
C0181K,"Chocolate ao leite, com mel e torrone de amêndoas, Toblerone, Mondelez,",Produtos açucarados,520,5.71,58.7,28.6,2.50
C0302F,"Carne, boi, contra-filé, grelhado/frito, c/ manteiga, c/ sal,",Carnes e derivados,363,25.4,0.00,29.0,0.00
C0028H,"Refrigerante, regular, c/ açúcar (média de diferentes amostras),",Bebidas,39,0.00,9.73,0.00,0.00
C0426E,"Peixe, água salgada, merluza, cozido, ao c/ molho de tomate (tomate, c/ óleo, cebola e alho), s/ sal, Prochilodus spp.,",Pescados e Frutos do mar,93,16.4,0.95,3.00,0.51
C0097B,"Polvilho, doce,",Vegetais e derivados,349,0.43,86.6,,0.24
C0349E,"Crustáceo, camarão, s/ casca, cozido, c/ molho branco (farinha de trigo, manteiga e leite), c/ sal, Penaeus brasiliensis,",Pescados e Frutos do mar,104,15.3,3.20,3.33,0.05
C0146H,"Bebida, substituto de refeição, preparada,",Alimentos para fins especiais,59,6.59,0.45,3.38,0.40
C0645A,"Rondele, c/ camarão, refogado,  c/ molho de tomate, caseiro, c/ sal, (massa com trigo, camarão refogado, c/ molho de tomate (tomate, c/ óleo, cebola e alho), c/ sal),",Cereais e derivados,95,4.07,11.8,3.07,1.87
C0182A,"Milho, verde, grão, refogado (c/ óleo, cebola e alho), s/ sal,",Cereais e derivados,187,8.39,31.4,1.97,5.03
C0186K,"Gelatina colorida, c/ creme, (gelatina diversos sabores, gelatina sem sabor, água, creme de leite e leite condensado),",Produtos açucarados,182,3.92,22.4,8.55,0.00
C0014U,"Macadâmia, crua, s/ sal, Macadamia ternifolia,",Sementes e Oleaginosas,752,7.91,5.22,75.8,8.60
C0108A,"Farinha de rosca, Hikari,",Cereais e derivados,374,12.9,73.8,2.00,4.80
C0044B,"Beterraba, s/ casca, cozida, drenada, s/ óleo, s/ sal, Beta vulgaris L.,",Vegetais e derivados,27,1.23,4.25,0.09,2.04
C0224B,"Quiabo, c/ casca, cozido, drenado, c/ óleo de soja, c/ sal, Hibiscus esculentus L.,",Vegetais e derivados,41,1.28,1.89,2.50,3.05
C0137E,"Peixe, água salgada, atum, cozido, c/ molho de tomate (tomate, c/ óleo, cebola e alho), c/ sal, Thunnus thynnus,",Pescados e Frutos do mar,118,25.1,0.00,1.89,0.51
C0484A,"Torrada, trigo, tradicional, c/ cream cheese,",Cereais e derivados,337,9.93,49.1,11.0,0.85
C0990F,"Almôndega, carne bovina, grelhada, caseira, c/ sal, (carne bovina moída patinho, farinha de rosca, salsinha e cebolinha, pimenta do reino, cebola, c/ óleo de soja, c/ sal),",Carnes e derivados,245,30.2,7.92,10.1,0.64
C0204N,"Papa de feijão preto, ovo e macarrão, c/ caldo de frango, c/ cebola, s/ óleo, c/ sal,",Alimentos para fins especiais,78,5.25,6.69,2.66,3.21
C0651A,"Suflê, alho poró, c/ molho branco, c/ queijo parmesão, c/ sal, (alho poró, ovo de galinha, farinha de rosca, salsa, queijo parmesão, c/ molho branco (farinha de trigo, manteiga e leite), c/ óleo, cebola e alho, c/ sal),",Cereais e derivados,206,5.71,11.7,14.9,1.09
C0016C,"Goiaba, vermelha, inteira, c/ casca,  in natura, Psidium guajava L.,",Frutas e derivados,50,0.92,7.69,0.54,5.59
C0974B,"Salada, beterraba cozida,cebola, c/ molho vinagrete (tomate, cebola, salsa, vinagre, azeite de oliva), c/ sal,",Vegetais e derivados,37,1.29,4.86,0.91,1.93
C0161C,"Suco, limonada, s/ açúcar,",Frutas e derivados,3,0.06,0.65,0.01,0.08
C0024F,"Carne, boi, cupim, assado, s/ óleo, s/ sal, Bos taurus,",Carnes e derivados,321,28.2,0.03,23.1,0.00
C0018J,"Ovo, pata, clara, crua,",Ovos e derivados,46,9.84,1.37,0.17,0.00
C0208K,"Geladinho (sacolé, dindim), c/ leite integral, leite condensado, creme de leite, leite integral em pó e morango,",Produtos açucarados,198,5.69,23.7,8.81,0.26
C0904F,"Carne, ganso, domesticado, carne e pele, cozido, c/ óleo de soja, cebola e alho, c/ sal, Anser anser domesticus,",Carnes e derivados,296,24.0,0.56,21.9,0.12
C0032F,"Carne, boi, costela, assada, s/ óleo, s/ sal, Bos taurus,",Carnes e derivados,362,28.6,0.00,27.5,0.00
C0187T,"Missô, pasta de soja, aka, Sakura,",Leguminosas e derivados,166,13.0,8.03,8.00,4.97
C0348B,"Inhame, s/ casca, refogado (c/ óleo, cebola e alho), s/ sal, Colocasia esculenta,",Vegetais e derivados,100,2.36,18.7,1.34,1.67
C0428A,"Pizza, queijo, rúcula e tomate, caseira, (massa (farinha de trigo, óleo, fermento biológico, sal e açúcar), ricota, queijo muçarela, rúcula e tomate, c/ molho de tomate (tomate, c/ óleo, cebola e alho, c/ sal), s/ azeite de oliva),",Cereais e derivados,217,11.0,25.2,7.12,2.57
C0521B,"Salada, couve crua, s/ óleo, s/ sal,",Vegetais e derivados,28,2.87,1.21,0.55,3.12
C0159K,"Bombom, tipo Rafaello, caseiro, (leite condensado, creme de leite, manteiga, amêndoa, chocolate branco e coco ralado),",Produtos açucarados,441,6.93,39.4,27.9,2.58
C0099B,"Tomate, purê, industrializado,",Vegetais e derivados,24,1.05,4.13,0.08,1.17
C0031G,"Leite, vaca, fermentado,",Leite e derivados,75,1.93,16.7,0.07,0.00
C0258T,"Feijão, preto, cozido (50% grão e 50% caldo), s/ óleo, c/ sal, Phaseolus vulgaris L.,",Leguminosas e derivados,62,4.46,5.57,0.53,8.36
C0615A,"Macarrão, trigo, integral, c/ molho de tomate (tomate, c/ óleo, cebola e alho), c/ peito de frango, c/ óleo, cebola e alho, c/ sal,",Cereais e derivados,118,7.33,17.0,1.65,2.93
C0351A,"Sanduíche, pão forma tradicional, c/ peito de peru defumado, queijo prato, c/ maionese,",Cereais e derivados,256,13.9,20.7,12.9,1.03
C0547N,"Papa de carne bovina (músculo), feijão preto, batata, abóbora (jerimum) e cenoura, c/ caldo de carne, c/ cebola e azeite de oliva, s/ sal,",Alimentos para fins especiais,98,10.6,3.39,4.23,2.13
C1164B,"Aspargo, em conserva, drenado,",Vegetais e derivados,21,2.14,0.84,0.65,1.60
C1030B,"Sopa, milho verde, c/ croutons, c/ sal, (milho verde, creme de leite, cebola, c/ caldo de vegetais, c/ crotouns, c/ sal),",Vegetais e derivados,138,3.89,16.3,5.93,1.66
C0252C,"Suco, néctar, uva, c/ suco de maçã, c/ açúcar,",Frutas e derivados,42,0.03,10.3,0.04,0.23
C0574F,"Churrasquinho (espetinho), carne bovina, c/ sal, (carne bovina - miolo de alcatra, s/ gordura, grelhada, c/ cebola, pimentão e tomate, c/ óleo, c/ sal),",Carnes e derivados,203,22.8,3.49,10.8,0.48
C0062T,"Feijão carioca, restaurante, (feijão carioca, c/ óleo de soja, cebola, alho, c/ sal), Phaseolus vulgaris L.,",Leguminosas e derivados,92,5.15,10.9,1.57,6.95
C0110N,"Papa de feijão carioca, macarrão e chicória, c/ caldo de frango, c/ cebola, c/ óleo de soja, c/ sal,",Alimentos para fins especiais,82,3.33,8.48,2.99,3.87
C0009G,"Cream cheese, tradicional, Danúbio,",Leite e derivados,235,6.00,2.24,22.5,0.00
C0672F,"Carne, bovina, músculo, s/ gordura, refogada (c/ óleo, cebola e alho), c/ sal, Bos taurus,",Carnes e derivados,195,27.5,0.61,9.17,0.13
C0384B,"Salada, batata com atum, c/ azeite de oliva, c/ sal, (batata cozida, atum em conserva, azeitona preta, cheiro verde, c/ azeite de oliva, c/ sal),",Vegetais e derivados,108,15.1,4.46,3.12,0.88
C0135E,"Peixe, água salgada, atum, frito (c/ óleo de soja), c/ sal, Thunnus thynnus,",Pescados e Frutos do mar,156,25.7,0.00,5.87,0.00
C0170C,"Amora preta, in natura, Rubus ssp.,",Frutas e derivados,36,1.39,6.25,0.49,0.49
C0325B,"Salada, beterrraba, crua, c/ molho vinagrete (tomate, cebola, salsinha, vinagre e óleo), c/ sal, Beta vulgaris L.,",Vegetais e derivados,63,1.62,6.90,2.60,2.65
C0221C,"Chimia (geleia), uva, caseira, (uva, água e açúcar),",Frutas e derivados,300,1.16,72.2,0.38,1.67
C0226C,"Suco, integral, uva,",Frutas e derivados,61,0.37,14.6,0.13,0.20
C0123F,"Carne, frango, coxa, s/ pele, crua, Gallus gallus,",Carnes e derivados,115,17.8,0.02,4.86,0.00
C0170F,"Carne, porco, toucinho defumado (bacon), frito, Sus ssp.,",Carnes e derivados,690,27.3,0.44,64.3,0.00
C0014G,"Iogurte, integral, maçã,",Leite e derivados,67,2.99,10.0,1.63,0.23
C0179C,"Cereja, em calda, drenada,",Frutas e derivados,164,0.22,38.8,0.21,3.20
C0552F,"Carne, frango, inteiro, ensopada, c/ pequi, pimentão, tomate, salsa, noz moscada, c/ óleo, cebola e alho, c/ pimenta-do-reino, c/ sal,",Carnes e derivados,179,16.3,1.83,11.4,1.96
C0573N,"Papa de carne moída bovina (patinho), feijão preto, batata, abóbora (jerimum) e cenoura, c/ caldo de frango, c/ cebola, s/ óleo, s/ sal,",Alimentos para fins especiais,89,12.2,3.50,2.42,2.14
C0194T,"Feijão, preto, cozido (50% grão e 50% caldo), c/ carne de boi, músculo, s/ gordura, c/ óleo, cebola e alho, c/ sal,",Leguminosas e derivados,102,11.0,4.48,3.11,6.00
C0598N,"Papa de peixe (pescada branca) e batata, c/ caldo de peixe, c/ cebola e azeite de oliva, c/ sal,",Alimentos para fins especiais,90,8.55,4.02,4.29,0.62
C0029H,"Refrigerante, tipo água tônica, regular, c/ açúcar,",Bebidas,32,0.00,7.95,0.00,0.00
C0027F,"Carne, boi, bucho, cozido, s/ óleo, s/ sal, Bos taurus,",Carnes e derivados,127,21.6,0.00,4.50,0.00
C0100N,"Arroz doce, light, (arroz integral, leite desnatado, adoçante, canela em pó),",Alimentos para fins especiais,88,2.61,17.0,0.72,1.61
C0128C,"Suco natural, laranja e mamão, c/ açúcar,",Frutas e derivados,57,0.54,13.5,0.07,0.18
C0032J,"Omelete, vegetais e queijo parmesão, c/ sal, (ovo de galinha, vegetais - cenoura, abobrinha, tomate, champignon paris, salsa, cebolinha verde, queijo parmesão, c/ óleo, cebola e alho, c/ sal),",Ovos e derivados,148,9.73,2.66,10.8,0.72
C0064K,"Mousse, limão, mistura p/, preparada,",Produtos açucarados,151,6.20,20.0,5.08,0.12
C0226F,"Frango com açafrão (cúrcuma), s/ sal, (carne de frango, coxa, sobrecoxa, peito, asa, cenoura, batata, tomate, cebola, açafrão em pó (cúrcuma), c/ óleo, s/ sal),",Carnes e derivados,140,15.8,2.51,7.39,0.22
C0057F,"Carne, boi, capa de contra-filé, c/ gordura, crua, Bos taurus,",Carnes e derivados,212,19.2,0.17,15.0,0.00
C0593B,"Salada, alface americana, c/ molho de salada - salsa, suco de limão, azeite de oliva, c/ sal,",Vegetais e derivados,39,0.53,0.74,3.47,1.25
C0452F,"Carne, boi, peito, s/ gordura, grelhada, c/ molho branco (farinha de trigo, manteiga e leite), c/ sal,",Carnes e derivados,300,18.7,3.16,23.6,0.05
C0984B,"Salada, alface crespa, c/ molho vinagrete (tomate, cebola, salsa, vinagre, azeite de oliva), c/ sal,",Vegetais e derivados,19,1.30,0.45,0.96,1.74
C1020F,"Carne, frango, miúdos, cru (média de cortes - coração, fígado e moela), Gallus gallus domesticus,",Carnes e derivados,128,16.5,0.54,6.79,0.00
C0261C,"Figo, seco, Ficus carica,",Frutas e derivados,257,3.30,54.1,0.93,9.80
C0086G,"Creme, de confeiteiro (pâtissiére), (leite, gema de ovo, açúcar e amido de milho),",Leite e derivados,177,4.21,28.0,5.33,0.12
C0621B,"Salada, vegetais crus, c/ molho vinagrete, c/ sal, (nabo, cenoura e beterraba, c/ molho vinagrete (tomate, cebola, salsa, vinagre e azeite de oliva), c/ sal),",Vegetais e derivados,46,1.28,5.11,1.78,2.44
C0289E,"Camarão com batata e legumes, s/ sal, (camarão, batata, cenoura, abobrinha, brocólis, tomate, pimentão, salsa, suco de limão, c/ óleo, cebola e alho, c/ pimenta-do-reino, s/ sal),",Pescados e Frutos do mar,62,7.96,2.70,1.86,1.18
C0986B,"Salada, alface americana, c/ molho vinagrete (tomate, cebola, salsa, vinagre, azeite de oliva), c/ sal,",Vegetais e derivados,15,0.45,0.68,0.92,1.21
C0268F,"Carne, boi, quarto traseiro, c/ gordura, grelhada, c/ óleo, s/ sal,",Carnes e derivados,319,27.2,0.00,23.4,0.00
C0043F,"Carne, boi, músculo, s/ gordura, cozida, s/ óleo, s/ sal, Bos taurus,",Carnes e derivados,183,30.8,0.02,6.60,0.00
C0182C,"Cereja, in natura, Prunus avium,",Frutas e derivados,66,1.06,13.9,0.20,2.10
C0050L,"Vinagre, balsâmico,",Miscelâneas,93,0.49,22.7,0.00,0.00
C0918B,"Cebola, branca, cozida, s/ óleo, c/ sal, Allium cepa L.,",Vegetais e derivados,41,1.75,7.14,0.13,2.04
C0055R,"Pudim, coco, mistura p/, Ducoco,",Alimentos industrializados,386,,93.0,1.41,0.91
C0328A,"Sanduíche, pão forma tradicional, c/ peito de peru defumado e queijo minas,",Cereais e derivados,218,14.0,23.8,7.20,1.22
C0001L,"Café, torrado, em pó,",Miscelâneas,327,14.7,14.5,11.9,51.2
C0591B,"Salada, alface americana, c/ azeite de oliva, c/ sal,",Vegetais e derivados,133,0.35,0.22,14.3,1.06
C0052F,"Carne, boi, fígado, crua, Bos taurus,",Carnes e derivados,136,16.4,5.54,5.35,0.00
C0290F,"Carne, boi, quarto traseiro, s/ gordura, grelhada, c/ manteiga, s/ sal,",Carnes e derivados,279,28.9,0.44,17.9,0.00
C0511N,"Papa de carne bovina moída (acém), batata e abóbora cabotian (japonesa), c/ caldo de carne, c/ cebola, s/ óleo, c/ sal,",Alimentos para fins especiais,98,10.5,4.49,4.03,0.92
C0674A,"Polenta, c/ molho de tomate (tomate, c/ óleo, cebola e alho), c/ peito de frango refogado, c/ queijo parmesão, c/ sal,",Cereais e derivados,142,8.62,13.7,5.40,1.75
C0120B,"Azeitona, preta, conserva, drenada, Olea europaea L.,",Vegetais e derivados,201,1.16,0.99,20.3,4.55
C0590F,"Caldeirada de cordeiro, s/ sal, (carne cordeiro, tomate, pimentão, alecrim, vinho branco, c/ caldo de vegetais, c/ óleo, cebola e alho, c/ pimenta-do-reino e pimenta vermelha, s/ sal),",Carnes e derivados,118,14.6,1.82,5.25,0.77
C0946F,"Carne, bovina, quarto traseiro, s/ gordura, assado, recheado com linguiça calabresa, s/ óleo, c/ sal,",Carnes e derivados,229,29.2,0.59,12.2,0.00
C0076A,"Bolo, mistura p/, preparado (média de diferentes sabores),",Cereais e derivados,343,5.28,49.0,13.7,0.97
C0934B,"Couve de Bruxelas, cozido, drenado, s/ óleo, s/ sal,",Vegetais e derivados,38,2.55,4.50,0.50,2.60
C0211K,"Calda de cacau, vegano, (bebida vegetal à base amêndoa, cacau em pó e melado),",Produtos açucarados,63,1.70,7.03,2.54,2.41
C0712B,"Salada, pimentão verde, amarelo, vermelho assados,  s/ óleo, s/ sal,",Vegetais e derivados,25,1.09,3.63,0.25,1.73
C0805F,"Dobradinha, c/ toucinho defumado (bacon), c/ linguiça calabresa, c/ paio, c/ sal, (feijão branco, bucho bovino, toucinho defumado (bacon), linguiça calabresa, paio, tomate, pimentão, cebolinha e salsinha, c/ óleo, cebola e alho, c/ sal),",Carnes e derivados,183,13.8,8.52,9.87,2.58
C0925A,"Pão, Arepa, c/ fubá e milho verde, c/ queijo parmesão, (fubá, leite, ovo, manteiga, queijo parmesão, milho verde, cheiro verde, c/ óleo de soja, c/ sal),",Cereais e derivados,286,7.12,43.0,8.86,2.80
C0641B,"Salada, brócolis, cozido, c/ molho de salada - salsa, suco de limão, azeite de oliva, c/ sal,",Vegetais e derivados,57,2.60,1.55,3.80,3.08
C0434E,"Peixe, água salgada, pescada, branca, à milanesa (farinha de rosca e ovo), frito (c/ óleo de soja), s/ sal, Cynoscion spp.,",Pescados e Frutos do mar,289,21.4,13.6,16.3,0.96
C0177N,"Papa de carne bovina moída (patinho), fubá e couve, c/ caldo de frango, c/ cebola e azeite de oliva, c/ sal,",Alimentos para fins especiais,64,2.21,7.18,2.47,1.92
C0643F,"Carne, boi, coxão mole, s/ gordura, frita (c/ óleo de soja), c/ sal, Bos taurus,",Carnes e derivados,264,29.7,0.00,16.1,0.00
C0703F,"Carne, porco, lombo, refogada (c/ óleo, cebola e alho), c/ sal, Sus ssp,",Carnes e derivados,262,27.7,0.61,16.5,0.13
C0019L,"Tempero, à base de sal,",Miscelâneas,21,2.67,1.52,0.26,0.56
C1030A,"Arroz com carne bovina, c/ arroz polido, s/ sal, (arroz polido, carne bovina músculo, tomate, salsinha, cebolinha, c/ óleo, cebola e alho, s/ sal),",Cereais e derivados,145,9.46,19.3,3.13,1.00
C0111F,"Carne, frango, inteiro, cozida/30 min, s/ óleo, s/ sal, Gallus gallus,",Carnes e derivados,181,25.9,0.00,8.54,0.00
C0997F,"Carne, frango, peito, s/ pele, grelhado, c/ óleo de soja, alho e pimenta do reino, s/ sal,",Carnes e derivados,179,30.4,0.44,6.11,0.11
C0797B,"Pimenta, preta, em grão, Piper nigrum,",Vegetais e derivados,298,10.4,44.1,3.26,25.3
C0299E,"Cestinha de frutos do mar, c/ massa de pastel frita, c/ sal, (massa de pastel frita, frutos do mar camarão, lula e polvo, salsa, pimenta do reino, c/ óleo, cebola e alho, c/ sal),",Pescados e Frutos do mar,294,14.5,18.9,17.6,0.82
C0190T,"Molho, soja, tradicional, Sakura,",Leguminosas e derivados,58,2.82,30.5,0.04,0.01
C0475B,"Pimentão, amarelo, assado, s/ óleo s/ sal, Capsicum annuum L.,",Vegetais e derivados,28,1.25,3.97,0.32,1.88
C0379A,"Sanduíche, pão francês, c/ presunto, queijo muçarela, c/ requeijão,",Cereais e derivados,261,14.3,24.1,11.7,1.00
C0736F,"Carne, boi, de segunda, ensopada c/ legumes (cenoura e batata), c/ sal, Bos taurus,",Carnes e derivados,171,14.0,3.44,11.0,1.24
C0139F,"Carne, ovino, cordeiro, músculo, s/ gordura externa, crua, Ovis aries,",Carnes e derivados,104,20.0,1.00,2.25,0.00
C0122K,"Toucinho do céu, (farinha de trigo, leite, manteiga, ovos, coco ralado, c/ açúcar),",Produtos açucarados,330,6.68,58.9,7.33,0.65
C0777B,"Lingua de vaca, cozida, s/ óleo, s/ sal, Talinum Patens Wand,",Vegetais e derivados,9,0.94,0.88,0.21,
C1066B,"Pirão, c/ caldo de carne, c/ sal, (caldo de carne, farinha de mandioca (aipim, macaxeira), extrato de tomate, tomate, pimentão, cebolinha, c/ pimenta do reino, c/ sal),",Vegetais e derivados,49,1.45,9.56,0.30,1.07
C0482A,"Torrada, trigo, tradicional, c/ manteiga,",Cereais e derivados,511,7.79,48.3,31.7,0.85
C0152E,"Peixe, água salgada, corvina do mar, cozido, c/ molho de tomate (tomate, c/ óleo, cebola e alho), c/ sal, Micropogonias furnieri,",Pescados e Frutos do mar,98,17.9,0.43,2.58,0.51
C0185A,"Canjica, milho, branca, cozida, drenada,",Cereais e derivados,111,2.25,24.3,0.22,1.27
C0541A,"Arroz com frango, c/ arroz polido, c/ sal, (arroz polido, c/ frango, tomate, cenoura, c/ óleo, cebola e alho, c/ sal),",Cereais e derivados,138,7.17,18.1,3.82,1.38
C0901F,"Linguiça, calabresa, à milanesa, (farinha de trigo, ovo e farinha de rosca), frita em imersão (c/ óleo de soja), c/ sal,",Carnes e derivados,355,0.96,2.46,8.51,0.16
C0706B,"Molho de tomate, c/ frutos do mar (camarão, lula e mexilhão), c/ óleo, cebola e alho, c/ sal,",Vegetais e derivados,80,9.13,2.26,3.52,1.40
C0165E,"Peixe, água salgada, pescada, cozido, drenado, s/ óleo, c/ sal, Macrodon oncylodon,",Pescados e Frutos do mar,121,19.7,0.00,4.68,0.00
C0017J,"Ovo, galinha, semi-orgânico, inteiro, cru,",Ovos e derivados,120,10.7,1.86,7.72,0.00
C0103K,"Xarope, maple,",Produtos açucarados,269,0.04,67.0,0.06,0.00
C1024A,"Pizza, brócolis, shiitake e queijo muçarela, caseira, (massa (farinha de trigo, óleo, fermento biológico, sal e açúcar), queijo muçarela, brócolis e cogumelo shiitake, c/ molho de tomate (tomate, c/ óleo, cebola e alho, c/ sal), c/ azeite de oliva),",Cereais e derivados,227,8.09,32.9,6.55,2.01
C0686A,"Pizza, pepperoni, caseira, (massa (farinha de trigo, óleo, fermento biológico, sal e açúcar), muçarela, pepperoni, c/ molho de tomate (tomate, c/ óleo, cebola e alho, c/ sal), c/ azeite de oliva),",Cereais e derivados,334,12.2,37.2,14.9,1.42
C0772B,"Bobó de frutos do mar, s/ sal, (mandioca (aipim, macaxeira), c/ frutos do mar - camarão, lula, polvo, mexilhão, tomate, cheiro verde, pimentão, leite de coco, azeite de dendê, c/ caldo de camarão, c/ óleo, cebola e alho, s/ sal),",Vegetais e derivados,112,5.22,10.8,4.67,2.19
C0110G,"Iogurte, natural, c/ aveia, flocos,",Leite e derivados,122,6.30,14.9,3.68,1.95
C0399B,"Salada, folhas, c/ molho de salada, c/ sal, (alface americana, alface roxa, agrião, c/ molho de salada - salsa, suco de limão, azeite de oliva, c/ sal),",Vegetais e derivados,45,1.50,0.90,3.54,1.71
C0945A,"Macarrão de arroz, com legumes e camarão, c/ molho shoyu, (macarrão de arroz, camarão, acelga, broto de feijão, pimentão, cenoura, brócolis, cogumelo Paris, cebola, cebolinha, c/ óleo de gergelim, c/ molho shoyu),",Cereais e derivados,93,5.44,10.9,2.69,1.32
C0805A,"Arroz de leite, (arroz polido, leite integral, c/ óleo, cebola e alho, c/ sal),",Cereais e derivados,121,2.54,22.2,2.19,0.96
C0394A,"Sanduíche, pão forma integral, c/ queijo minas, rúcula, c/ molho de iogurte com frango e maçã,",Cereais e derivados,183,13.7,14.4,7.40,1.93
C0155F,"Carne, porco, orelha, salgada, crua, Sus ssp.,",Carnes e derivados,253,18.5,0.00,19.9,0.00
C0625F,"Carne, boi, lagarto, cozida, s/ óleo, c/ sal, Bos taurus,",Carnes e derivados,212,32.7,0.00,9.07,0.00
C0059B,"Abóbora, cabotian (japonesa), s/ casca, cozida, drenada, s/ óleo, s/ sal, Cucurbita maxima x Cucurbita moschata,",Vegetais e derivados,50,1.44,8.30,0.73,2.46
C0158K,"Trufa, chocolate, c/ cereja, s/ licor, caseiro, (chocolate ao leite, chocolate meio amargo, cereja em calda),",Produtos açucarados,494,4.87,56.3,26.9,2.24
C0753F,"Carne, boi, fígado, frita (c/ óleo de soja), c/ sal, Bos taurus,",Carnes e derivados,271,27.3,3.85,16.2,0.00
C0005J,"Ovo, galinha, clara, crua,",Ovos e derivados,50,10.4,1.41,0.30,0.00
C0065T,"Virado à paulista, s/ sal, (feijão carioca, farinha de milho, linguiça de porco, paio, toucinho defumado (bacon), couve manteiga, caldo de feijão, ovo cozido, c/ óleo de soja, cebola, alho, s/ sal),",Leguminosas e derivados,323,10.2,11.9,25.6,2.16
C0445A,"Empada, carne, caseira, assada, (massa (farinha de trigo, margarina, ovo e sal), c/ carne moída refogada (c/ óleo, cebola e alho), tomate, azeitona, c/ sal),",Cereais e derivados,414,18.0,33.4,22.8,1.50
C0348N,"Papa de carne bovina moída (acém), arroz e brócolis, c/ caldo de frango, c/ cebola, s/ óleo, c/ sal,",Alimentos para fins especiais,113,11.9,5.39,4.64,0.99
C0463F,"Carne, boi, picanha, c/ gordura, grelhada, c/ óleo, c/ sal,",Carnes e derivados,308,25.0,0.01,23.1,0.00
C0220B,"Agrião, cozido, drenado, c/ óleo de soja, c/ sal,",Vegetais e derivados,47,3.54,0.66,2.88,2.22
C0032A,"Biscoito, doce, amanteigado, recheio sabor chocolate, Marilan,",Cereais e derivados,461,9.90,67.6,16.0,3.70
C0703A,"Cuscuz, marroquino (semolina), c/ camarão, c/ sal, (semolina, camarão, tomate, cheiro verde, pimenta-do-reino, c/ óleo, cebola e alho, c/ sal),",Cereais e derivados,93,7.45,11.5,1.70,1.00
C0387E,"Camarão com requeijão, s/ sal, (camarão, tomate, salsa, suco de limão, requeijão, queijo parmesão, c/ pimenta-do-reino, c/ óleo, cebola e alho, s/ sal),",Pescados e Frutos do mar,143,12.1,2.05,9.52,0.30
C0051D,"Óleo, girassol, assado, Helianthus annus L.,",Gorduras e óleos,900,0.00,0.00,100.0,0.00
C0515A,"Arroz chop suey, c/ arroz integral, s/ sal, (arroz integral, c/ presunto, cenoura, ovos mexidos, c/ óleo, cebola e alho, s/ sal),",Cereais e derivados,123,4.46,15.0,4.63,1.78
C0577B,"Salada, escarola, crua, s/ óleo, s/ sal,",Vegetais e derivados,16,1.54,0.88,0.30,1.86
C0804B,"Farofa, banana, da terra, s/ sal, (farinha de mandioca (aipim, macaxeira), banana da terra, c/ óleo e cebola, s/ sal),",Vegetais e derivados,304,1.47,59.7,5.64,4.44
C0492E,"Peixe, água doce, cru (média de 10 espécies),",Pescados e frutos do mar,102,17.4,0.00,3.56,0.00
C0622A,"Sanduíche, pão forma tradicional, c/ peito de frango grelhado (c/ óleo de soja), alface americana, cenoura crua, tomate, c/ sal,",Cereais e derivados,189,13.6,23.4,4.17,1.72
C0947A,"Biscoito, palmier, c/ cobertura de chocolate, caseiro, (massa folhada, c/ chocolate ao leite, c/ açúcar),",Cereais e derivados,531,6.13,54.2,31.9,1.22
C0275E,"Casquinha de caranguejo, c/ sal, (caranguejo, tomate, leite de coco, farinha de rosca, queijo parmesão, cebolinha, c/ azeite de dendê, c/ óleo, cebola e alho, c/ pimenta do reino, c/ sal),",Pescados e Frutos do mar,152,13.5,5.23,8.35,0.75
C0058G,"Queijo, minas, padrão, Teixeira,",Leite e derivados,336,18.8,2.37,27.9,0.00
C0014D,"Manteiga e margarina, c/ sal, Vigor mix,",Gorduras e óleos,720,0.15,0.00,80.0,0.00
C0157C,"Suco natural, laranja, cenoura e beterraba, s/ açúcar,",Frutas e derivados,43,1.09,8.01,0.21,2.37
C0127T,"Sopa, feijão, preto, c/ sal, (feijão preto, c/ caldo de carne, c/ óleo, cebola e alho, c/ sal),",Leguminosas e derivados,55,3.60,4.52,1.18,6.03
C0506N,"Papa de peito de frango, fubá e couve, c/ caldo de carne, c/ cebola e azeite de oliva, s/ sal,",Alimentos para fins especiais,109,12.3,6.80,3.43,0.91
C0746B,"Sopa/creme, tomate, c/ sal, (tomate, manjericão, c/ caldo de legumes, c/ molho branco (farinha de trigo, manteiga e leite), c/ óleo, cebola e alho, c/ sal),",Vegetais e derivados,56,1.50,4.75,3.30,0.50
C0047L,"Caldo, carne, tablete,",Miscelâneas,242,8.11,17.3,15.5,0.58
C0124C,"Suco natural, laranja, abacaxi e beterraba, c/ açúcar,",Frutas e derivados,70,0.88,15.8,0.16,0.96
C0151K,"Calda de frutas,",Produtos açucarados,341,0.00,85.1,0.00,0.10
C0215B,"Aipo (salsão), refogado (c/ óleo, cebola e alho), s/ sal,",Vegetais e derivados,43,1.33,5.75,1.32,1.62
C0075G,"Vitamina, leite de vaca integral, c/ banana e aveia, c/ açúcar,",Leite e derivados,94,2.67,14.8,2.49,0.59
C0094E,"Peixe, água doce, Lambari, fresco, cozido, s/ óleo, s/ sal, Astyanax taeniatus,",Pescados e Frutos do mar,177,18.8,0.00,11.3,0.00
C0057L,"Molho, pesto, c/ sal, (azeite de oliva, queijo parmesão, manjericão, noz, alho, c/ pimenta-do-reino, c/ sal),",Miscelâneas,556,10.7,3.09,55.1,2.36
C0489A,"Torrada, trigo, tradicional, c/ ricota e temperos,",Cereais e derivados,398,13.0,70.3,7.00,0.70
C0112B,"Cebola, branca, refogada, c/ óleo de soja, s/ sal, Allium cepa L.,",Vegetais e derivados,254,2.01,8.17,23.1,2.33
C0027L,"Baunilha, extrato,",Miscelâneas,292,0.06,12.6,0.06,0.00
C1075B,"Purê, batata doce, c/ espinafre, c/ sal, (batata doce, espinafre, margarina, leite, c/ sal),",Vegetais e derivados,103,1.19,14.6,3.87,2.23
C0622F,"Carne, boi, contrafilé, s/ gordura, refogada (c/ óleo, cebola e alho), c/ sal, Bos taurus,",Carnes e derivados,211,31.7,0.61,9.09,0.13
C0084H,"Bebida, café - infusão 8% - média, c/ leite desnatado (meio a meio), c/ açúcar,",Bebidas,46,1.67,9.33,0.20,0.00
C0078R,"Mingau, tradicional, em pó,",Alimentos industrializados,361,0.58,88.5,0.37,0.88
C0034K,"Torta, mousse , chocolate, c/ raspas de chocolate, Sadia,",Produtos açucarados,397,6.14,42.2,22.6,0.12
C0704N,"Açúcar, light (20% sacarose + edulcorante),",Açúcares e doces,80,0.03,19.9,,0.00
C1033F,"Carne, rã, coxa e dorso, refogado (c/ óleo de soja, cebola e alho), c/ sal, Rana catesbeiana,",Carnes e derivados,121,21.6,3.23,2.39,0.12
C1015B,"Salada, primavera, c/ sal, (alface americana, cebola, tomate, pepino, brócolis e couve-flor cozidos, manga, hortelã, c/ azeite de oliva, c/ sal),",Vegetais e derivados,53,1.18,3.77,3.23,1.91
C0017F,"Carne, avestruz, redondo, crua, Struthio camelus African Black,",Carnes e derivados,141,29.2,0.74,2.35,0.00
C0040A,"Biscoito, doce, c/ cereais e/ou mel,",Cereais e derivados,452,7.85,71.8,14.1,3.25
C0491A,"Sanduíche, pão forma integral, c/ alface, tomate, atum em conserva e maionese,",Cereais e derivados,179,9.83,21.4,5.46,2.79
C0115C,"Suco natural, abacaxi, melão e maracujá, s/ açúcar,",Frutas e derivados,35,0.62,7.24,0.21,0.92
C0214A,"Macarrão, trigo, c/ ovos, c/ alho e óleo, c/ sal,",Cereais e derivados,179,3.64,24.9,7.05,0.95
C0914A,"Arroz doce, c/ leite condensado e canela, (arroz integral cozido, leite integral, leite condensado, c/ canela),",Cereais e derivados,126,3.36,22.0,2.45,1.30
C0071H,"Bebida, café, descafeinado, infusão, c/ açúcar,",Bebidas,31,0.23,6.46,0.30,0.81
C0027A,"Biscoito, doce, simples (média de diferentes tipos),",Cereais e derivados,435,8.39,73.5,11.3,2.74
C0128G,"Kefir, c/ leite de vaca integral, bebida fermentada brasileira,",Leite e derivados,47,3.91,2.64,2.34,0.00
C0219T,"Chilli de carne, c/ feijão, s/ sal, (carne moída (acém) feijão rajado, rosinha e carioca, tomate, pimentão, c/ pimenta-do-reino, c/ óleo, cebola e alho, s/ sal),",Leguminosas e derivados,94,7.88,5.68,3.08,5.80
C0653N,"Papa de carne bovina moída (patinho), fubá e espinafre, c/ caldo de carne, c/ cebola e óleo de soja, c/ sal,",Alimentos para fins especiais,128,13.8,6.95,4.86,0.80
C0492F,"Carne, porco, lombo, assada, recheada - cebola, cenoura, pimentão vermelho, c/ sal,",Carnes e derivados,150,25.4,1.63,4.53,0.68
C0129N,"Papa de batata, cenoura e carne moída (acém), c/ caldo de frango, c/ cebola, c/ azeite de oliva, c/ sal,",Alimentos para fins especiais,108,10.3,3.13,5.89,0.83
C0818F,"Carne, boi, maminha, frita (c/ óleo de soja), c/ sal, Bos taurus,",Carnes e derivados,204,28.1,0.00,10.2,0.00
C0171N,"Papa de arroz polido, abobrinha e ovo, c/ caldo de frango, c/ cebola e óleo de soja, c/ sal,",Alimentos para fins especiais,93,4.39,6.75,5.19,0.70
C0750B,"Sopa/creme, espinafre, s/ sal, (espinafre, c/ caldo de vegetais, c/ molho brando (farinha de trigo, manteiga e leite), c/ óleo e cebola, s/ sal),",Vegetais e derivados,50,1.72,3.76,2.86,1.00
C0580B,"Salada, alface crespa, c/ óleo de soja, c/ sal,",Vegetais e derivados,137,1.15,0.00,14.4,1.40
C0589A,"Panqueca, c/ vegetais, s/ molho, caseira, c/ sal, (massa - leite, farinha de trigo e ovo, c/ cenoura, vagem e abobrinha, c/ óleo, c/ sal),",Cereais e derivados,117,4.15,13.2,4.95,1.55
C0572N,"Papa de carne moída bovina (patinho), feijão preto, batata, abóbora (jerimum) e cenoura, c/ caldo de frango, c/ cebola, s/ óleo, c/ sal,",Alimentos para fins especiais,89,12.2,3.48,2.42,2.13
C0947F,"Carne, bovina, ossobuco de vitela c/ gordura, cozida, s/ óleo, s/ sal,",Carnes e derivados,190,27.9,2.10,7.77,0.00
C0316F,"Carne, bovina, capa de contra-filé, c/ gordura, grelhada, c/ óleo e cebola, c/ sal,",Carnes e derivados,300,29.2,0.63,20.1,0.11
C0355B,"Abóbora, moranga, s/ casca, s/ semente, assada, s/ óleo, c/ sal,",Vegetais e derivados,26,1.80,2.33,0.21,3.59
C0422N,"Creme de manga, c/ iogurte integral, s/ açúcar,",Alimentos para fins especiais,61,1.92,10.2,1.16,1.28
C0470E,"Poke hawaiano, c/ salmão e pepino, (arroz para sushi (c/ vinagre de arroz, açúcar e sal), salmão, pepino, amendoim, cebolinha, gergelim, c/ óleo de gergelim, c/ molho shoyu),",Pescados e Frutos do mar,155,8.90,8.39,9.18,1.34
C1160A,"Trigo sarraceno (trigo mourisco), grão, cozido, s/ óleo, s/ sal, Fagopyrum esculentum,",Cereais e derivados,94,3.38,17.3,0.62,2.70
C0390E,"Camarão com chuchu, c/ sal, (camarão, chuchu, tomate, pimentão, salsa, suco de limão, c/ pimenta-do-reino, c/ óleo, cebola e alho, c/ sal),",Pescados e Frutos do mar,66,9.36,2.28,1.93,0.79
C0480N,"Papa de carne bovina moída (patinho), macarrão e brócolis, c/ caldo de frango, c/ cebola e óleo de soja, s/ sal,",Alimentos para fins especiais,126,15.1,4.75,5.01,0.93
C0686F,"Carne, porco, bisteca, empanada (farinha de trigo), frita (c/ óleo de soja), s/ sal, Sus ssp,",Carnes e derivados,287,27.0,7.29,16.6,0.26
C0535N,"Papa de carne bovina moída (patinho), abóbora (jerimum) e chuchu, c/ caldo de carne, c/ cebola e azeite de oliva, s/ sal,",Alimentos para fins especiais,113,14.0,2.75,4.93,0.83
C0266B,"Abobrinha, italiana, c/ casca, à milanesa (farinha de trigo, ovo e farinha de rosca), frita em imersão, c/ sal,",Vegetais e derivados,131,3.78,10.4,7.80,2.02
C1155A,"Baião de três, c/ arroz polido , feijão fradinho (corda), carne bovina e suína, c/ sal, (arroz polido, feijão fradinho, linguiça calabresa, toucinho defumado (bacon), charque (carne seca, carne de sol, jaba), pimentão, manteiga de garrafa, tomate, queijo coalho, salsinha e cebolinha, c/ óleo de soja, cebola e alho, c/ sal),",Cereais e derivados,281,12.0,12.3,19.7,1.95
C0669A,"Angu à baiana, polenta, c/ molho bolonhesa, c/ sal, (polenta, c/ molho bolonhesa (carne bovina - patinho moído, tomate, cebola, alho, c/ óleo de soja), c/ sal),",Cereais e derivados,99,3.36,17.3,1.27,2.41
C0098A,"Cereal matinal (média de diferentes marcas),",Cereais e derivados,374,5.60,84.8,0.86,2.25
C1002F,"Carne, frango, pescoço, s/ osso, c/ pele, cru, Gallus gallus domesticus,",Carnes e derivados,224,12.1,0.00,19.5,0.00
C0405N,"Papa de batata, cenoura e carne bovina moída (patinho), c/ caldo de frango, c/ cebola e azeite de oliva, s/ sal,",Alimentos para fins especiais,109,13.3,3.02,4.64,0.83
C0629F,"Carne, boi, lagarto, refogada (c/ óleo, cebola e alho), c/ sal, Bos taurus,",Carnes e derivados,177,27.6,0.61,7.13,0.13
C0308N,"Papa de feijão carioca, batata, abóbora (jerimum) e cenoura, c/ caldo de frango, c/ cebola e óleo de soja, s/ sal,",Alimentos para fins especiais,72,2.95,6.42,2.98,4.06
C0276E,"Ceviche de peixe, água doce, corvina, c/ sal, (peixe, água doce, corvina, cru, c/ cebola, suco de limão, pepino, tomate, pimenta jalapeño, coentro, salsa, c/ azeite de oliva, c/ pimenta do reino, c/ sal),",Pescados e Frutos do mar,94,13.1,1.58,3.89,0.46
C0621N,"Papa de carne bovina moída (patinho), arroz branco e brócolis, c/ caldo de frango, c/ cebola, s/ óleo, c/ sal,",Alimentos para fins especiais,111,14.0,6.37,3.02,1.04
C0202A,"Sonho, frito, c/ recheio de creme de confeiteiro, polvilhado c/ açúcar e canela, (farinha de trigo, ovo, margarina, leite, sal, fermento químico, óleo para fritura, açúcar e canela),",Cereais e derivados,344,6.42,60.8,8.03,1.27
C0992F,"Carne, frango, sobrecoxa, c/ pele, assada, c/ óleo de soja, alho e pimenta do reino, c/ sal,",Carnes e derivados,274,27.2,0.34,18.1,0.10
C0612N,"Papa de carne bovina moída (acém), arroz branco e brócolis, c/ caldo de carne, c/ cebola, c/ óleo de soja, c/ sal,",Alimentos para fins especiais,124,10.4,6.46,6.08,1.04
C0194K,"Chocolate, granulado,",Produtos açucarados,536,1.99,64.3,30.0,3.30
C0592N,"Papa de peixe (pescada branca), abóbora (jerimum), batata doce e couve, c/ caldo de peixe, c/ cebola e azeite de oliva, c/ sal,",Alimentos para fins especiais,93,7.07,6.55,3.94,1.52
C0295N,"Papa de carne bovina (músculo), feijão preto, batata, abóbora (jerimum) e cenoura, c/ caldo de frango, c/ cebola e azeite de oliva, s/ sal,",Alimentos para fins especiais,98,10.6,3.39,4.20,2.13
C0237E,"Peixe, água salgada, pescada, branca, ensopado (c/ cebola, tomate e pimentão), c/ batata, c/ sal,",Pescados e Frutos do mar,128,12.7,2.91,6.96,0.79
C0108E,"Peixe, água doce, filé, à milanesa (farinha de trigo, ovo e farinha de rosca) frito (c/ óleo de soja), s/ sal (média de 7 espécies),",Pescados e Frutos do mar,241,20.3,12.8,11.9,0.84
C0153E,"Peixe, água salgada, pescada, branca, assado/grelhado, s/ óleo, s/ sal, Cynoscion spp.,",Pescados e Frutos do mar,138,21.1,0.00,5.97,0.00
C0654N,"Papa de carne bovina moída (patinho), fubá e espinafre, c/ caldo de carne, c/ cebola e azeite de oliva, c/ sal,",Alimentos para fins especiais,128,13.8,6.95,4.86,0.80
C0873A,"Torrada, c/ alho (crouton, c/ alho), (torrada, trigo, salsa, c/ azeite de oliva, c/ pimenta-do-reino, c/ sal),",Cereais e derivados,385,10.7,63.3,9.59,1.35
C0409E,"Peixe, água salgada, corvina do mar, cozido, ao molho branco, s/ sal, Peixe, água salgada, corvina do mar, cozido, ao molho branco (farinha de trigo, manteiga e leite), s/ sal, Micropogonias furnieri,",Pescados e Frutos do mar,121,18.7,2.81,3.85,0.05
C1018B,"Sopa, palmito, s/ sal, (palmito, leite, amido de milho, salsa, c/ pimenta branca, c/ caldo de legumes, c/ cebola e manteiga, s/ sal),",Vegetais e derivados,67,1.83,5.67,3.83,1.04
C0044A,"Biscoito, doce, recheado, recheio sabor brigadeiro, Bauducco,",Cereais e derivados,488,6.82,69.9,20.0,0.50
C0450B,"Salada, vegetais e frutas, c/ azeite de oliva, s/ sal, (alface americana, alface roxa, agrião, pepino, uva Itália, c/ azeite de oliva, s/ sal),",Vegetais e derivados,59,1.00,3.42,4.34,1.30
C0500N,"Papa de carne bovina moída (patinho), cará e brócolis, c/ caldo de frango, c/ cebola, s/ óleo, c/ sal,",Alimentos para fins especiais,98,13.8,4.04,2.73,1.32
C0001M,"Sanduíche, Big Mac, McDonald´s,",Fast food,259,11.8,18.5,15.0,1.60
C0271T,"Picadinho de carne de soja, s/ sal, (proteína de soja (hidratada com caldo de legumes, pimentão amarelo e vermelho, tomate, cebolinha e salsinha, c/ óleo, cebola e alho, s/ sal),",Miscelâneas,102,10.1,9.85,1.73,2.99
C0841B,"Tapioca, c/ queijo coalho e muçarela,",Vegetais e derivados,298,7.38,51.4,6.90,0.14
C0509N,"Papa de carne bovina moída (acém), batata e abóbora cabotian (japonesa), c/ caldo de carne, c/ cebola e óleo de soja, c/ sal,",Alimentos para fins especiais,115,10.4,4.30,6.02,0.88
C0257N,"Papa de peito de frango e batata baroa (mandioquinha, batata salsa), c/ caldo de frango, c/ cebola e azeite de oliva, s/ sal,",Alimentos para fins especiais,110,13.2,6.34,3.36,0.71
C0066H,"Bebida, capuccino (leite desnatado, café - infusão 10% e chocolate em pó), c/ açúcar,",Bebidas,89,2.88,18.1,0.58,0.00
C0097F,"Carne, coelho, selecta, crua (média de diferentes cortes), Lepus cuniculus,",Carnes e derivados,117,18.5,1.52,4.06,0.00
C0467A,"Bolo, banana, simples, caseiro, (farinha de trigo, ovo, açúcar, manteiga, banana prata, leite e fermento químico),",Cereais e derivados,302,5.59,47.6,9.63,1.28
C0916A,"Pão de mel, s/ cobertura, (farinha de trigo, ovo, açúcar, canela em pó, cacau em pó, leite, amido de milho e manteiga),",Cereais e derivados,313,4.89,37.7,15.6,1.40
C0164N,"Papa de peito de frango, inhame e beterraba, c/ caldo de frango, c/ cebola e c/ azeite de oliva, c/ sal,",Alimentos para fins especiais,98,12.1,4.84,3.19,0.83
C1131B,"Erva-doce, bulbo, cozida, s/ óleo, s/ sal,",Vegetais e derivados,34,1.43,4.84,0.23,3.57
C0327A,"Sanduíche, pão forma tradicional, c/ peito de peru defumado, queijo minas, c/ maionese,",Cereais e derivados,232,11.9,21.4,10.8,1.03
C0292F,"Carne, boi, contra-filé, à milanesa (farinha de trigo, ovo e farinha de rosca, frita em imersão), c/ sal,",Carnes e derivados,346,20.5,12.1,23.9,0.00
C0376E,"Frutos do mar ao leite de coco, c/ sal, (camarão, lula, polvo, mexilhão, tomate, pimentão, leite de coco, azeite de dendê, salsa, coentro, páprica, c/ pimenta do reino, c/ óleo, cebola e alho, c/ sal),",Pescados e Frutos do mar,137,13.2,2.40,8.21,0.49
C0039T,"Soja, farinha, s/ casca (média de diferentes variedades), Glycine max L.,",Leguminosas e derivados,458,38.6,25.9,21.7,2.11
C0292A,"Sanduíche, hambúrguer bovino grelhado (c/ pão hambúrguer), c/ ovo frito, c/ maionese,",Cereais e derivados,254,11.2,22.8,12.8,1.33
C0040J,"Omelete, carne bovina e cogumelo paris, c/ sal, (ovo de galinha, carne bovina - acém moído, salsa, cogumelo paris, cebolinha, c/ óleo, cebola e alho, c/ sal),",Ovos e derivados,165,13.6,2.17,11.2,0.38
C0081G,"Vitamina, leite de vaca integral c/ morango, c/ açúcar,",Leite e derivados,71,2.16,10.3,2.22,0.50
C1123A,"Bolo de iogurte, c/ goiabada, caseiro, (farinha de trigo, açúcar, iogurte natural, óleo de girassol, ovo, goiabada, fermento químico),",Cereais e derivados,346,5.69,54.3,11.6,0.65
C0011E,"Molusco, mexilhão, cozido, s/ óleo, s/ sal, Anomalocardia brasiliana,",Pescados e Frutos do mar,78,15.9,0.00,1.59,
C0062H,"Bebida, café, infusão 8% - médio, s/ açúcar,",Bebidas,8,0.54,1.34,0.06,0.00
C0349F,"Carne, boi, contra-filé, s/ gordura, grelhada, c/ manteiga, c/ sal,",Carnes e derivados,243,32.3,0.74,12.3,0.00
C0189N,"Papa de carne bovina moída (acém) e abóbora cambotian (japonesa), c/ caldo de frango, c/ cebola e óleo de soja, c/ sal,",Alimentos para fins especiais,118,11.0,3.67,6.33,1.02
C0830F,"Quibe, bovino, assado, (trigo para quibe, carne bovina patinho, cebola, cebolinha, hortelã, pimenta-do-reino, canela, c/ manteiga, c/ sal),",Carnes e derivados,133,14.5,12.8,2.66,0.00
C0060B,"Alface, crespa, crua, Lactuca sativa L.,",Vegetais e derivados,10,1.35,0.00,0.16,1.83
C1078A,"Torta, c/ vegetais, c/ farinha de arroz, vegana, c/ sal, (farinha de arroz, amido de milho, bebida vegetal à base de castanha de caju, óleo de soja, milho, ervilha, tomate, brócolis, azeitona, cheiro verde, vinagre de maçã, fermento químico, c/ sal),",Cereais e derivados,261,4.06,30.4,13.4,1.32
C0602F,"Carne, boi, filé mignon, s/ gordura, grelhada/assada, c/ molho de tomate (tomate, c/ óleo, cebola e alho), s/ sal, Bos taurus,",Carnes e derivados,184,26.6,0.83,8.12,0.51
C0161K,"Bombom, chocolate ao leite, Lollo, Nestlê,",Produtos açucarados,479,3.00,75.0,18.5,0.00
C0003C,"Açaí, polpa (média de amostras), Euterpe oleracea Mart.,",Frutas e derivados,68,0.90,1.77,5.01,5.89
C0075B,"Manjericão, in natura, Ocimum basilicum,",Vegetais e derivados,19,1.99,0.34,0.39,3.31
C0044D,"Azeite, oliva, frito, Olea europaea L.,",Gorduras e óleos,900,0.00,0.00,100.0,0.00
C0493E,"Peixe, água salgada, cru (média de 10 espécies),",Pescados e frutos do mar,98,19.1,0.00,2.42,0.00
C0221K,"Creme maravilha, (leite condensado, leite, manteiga, amido de milho, extrato de baunilha, manteiga, gema de ovo),",Açúcares e doces,235,7.66,25.7,11.1,0.20
C0387N,"Papa de peito de frango, ervilha e abóbora (jerimum), c/ caldo de frango, c/ cebola, s/ óleo, s/ sal,",Alimentos para fins especiais,75,12.2,2.78,1.34,1.60
C0078H,"Bebida, chá, camomila, infusão, c/ açúcar,",Bebidas,25,0.02,6.16,0.01,0.00
C0412B,"Salada, legumes com maionese, c/ sal, (batata e cenoura cozidos, ervilha, tomate, salsa, maionese, c/ sal),",Vegetais e derivados,89,1.40,8.66,5.17,1.53
C0708A,"Enroladinho de salsicha, caseiro, (farinha de trigo, leite, fermento biológico, salsicha, c/ óleo de soja, c/açúcar, c/ sal),",Cereais e derivados,311,13.1,24.0,18.0,0.52
C0067E,"Peixe, água salgada, salmão, s/ pele, fresco, grelhado, s/ óleo, s/ sal, Salmo salar,",Pescados e Frutos do mar,235,26.1,0.00,14.5,0.00
C0255T,"Feijão, carioca, drenado, s/ óleo, c/ sal, Phaseolus vulgaris L.,",Leguminosas e derivados,89,22.1,40.0,1.87,20.4
C0122N,"Papa de peito de frango, batata doce e abobrinha, c/ caldo de frango, c/ cebola, s/ óleo, c/ sal,",Alimentos para fins especiais,92,12.1,7.48,1.24,1.31
C0416N,"Papa de batata, cenoura e carne bovina moída (acém), c/ caldo de carne, c/ cebola e azeite de oliva, s/ sal,",Alimentos para fins especiais,110,10.1,3.41,5.90,1.23
C0737F,"Salsicha, tradicional, c/ molho branco (farinha de trigo, manteiga e leite), c/ sal,",Carnes e derivados,248,12.2,9.63,17.8,0.14
C0185F,"Linguiça, frango, crua,",Carnes e derivados,193,16.2,0.65,14.0,
C0590N,"Papa de carne moída bovina (patinho), feijão carioca, batata, abóbora (jerimum) e cenoura, c/ caldo de carne, c/ cebola, s/ óleo, c/ sal,",Alimentos para fins especiais,92,12.2,3.96,2.65,1.87
C0017H,"Bebida, chá, infusão, capim-santo (capim-cidreira, capim-limão), planta, folha, s/ açúcar, Cymbopogon citratus Stapf.,",Bebidas,1,0.00,0.30,0.00,0.00
C1028A,"Arroz com cenoura, c/ óleo, cebola e alho, s/ sal,",Cereais e derivados,119,2.21,22.4,1.86,1.94
C0268T,"Vitamina, c/ bebida vegetal à base de amêndoa, c/ banana, mamão e abacate, c/ açúcar mascavo,",Leguminosas e derivados,47,0.63,7.81,1.25,1.21
C0065E,"Peixe, água salgada, salmão, s/ pele, fresco, cru, Salmo salar,",Pescados e Frutos do mar,168,19.3,0.83,9.71,0.00
C0262B,"Brócolis, flor, à milanesa (farinha de trigo, ovo e farinha de rosca), frita em imersão, c/ sal, Brassica oleracea L. var. italica,",Vegetais e derivados,134,4.45,8.28,8.61,2.77
C0033H,"Refrigerante, tipo limão, regular, c/ açúcar,",Bebidas,41,0.00,10.3,0.00,0.00
C0061E,"Peixe, água salgada, Manjuba, frita, s/ sal,",Pescados e Frutos do mar,343,30.1,0.49,24.5,
C0193C,"Pera, cozida, caramelada,",Frutas e derivados,139,0.39,32.8,0.18,2.25
C0309B,"Mandioca (aipim, macaxeira), s/ casca, cozida, c/ óleo de soja, c/ sal, Manihot esculenta Crantz,",Vegetais e derivados,159,0.60,26.5,5.20,1.68
C0082H,"Bebida, café - infusão 8% - média, c/ leite (meio a meio), c/ açúcar,",Bebidas,58,1.65,9.31,1.55,0.00
C0297N,"Papa de carne bovina (músculo), feijão preto, batata, abóbora (jerimum) e cenoura, c/ caldo de frango, c/ cebola, s/ óleo, s/ sal,",Alimentos para fins especiais,80,10.7,3.41,2.20,2.14
C0979A,"Pizza, escarola e queijo, caseira, (massa (farinha de trigo, óleo, fermento biológico, sal e açúcar), queijo muçarela, escarola refogada (c/ óleo, cebola e alho), c/ molho de tomate (tomate, c/ óleo, cebola e alho), c/ azeite de oliva, c/ sal),",Cereais e derivados,264,9.64,37.2,8.12,1.76
C0530N,"Papa de carne bovina moída (patinho), cenoura e batata baroa (mandioquinha, batata salsa), c/ caldo de carne, c/ cebola, s/ óleo, c/ sal,",Alimentos para fins especiais,97,13.2,4.43,2.70,0.92
C0133B,"Salada de legumes, cozidos no vapor, s/ sal, (couve-flor, cenoura, brócolis, batata, vagem, s/ sal),",Vegetais e derivados,34,2.01,4.58,0.31,2.51
C0370A,"Sanduíche, peito de frango grelhado (c/ pão de hambúrguer) , c/ queijo prato, cebola e pepino,",Cereais e derivados,228,18.7,21.1,7.35,1.55
C0005M,"Sundae, Caramelo, McDonald´s,",Miscelâneas,192,3.58,33.4,4.89,0.00
C0189F,"Linguiça, porco, grelhada,",Carnes e derivados,292,23.2,0.45,21.9,
C0725B,"Abobrinha recheada, c/ sal, (abobrinha grelhada, c/ muçarela, carne bovina, patinho moído, refogado, c/ molho de tomate (tomate, c/ óleo, cebola e alho), c/ sal),",Vegetais e derivados,88,8.74,2.86,4.26,1.50
C1148A,"Torta, frango, c/ cream cheese, caseira, assada, (massa - leite, farinha de trigo, ovo e fermento químico, frango, tomate, cream cheese, azeitona verde, salsa, c/ óleo de soja, cebola e alho, c/ pimenta-do-reino, c/ sal),",Cereais e derivados,199,12.4,12.4,10.9,0.74
C1093A,"Macarrão, trigo, c/ carne bovina músculo, gratinado, c/ molho branco (manteiga, farinha de trigo e leite), salsa, pimenta-do-reino, s/ sal,",Cereais e derivados,146,7.65,18.2,4.55,0.71
C0065R,"Sagu, uva, mistura p/, Ducoco,",Alimentos industrializados,384,0.28,95.7,0.00,
C0517F,"Carne, boi, acém, s/ gordura, cozida, c/ pequi, pimentão, c/ óleo, cebola e alho, c/ noz moscada, c/ pimenta do reino, s/ sal,",Carnes e derivados,215,19.7,1.91,13.9,1.87
C0148B,"Repolho, branco, cozido, drenado, s/ óleo, c/ sal, Brassica oleracea L. var. capitata,",Vegetais e derivados,23,1.54,2.76,0.34,1.28
C0015L,"Molho, rose, Kenko,",Miscelâneas,255,1.43,24.0,17.0,0.00
C0803B,"Farofa, banana, da terra, c/ sal, (farinha de mandioca (aipim, macaxeira), banana da terra, c/ óleo e cebola, c/ sal),",Vegetais e derivados,300,1.49,57.8,6.06,4.25
C0571B,"Salada, couve-flor, cozida, c/ molho de salada - salsa, vinagre de maçã, azeite de oliva, c/ sal,",Vegetais e derivados,47,1.28,1.60,3.51,1.94
C0114C,"Suco natural, abacaxi, maracujá e caju, c/ açúcar,",Frutas e derivados,70,0.54,16.0,0.23,0.70
C0148N,"Papa de peito de frango, batata e cenoura, c/ caldo de frango, c/ cebola e óleo de soja, s/ sal,",Alimentos para fins especiais,95,13.3,2.59,3.34,0.74
C0192B,"Salada, brócolis, flor, cozido, c/ molho vinagrete (tomate, cebola, salsinha, vinagre e óleo), c/ sal, Brassica oleracea L. var. italica,",Vegetais e derivados,48,2.15,2.00,2.92,2.60
C0566A,"Canelone, c/ peito de frango refogado, s/ molho, caseiro, c/ sal, (massa com farinha de trigo, peito de frango refogado (c/ óleo, cebola e alho), c/ sal),",Cereais e derivados,161,20.1,12.7,3.10,0.74
C0239N,"Papa de peito de frango e inhame, c/ caldo de frango, c/ cebola e azeite de oliva, s/ sal,",Alimentos para fins especiais,114,13.7,6.93,3.35,0.66
C0627A,"Rolinho primavera, frito, c/ sal, (massa com trigo, recheado - carne suína e frango, cenoura, repolho, cebola, saquê, molho shoyu e pimenta, frito, c/ óleo, c/ sal),",Cereais e derivados,297,11.0,20.5,18.6,1.16
C0451B,"Salada, vegetais e frutas, s/ óleo, s/ sal, (alface americana, alface roxa, agrião, pepino, uva Itália, s/ óleo, s/ sal),",Vegetais e derivados,23,1.04,3.57,0.18,1.36
C0355N,"Papa de peito de frango, abóbora cabotian (japonesa) e chuchu, c/ caldo de carne, c/ cebola, s/ óleo, s/ sal,",Alimentos para fins especiais,73,11.8,2.87,1.35,0.91
C0427B,"Salada, vegetais crus, s/ óleo, s/ sal, (repolho roxo, cenoura, alface americana, tomate, s/ óleo s/ sal),",Vegetais e derivados,20,0.99,2.82,0.14,1.97
C0091H,"Bebida, café descafeinado - infusão 10% - intenso, c/ leite (meio a meio), ""média"", s/ açúcar,",Bebidas,36,1.57,3.26,1.78,0.43
C0200B,"Quiabo, c/ casca, refogado (c/ óleo, cebola e alho), c/ sal, Hibiscus esculentus L.,",Vegetais e derivados,32,1.39,2.00,1.35,2.99
C0883F,"Dobradinha, c/ legumes, s/ sal, (bucho bovino, batata, cenoura, tomate, pimentão, cebolinha e salsinha, c/ óleo, cebola e alho, s/ sal),",Carnes e derivados,70,7.21,3.74,2.64,1.08
C0002T,"Feijão, carioca, cru, Phaseolus vulgaris L.,",Leguminosas e derivados,306,22.1,40.0,1.87,20.4
C0054H,"Bebida, infusão, hortelã rasteira, planta, folha, c/ açúcar, Mentha x vilosa Huds,",Bebidas,25,0.02,6.18,0.00,0.00
C0929A,"Arroz com alho poró, c/ arroz polido, c/ sal, (arroz polido, alho poró, c/ óleo de soja, c/ sal),",Cereais e derivados,124,1.97,23.1,2.35,1.13
C0051N,"Refrigerante, tipo laranja, c/ adoçante,",Alimentos para fins especiais,0,0.10,1.42,0.00,0.00
C0239E,"Peixe, água salgada, pescada, branca, ensopado (c/ cebola, tomate e pimentão), c/ leite de coco, c/ sal,",Pescados e Frutos do mar,163,14.3,0.06,11.5,0.40
C0418N,"Creme de kiwi, c/ morango, iogurte integral, s/ açúcar,",Alimentos para fins especiais,49,2.23,6.30,1.39,1.38
C0226N,"Papa de carne bovina moída (acém), cará e brócolis, c/ caldo de frango, c/ cebola e óleo de soja, s/ sal,",Alimentos para fins especiais,115,10.7,3.99,5.97,1.26
C0013T,"Feijão, rosinha, cru, Phaseolus vulgaris L.,",Leguminosas e derivados,303,20.9,41.6,1.33,20.6
C0538F,"Carne, frango, caipira, inteiro, s/ pele, cozida, salsa, c/ óleo, cebola e alho, c/ pimenta-do-reino, s/ sal,",Carnes e derivados,191,27.7,0.98,8.39,0.24
C0392F,"Carne, boi, fraldinha, c/ gordura, cozida, c/ óleo, cebola e alho, s/ sal,",Carnes e derivados,327,23.0,0.65,25.8,0.14
C0104T,"Orelha-de-padre, semente, seca, remolho em água, cozida, drenada, s/ óleo, c/ sal, Lablab purpureus (L) Sweet,",Leguminosas e derivados,120,8.85,16.8,0.57,6.16
C1021B,"Salada, alface roxa, c/ azeite de oliva, c/ sal,",Vegetais e derivados,53,0.86,0.46,4.86,1.91
C0131K,"Goma de mascar, c/ açúcar (média de diferentes sabores),",Produtos açucarados,383,0.00,94.6,0.26,2.40
C0211T,"Pasta de feijão vermelho, Frijoles, c/ pimenta-do-reino, c/ óleo, cebola e alho, s/ sal,",Leguminosas e derivados,115,8.42,13.1,1.59,7.27
C0388F,"Carne, boi, flanco, s/ gordura, cozida,  c/ batata e vegetais - cenoura, chuchu, vagem, c/ molho de tomate (tomate, c/ óleo, cebola e alho), c/ sal,",Carnes e derivados,114,14.8,2.52,4.80,1.08
C0130B,"Maniçoba, s/ sal, (folha da mandioca brava (maniva), toucinho defumado (bacon), carne seca dessalgada, carne suína (lombo, orelha, rabo e costela dessalgada), bucho bovino, chouriço, linguiça portuguesa, paio, alho, pimenta-de-cheiro, s/ óleo, s/sal),",Vegetais e derivados,127,9.96,1.26,8.70,2.16
C0028R,"Gelatina, tuti-fruti, em pó, Oetker,",Alimentos industrializados,396,9.60,89.0,0.20,0.00
C0359F,"Carne, boi, acém moída, cozida, c/ batata, c/ óleo, cebola e alho, s/ sal,",Carnes e derivados,171,19.2,3.31,8.86,0.50
C0402E,"Peixe, água salgada, merluza, ensopado (c/ cebola, tomate e pimentão), c/ óleo, s/ sal, Merlucius hubbsi,",Pescados e Frutos do mar,138,18.0,0.97,7.19,0.51
C0543B,"Salada, pimentão verde, amarelo e vermelho crus, c/ molho de salada - salsa, vinagre de maçã, azeite de oliva, c/ sal,",Vegetais e derivados,54,1.08,3.51,3.56,1.59
C0255F,"Carne, boi, quarto dianteiro, s/ gordura, cozida, c/ óleo, cebola e alho, c/ sal,",Carnes e derivados,192,25.3,1.62,9.37,0.12
C0140C,"Suco natural, mamão, c/ açúcar,",Frutas e derivados,42,0.29,9.40,0.13,0.91
C0019T,"Lentilha, crua, Lens culinaris,",Leguminosas e derivados,314,23.5,42.3,1.46,18.7
C0174K,"Bombom, chocolate branco, c/ recheio de castanha de caju, Operata, Garoto,",Produtos açucarados,537,4.80,64.4,28.8,0.50
C1076A,"Granola, cereais, frutas secas e oleagionosas, caseira, (aveia em flocos, semente de linhaça, gergelim, abóbora e girassol, amêndoa, cranberry e figo seco, uva passa, gengibre, cravo e canela em pó, s/ açúcar),",Cereais e derivados,433,12.4,38.1,22.5,14.0
C1033A,"Bolo inglês, com frutas cristalizadas, caseiro, (farinha de trigo, manteiga, ovo, açúcar e frutas cristalizadas),",Cereais e derivados,400,4.96,51.2,19.3,0.81
C0149A,"Pão, trigo, integral,",Cereais e derivados,232,10.7,40.4,1.79,5.58
C0093H,"Bebida, café descafeinado - infusão 10% - intenso, c/ leite desnatado (meio a meio),,",Bebidas,23,1.60,3.27,0.34,0.43
C0127N,"Papa de batata, cenoura e carne moída (acém), c/ caldo de frango, c/ cebola, s/ óleo, s/ sal,",Alimentos para fins especiais,91,10.3,3.28,3.89,0.87
C0097K,"Doce, massa folhada, c/ doce de leite, c/ açúcar,",Produtos açucarados,486,7.00,48.8,28.9,1.05
C0003B,"Abóbora, menina brasileira, s/ casca, s/ sementes, crua, Cucurbita moschata,",Vegetais e derivados,13,0.61,2.17,,1.17
C0543F,"Carne, frango, inteiro, ensopado, c/ tomate, pimentão, salsa, c/ óleo, cebola e alho, c/ pimenta-do-reino, s/ sal,",Carnes e derivados,145,18.6,1.55,7.01,0.53
C1097A,"Macarrão, trigo, c/ carne bovina músculo, salsa, pimenta-do-reino, c/ óleo e alho, s/ sal,",Cereais e derivados,173,8.40,19.6,6.62,0.91
C0040D,"Óleo, canola, cozido, Arachis hypogaea L.,",Gorduras e óleos,900,0.00,0.00,100.0,0.00
C0248B,"Maxixe, c/ casca, cozido, drenado, s/ óleo, c/ sal, Cucumis anguria,",Vegetais e derivados,20,1.95,1.14,0.10,3.14
C0055E,"Peixe, água salgada, pescada, filé, cru, Cynoscion spp.,",Pescados e Frutos do mar,101,16.5,0.00,3.90,0.00
C0251C,"Suco, néctar, maracujá, c/ açúcar,",Frutas e derivados,42,0.07,10.2,0.06,0.03
C0389A,"Sanduíche, pão forma integral, c/ queijo minas, c/ alface americana, atum em conserva, tomate, c/ maionese,",Cereais e derivados,156,11.6,13.3,5.85,1.88
C0652N,"Papa de peito de frango, batata baroa (mandioquinha, salsa) e abobrinha, c/ caldo de carne, c/ cebola, s/ óleo, s/ sal,",Alimentos para fins especiais,85,11.9,6.08,1.21,1.26
C0020D,"Óleo, algodão, Gossypium ssp.,",Gorduras e óleos,900,0.00,0.00,100.0,0.00
C0948B,"Cogumelo, Shiitake, cozido, c/ salsa, pimenta-do-reino, c/ manteiga, c/ sal,",Vegetais e derivados,126,1.48,11.2,7.95,1.96
C0813B,"Mussaká, c/ molho bolonhesa, s/ sal, (batata frita, berinjela grelhada, c/ molho branco (farinha de trigo, manteiga e leite), c/ molho bolonhesa (carne bovina - patinho moído, tomate, cebola, alho, c/ óleo), queijo parmesão, salsa, cebolinha, pimenta-do-reino, s/ sal),",Vegetais e derivados,136,4.73,11.8,6.91,3.68
C0510F,"Carne, frango, peito, c/ vegetais - brócolis e cenoura, c/ óleo, cebola e alho, c/ sal,",Carnes e derivados,101,16.6,1.35,2.95,1.35
C0267T,"Queijo vegetal, c/ castanha de caju, castanha do Brasil e amêndoas, c/ sal, (castanha de caju, castanha do Brasil, amêndoas, alho em pó, cebola em pó, c/ sal),",Leguminosas e derivados,619,19.2,16.5,51.5,6.41
C0987B,"Salada, chicória, c/ molho vinagrete (tomate, cebola, salsa, vinagre, azeite de oliva), c/ sal,",Vegetais e derivados,21,1.11,0.96,0.95,2.08
C0143A,"Milho, polenta/fubá, cozido, c/ sal,",Cereais e derivados,104,2.25,21.2,0.69,1.74
C1070B,"Bolo de milho, c/ goibada, s/ glúten, s/ lactose, caseiro, (fubá, milho verde, ovo, leite de coco, goiabada, óleo de milho, fermento químico, c/ açúcar),",Vegetais e derivados,395,5.87,66.6,11.0,3.27
C0488N,"Papa de carne bovina moída (patinho), cenoura e batata baroa (mandioquinha, batata salsa), c/ caldo de frango, c/ cebola, s/ óleo, c/ sal,",Alimentos para fins especiais,96,13.2,4.43,2.67,0.92
C0890F,"Carne, boi, bucho, cozida, c/ óleo, cebola e alho, c/ sal,",Carnes e derivados,134,20.6,0.61,5.47,0.14
C0131C,"Suco natural, laranja e morango, s/ açúcar,",Frutas e derivados,33,0.76,6.99,0.14,0.35
C0875B,"Batata baroa (mandioquinha, batata salsa), s/ casca, cozida, salsa, c/ manteiga, c/ pimenta-do-reino, s/ sal,",Vegetais e derivados,111,0.82,16.2,4.46,1.65
C0544A,"Arroz com frango, c/ arroz integral, s/ sal, (arroz integral, c/ frango, tomate, cenoura, c/ óleo, cebola e alho, s/ sal),",Cereais e derivados,123,7.16,13.7,4.01,1.78
C0074T,"Ervilha, grão, seca, partida, cozida, drenada, s/ óleo, c/ sal, Pisum sativum L.,",Leguminosas e derivados,115,7.70,17.9,0.50,4.36
C0221A,"Salada, macarrão, trigo, c/ ovos, c/ vinagrete (tomate, cebola, salsa, vinagre e azeite de oliva), s/ sal,",Cereais e derivados,119,2.79,19.7,3.02,0.86
C0524F,"Carne, boi, charque (carne seca, carne de sol, jaba), c/ abóbora cabotian (japonesa), salsa, c/ óleo, cebola e alho, c/ sal,",Carnes e derivados,176,20.7,5.10,7.83,1.11
C0471E,"Poke hawaiano, c/ salmão, pepino, manga e cenoura, (arroz para sushi (c/ vinagre de arroz, açúcar e sal), salmão, pepino, manga, cenoura, amendoim, cebolinha, gergelim, c/ óleo de gergelim, c/ molho shoyu),",Pescados e Frutos do mar,64,6.23,9.16,6.27,1.69
C0118A,"Macarrão, trigo, s/ ovos, seco, cru,",Cereais e derivados,358,10.00,75.0,1.30,2.93
C0072N,"Biscoito, doce, light,",Alimentos para fins especiais,449,5.97,64.5,17.9,3.00
C0674B,"Salada, beterraba crua, c/ azeite de oliva, c/ sal,",Vegetais e derivados,141,1.73,6.86,11.2,2.99
C0834F,"Carne, boi, língua, cozida, s/ óleo, c/ sal,",Carnes e derivados,307,21.3,0.00,24.7,0.00
C1135B,"Quiabo, à milanesa, s/ sal (quiabo, farinha de trigo, farinha de rosca, ovo, frito (c/ óleo de soja), s/ sal),",Vegetais e derivados,177,5.20,16.5,8.99,4.79
C0063K,"Mousse, chocolate, mistura p/, preparada,",Produtos açucarados,165,4.80,23.9,5.40,0.58
C0575A,"Pão, sírio, trigo,",Cereais e derivados,266,9.10,53.5,1.20,2.20
C0274B,"Chuchu, s/ casca, cozido, c/ molho de tomate (tomate, c/ óleo, cebola e alho), c/ sal, Sechium edule,",Vegetais e derivados,24,0.78,3.39,0.27,2.45
C1099A,"Macarrão, trigo integral, c/ carne bovina músculo, salsa, pimenta-do-reino, c/ óleo e alho, s/ sal,",Cereais e derivados,172,9.34,17.3,6.61,2.72
C0663N,"Papa de carne bovina moída (acém), fubá e espinafre, c/ caldo de carne, c/ cebola, s/ óleo, c/ sal,",Alimentos para fins especiais,111,10.8,7.20,4.11,0.85
C0247N,"Papa de ovo e batata baroa (mandioquinha, batata salsa), c/ caldo de frango, c/ cebola, s/ óleo, s/ sal,",Alimentos para fins especiais,81,4.83,7.04,3.58,0.75
C0997B,"Cuscuz de tapioca, c/ coco e leite de coco, (fécula de mandioca, água, leite, coco e leite de coco, c/ sal, c/ açúcar),",Vegetais e derivados,166,0.83,31.3,4.02,0.52
C0619B,"Salada, vegetais crus, c/ molho de salada, c/ sal, (nabo, cenoura e beterraba, c/ molho de salada - salsa, vinagre de maçã, azeite de oliva, c/ sal),",Vegetais e derivados,63,1.43,5.35,3.42,2.72
C0021J,"Ovo, galinha, clara, cozida/10 min., c/ sal,",Ovos e derivados,57,13.4,0.56,0.09,0.00
C1146A,"Esfirra, muçarela, caseira, assada, (farinha de trigo, água, leite, ovo, margarina, muçarela, c/ açúcar, c/ óleo de soja e cebola, c/ sal),",Cereais e derivados,372,18.2,39.6,15.4,1.40
C0021R,"Gelatina, framboesa, em pó, Oetker,",Alimentos industrializados,394,7.80,90.5,0.10,0.00
C0011T,"Feijão, rajado, cru, Phaseolus vulgaris L.,",Leguminosas e derivados,283,17.3,38.9,1.17,24.0
C0590A,"Canelone, c/ frios, s/ molho, caseiro, c/ sal, (massa com farinha de trigo, c/ muçarela e presunto c/ sal),",Cereais e derivados,197,12.5,13.5,10.2,0.54
C0894F,"Dobradinha, c/ feijão branco, bucho bovino, batata, cenoura, tomate, pimentão, cebolinha e salsinha, c/ óleo, cebola e alho, c/ sal,",Carnes e derivados,74,6.40,6.15,2.23,1.83
C0846A,"Sopa, carne, c/ macarrão e legumes, desidratada, preparada c/ água, Maggi,",Cereais e derivados,109,3.54,18.3,2.22,0.90
C0007D,"Manteiga, c/ sal,",Gorduras e óleos,743,0.52,0.00,82.3,0.00
C0079A,"Bolo, coco, mistura p/, preparado,",Cereais e derivados,331,5.67,51.2,11.3,1.05
C0571N,"Papa de carne moída bovina (patinho), feijão preto, batata, abóbora (jerimum) e cenoura, c/ caldo de frango, c/ cebola e azeite de oliva, s/ sal,",Alimentos para fins especiais,107,12.2,3.48,4.41,2.13
C0343B,"Inhame, s/ casca, cozido, drenado, s/ óleo, c/ sal, Colocasia esculenta,",Vegetais e derivados,89,2.28,18.8,0.14,1.60
C0350N,"Papa de peito de frango, abóbora cabotian (japonesa) e chuchu, c/ caldo de carne, c/ cebola e azeite de oliva, c/ sal,",Alimentos para fins especiais,90,11.7,2.73,3.34,0.87
C0947B,"Sopa, inhame, c/ linguiça calabresa, c/ sal, (inhame, c/ caldo de vegetais, linguiça calabresa, salsa, c/ óleo, cebola e alho, c/ sal),",Vegetais e derivados,88,4.33,8.46,3.85,0.86
C0282B,"Jiló, c/ casca, assado, s/ óleo, c/ sal, Solanum gilo,",Vegetais e derivados,28,1.75,1.70,0.27,6.01
C0231B,"Abobrinha, italiana, c/ casca, cozida, drenada, c/ óleo de soja, s/ sal,",Vegetais e derivados,35,0.96,1.29,2.61,1.47
C1135A,"Panqueca, banana e aveia, (aveia em flocos, banana, ovo, manteiga, c/ açúcar e canela),",Cereais e derivados,324,11.3,35.0,14.4,4.80
C0355E,"Crustáceo, caranguejo, cozido, s/ óleo, c/ sal, Ucides cordatus,",Pescados e Frutos do mar,98,19.7,0.21,2.01,0.00
C0249E,"Sopa, camarão, s/ sal, (camarão, c/ caldo de camarão, tomate, salsa, c/ óleo, cebola e alho, s/ sal),",Pescados e Frutos do mar,54,8.56,1.22,1.59,0.32
C1063A,"Bolo, fécula de batata, caseiro, (fécula de batata, farinha de trigo, leite, ovo, manteiga, açúcar e fermento químico),",Cereais e derivados,484,4.28,40.3,33.4,1.18
C1139B,"Cogumelo, assado, s/ óleo, c/ sal (média de diferentes tipos),",Vegetais e derivados,33,2.47,3.11,0.43,3.65
C1067B,"Salada, alface, c/ beterraba crua, c/ azeite de oliva, c/ sal,",Vegetais e derivados,54,1.54,4.38,2.78,2.67
C0815B,"Pirão de leite, s/ sal, (leite, farinha de mandioca (aipim, macaxeira), manteiga, cebola, c/ pimenta-do-reino, s/ sal),",Vegetais e derivados,125,2.58,13.4,6.62,0.86
C0780B,"Farofa, carne bovina, c/ sal, (farinha de mandioca (aipim, macaxeira), carne bovina, tomate, azeitona, salsa, c/ óleo, cebola e alho, c/ sal),",Vegetais e derivados,282,10.1,38.2,9.08,3.35
C0007G,"Cream cheese, com ervas finas, Danúbio,",Leite e derivados,229,6.00,1.70,22.0,0.00
C0374N,"Papa de macarrão, batata e couve, c/ caldo de frango, c/ cebola e azeite de oliva, c/ sal,",Alimentos para fins especiais,72,2.22,9.85,2.31,1.41
C0472A,"Sanduíche, pão branco tradicional, c/ requeijão,",Cereais e derivados,265,9.62,38.2,7.74,2.06
C0363N,"Papa de arroz polido, feijão preto e carne bovina moída (acém), c/ caldo de frango, c/ cebola e óleo de soja, c/ sal,",Alimentos para fins especiais,125,10.2,6.93,5.72,2.70
C0112N,"Papa de fígado bovino, batata e cenoura, c/ caldo de frango, c/ cebola, c/ azeite de oliva, c/ sal,",Alimentos para fins especiais,120,12.6,4.25,5.68,0.73
C0097C,"Goiaba, doce, cascão,",Frutas e derivados,309,0.41,74.3,0.10,4.37
C0016D,"Margarina, c/ leite, c/ sal, Leco,",Gorduras e óleos,548,1.30,1.90,60.0,0.00
C0341F,"Carne, boi, contra-filé de costela, grelhada,  c/ manteiga, s/ sal,",Carnes e derivados,351,27.7,0.24,26.6,0.00
C0042R,"Mousse, limão, mistura p/, Oetker,",Alimentos industrializados,438,5.71,82.3,9.22,1.54
C0153K,"Bomba (profiteroles) c/ recheio de sorvete de creme, c/ cobertura de chocolate, (farinha de trigo, manteiga, ovo, sorvete de creme e chocolate ao leite),",Produtos açucarados,374,6.88,36.1,22.2,1.01
C0592F,"Carne, porco, bisteca, frita, c/ óleo, cebola e alho, c/ sal,",Carnes e derivados,296,31.8,0.60,18.5,0.12
C0149K,"Mousse, uva, (leite condensado, creme de leite, suco de uva concentrado, gelatina sem sabor e água),",Produtos açucarados,188,3.58,23.3,8.95,0.09
C0526E,"Peixe, água doce, Tambaqui, frito (c/ óleo de soja), c/ sal (média de cortes e amostras), Colossoma macropomum,",Pescados e frutos do mar,160,24.3,0.00,6.98,0.00
C0013R,"Flan, chocolate, em pó, Oetker,",Alimentos industrializados,392,0.32,95.9,0.76,4.50
C0063B,"Alface, americana, crua, Lactuca sativa L.,",Vegetais e derivados,6,0.41,0.26,0.11,1.24
C0369N,"Papa de arroz polido, feijão carioca e carne bovina moída (acém), c/ caldo de frango, c/ cebola e óleo de soja, c/ sal,",Alimentos para fins especiais,131,10.2,7.71,6.05,2.26
C0431F,"Carne, boi, paleta, s/ gordura, cozida, refogada (c/ óleo, cebola e alho), c/ sal,",Carnes e derivados,187,28.2,0.56,8.03,0.12
C0010G,"Creme de leite (25% de gordura, UHT, enlatado) (média de diferentes marcas),",Leite e derivados,238,1.95,4.15,23.7,0.00
C0087N,"Lasanha, frango com ricota, light, caseira (massa lasanha fresca, c/ peito de frango, c/ ricota, c/ molho de tomate (tomate, c/ óleo, cebola e alho), c/ sal), (massa lasanha fresca, c/ peito de frango, c/ ricota, c/ molho de tomate (tomate, c/ óleo, cebola e alho), c/ sal),",Alimentos para fins especiais,139,9.86,16.8,3.30,1.32
C0678B,"Salada, beterraba, crua, s/ óleo, s/ sal,",Vegetais e derivados,46,1.95,7.74,0.09,3.37
C0491B,"Salada, beterraba, cozida, c/ molho de salada - salsa, vinagre de maçã, azeite de oliva, c/ sal,",Vegetais e derivados,56,1.23,4.19,3.41,1.93
C0047C,"Manga, Palmer, polpa, in natura, Mangifera indica L.,",Frutas e derivados,77,0.41,17.7,0.17,1.63
C1017B,"Sopa, palmito, c/ sal, (palmito, leite, amido de milho, salsa, c/ pimenta branca, c/ caldo de legumes, c/ cebola e manteiga, c/ sal),",Vegetais e derivados,66,1.82,5.66,3.83,1.03
C0247C,"Suco natural, murici (mirici, muricizinho), s/ açúcar,",Frutas e derivados,36,0.35,5.01,1.03,2.72
C0257A,"Sanduíche, americano (pão forma tradicional), c/ presunto, queijo muçarela, alface, tomate e ovo frito,",Cereais e derivados,208,13.3,14.4,10.6,0.95
C0655F,"Carne, seca, crua, Bos taurus,",Carnes e derivados,307,19.7,0.00,25.4,0.00
C0051H,"Bebida, chá, infusão, capim-santo (capim-cidreira, capim-limão), planta, folha, c/ açúcar, Cymbopogon citratus Stapf.,",Bebidas,25,0.02,6.18,0.00,0.00
C0651N,"Papa de peito de frango, batata baroa (mandioquinha, salsa) e abobrinha, c/ caldo de carne, c/ cebola, s/ óleo, c/ sal,",Alimentos para fins especiais,76,11.6,4.46,1.18,0.83
C0356A,"Sanduíche, pão forma integral, c/ peito de peru defumado, queijo prato, c/ manteiga,",Cereais e derivados,283,15.4,18.8,15.8,2.20
C0324A,"Panqueca, c/ carne moída refogada, c/ molho de tomate, c/ sal, (massa - leite, farinha de trigo e ovo, c/ carne moída refogada (acém), c/ molho de tomate (tomate, c/ óleo, cebola e alho), c/ sal),",Cereais e derivados,201,15.7,10.1,10.7,0.85
C0263F,"Carne, boi, quarto traseiro, s/ gordura, cozida, c/ molho de tomate (tomate, c/ óleo, cebola e alho), c/ sal,",Carnes e derivados,176,24.4,0.81,8.25,0.50
C0618N,"Papa de carne bovina moída (patinho), arroz branco e brócolis, c/ caldo de frango, c/ cebola e óleo de soja, c/ sal,",Alimentos para fins especiais,124,13.2,6.36,4.88,1.04
C0623A,"Risoto de legumes, c/ arroz polido, c/ sal, (arroz polido, cenoura, vagem, pimentão vermelho, vinho branco, queijo parmesão, c/ azeite de oliva, manteiga, cebola e alho, c/ sal),",Cereais e derivados,141,3.01,12.9,7.78,1.56
C0603A,"Macarrão, trigo, integral, c/ presunto, ervilha, c/ molho branco (farinha de trigo, manteiga e leite), c/ sal,",Cereais e derivados,143,5.77,18.7,4.50,2.29
C0368E,"Peixe, água salgada, bacalhau, salgado, dessalgado, cozido, c/ molho de tomate (tomate, c/ óleo, cebola e alho), c/ sal,",Pescados e Frutos do mar,82,16.7,0.81,1.23,0.50
C0300N,"Papa de carne bovina (músculo), feijão carioca, batata, abóbora (jerimum) e cenoura, c/ caldo de frango, c/ cebola e azeite de oliva, s/ sal,",Alimentos para fins especiais,102,10.7,3.86,4.40,1.87
C0474N,"Papa de carne bovina moída (patinho) e abóbora cabotian (japonesa), c/ caldo de frango, c/ cebola e óleo de soja, s/ sal,",Alimentos para fins especiais,118,14.2,3.58,5.01,1.02
C0789A,"Cevada, s/ casca (pérola), crua,",Cereais e derivados,341,13.8,56.3,3.33,15.1
C0220F,"Tender, frango, c/ temperos, c/ sal, Seara,",Carnes e derivados,128,20.3,0.50,5.00,
C1204A,"Pão francês, c/ doce de leite,",Cereais e derivados,305,8.59,59.0,3.50,1.74
C0153T,"Virado de feijão, (feijão preto, farinha de milho, toucinho defumado (bacon), c/ óleo, cebola e alho, c/ sal),",Leguminosas e derivados,112,5.07,9.13,4.70,6.42
C0021T,"Amendoim, torrado, c/ sal, Arachis hypogaea L.,",Leguminosas e derivados,626,27.5,7.87,51.8,8.99
C0275F,"Carne, boi, quarto traseiro, c/ gordura, grelhada, c/ molho de mostarda (creme de leite, suco de limão e mostarda), s/ sal,",Carnes e derivados,271,23.2,2.09,18.9,0.03
C0336N,"Papa de carne bovina (músculo), feijão carioca, batata baroa (mandioquinha, salsa) e abóbora cabotian (japonesa), c/ caldo de frango, c/ cebola e óleo de soja, c/ sal,",Alimentos para fins especiais,110,10.7,5.99,4.41,1.85
C0919F,"Hambúrguer, industrializado, frango, grelhado, s/ óleo,",Carnes e derivados,228,13.6,10.5,14.7,0.00
C0464B,"Nhoque de batata, c/ molho de tomate, c/ sal, (batata, ovo, margarina e farinha de trigo), c/ molho de tomate (tomate, c/ óleo, cebola e alho), c/ sal,",Vegetais e derivados,162,5.01,28.7,2.60,1.93
C0978B,"Salada, pepino, c/ molho vinagrete (tomate, cebola, salsa, vinagre, azeite de oliva), c/ sal,",Vegetais e derivados,19,0.71,1.53,0.90,1.03
C0460B,"Alcachofra, cozida, drenada, s/ sal, Cynara scolymus,",Vegetais e derivados,51,2.89,6.25,0.34,5.70
C0090B,"Mandioca (aipim, macaxeira), fécula, Manihot esculenta,",Vegetais e derivados,328,0.52,80.5,0.28,0.65
C0837F,"Carne, boi, rabo, cozido, s/ óleo, s/ sal,",Carnes e derivados,351,21.7,0.00,29.3,0.00
C0561B,"Salada, tomate, s/ óleo, s/ sal,",Vegetais e derivados,18,1.04,2.22,0.17,1.60
C0355F,"Carne, boi, acém moída, cozida, c/ óleo, cebola e alho, s/ sal,",Carnes e derivados,209,25.5,0.61,11.6,0.14
C0144H,"Milk shake (leite integral, sorvete, extrato de baunilha e calda de chocolate),",Bebidas,113,2.84,21.8,5.86,
C0605B,"Salada, espinafre refogado, tomate, queijo minas, noz, c/ molho de salada - salsa, suco de limão, azeite de oliva, c/ sal,",Vegetais e derivados,194,6.26,3.60,16.7,2.35
C0804A,"Salgadinho, snack de trigo (média de diferentes sabores),",Cereais e derivados,478,7.70,63.4,20.7,3.40
C0604B,"Salada, espinafre refogado, tomate, queijo minas, noz, c/ óleo de soja, c/ sal,",Vegetais e derivados,181,5.83,3.53,15.5,1.99
C0694F,"Carne, porco, costela, refogada (c/ óleo, cebola e alho), c/ sal, Sus ssp,",Carnes e derivados,418,29.2,0.61,33.2,0.13
C0708B,"Salada, pimentão verde, amarelo, vermelho assados, c/ azeite de oliva, c/ sal,",Vegetais e derivados,59,1.05,3.48,4.23,1.65
C0192K,"Bomba, c/ recheio de brigadeiro, c/ cobertura de chocolate, (farinha de trigo, manteiga, ovo, leite condensado e chocolate ao leite),",Produtos açucarados,463,8.09,52.2,24.5,0.69
C0580N,"Papa de carne moída bovina (patinho), feijão preto, batata, abóbora (jerimum) e cenoura, c/ caldo de carne, c/ cebola e óleo de soja, c/ sal,",Alimentos para fins especiais,107,12.2,3.47,4.44,2.13
C0260F,"Carne, boi, quarto dianteiro, s/ gordura, cozida, c/ batata e vegetais - cenoura, chuchu, vagem, c/ molho de tomate (tomate, c/ óleo, cebola e alho), c/ sal,",Carnes e derivados,117,13.9,2.99,5.31,1.02
C1083B,"Quibe com cenoura e berinjela, c/ sal, (trigo para quibe (hidratado com caldo de legumes), alho, cebola, cenoura, berinjela, hortelã, pimenta do reino, c/ sal),",Vegetais e derivados,42,1.49,6.70,0.46,2.47
C0181T,"Salada, lentilha, s/ óleo, s/ sal, (lentilha cozido, tomate, cebola, pepino, salsa, suco de limão, s/ óleo, s/ sal),",Leguminosas e derivados,64,4.44,8.88,0.32,4.11
C0257C,"Suco, manga, concentrado,",Frutas e derivados,40,0.34,8.82,0.20,1.36
C0939A,"Salada, macarrão de arroz, c/ pepino e cenoura, c/ presunto, c/ molho de salada (vinagre de arroz, gergelim, c/ óleo de gergelim, c/ açúcar, c/ sal),",Cereais e derivados,109,4.79,12.1,4.86,1.42
C0016N,"Gelatina, cereja, em pó, preparada, diet, Oetker,",Alimentos para fins especiais,11,1.54,1.14,0.06,
C1045F,"Carne, vitela, crua, Bos taurus,",Carnes e derivados,99,22.1,0.91,0.71,0.00
C0068R,"Sopa, canjão (galinha c/ arroz e legumes), desidratada, Maggi,",Alimentos industrializados,351,10.1,64.2,5.50,2.00
C0158A,"Pão, trigo, p/ hambúrguer,",Cereais e derivados,283,9.67,50.1,4.14,3.14
C0653B,"Salada, vegetais cozidos, c/ molho de salada, c/ sal, (brócolis, cenoura e couve-flor cozidos, c/ molho de salada - salsa, vinagre de maçã, azeite de oliva, c/ sal),",Vegetais e derivados,50,1.49,1.77,3.63,2.34
C0439N,"Papa de carne bovina moída (acém), macarrão e brócolis, c/ caldo de carne, c/ cebola e azeite de oliva, s/ sal,",Alimentos para fins especiais,126,11.8,4.86,6.40,0.93
C0279C,"Banana, grelhada, s/ manteiga, s/ açúcar (média de 5 tipos - Nanica (caturra ou dágua), da Terra, Maçã, Ouro e Prata),",Frutas e derivados,129,1.54,29.1,0.25,2.30
C0736A,"Bruschetta, c/ tomate, s/ sal, (pão italiano, tomate, azeite de oliva, alho, manjericão, s/ sal),",Cereais e derivados,238,6.91,36.2,6.65,2.63
C0882F,"Dobradinha, c/ legumes, c/ sal, (bucho bovino, batata, cenoura, tomate, pimentão, cebolinha e salsinha, c/ óleo, cebola e alho, c/ sal),",Carnes e derivados,70,7.20,3.72,2.64,1.07
C1091B,"Sopa/creme, abóbora cabotian, c/ frango, s/ sal, (abóbora cabotian (japonesa), peito de frango, molho branco (farinha de trigo, manteiga e leite), caldo de legumes, salsinha e cebolinha, pimenta do reino, c/ óleo soja, cebola e alho, s/ sal),",Vegetais e derivados,83,6.24,6.05,3.50,1.15
C0205B,"Salada, chicória, crua, c/ molho vinagrete (tomate, cebola, salsinha, vinagre e óleo), s/ sal, Cichorium endivia L.,",Vegetais e derivados,39,1.06,1.79,2.64,1.84
C0806B,"Farofa, c/ frutas secas e nozes, c/ sal, (farinha de mandioca (aipim, macaxeira), nozes, tâmara e damasco seco, cereja em calda, c/ sal,",Vegetais e derivados,346,2.65,67.1,6.01,6.65
C0004A,"Pão, trigo, branco, hamburguer/hot dog/leite, de padaria (média de diferentes tipos),",Cereais e derivados,292,9.39,53.4,3.87,2.84
C0046R,"Pudim, mistura p/ (média de diferentes sabores),",Alimentos industrializados,384,2.65,90.5,1.01,1.35
C0040H,"Bebida alcoólica, vinho, tinto, Isabel,",Bebidas,87,0.07,2.29,0.00,0.00
C0213F,"Salsicha, não aquecida (média de vários tipos),",Carnes e derivados,218,13.8,7.67,14.7,
C1008A,"Bolo, chocolate, c/ recheio, brigadeiro, c/ cobertura, chocolate, caseiro, (bolo - farinha de trigo, achocolatado, leite, açúcar, manteiga, ovo e fermento em pó, recheio - leite condensado e chocolate, cobertura para bolo - cacau em pó, leite, manteiga e açúcar),",Cereais e derivados,396,6.72,55.3,16.0,1.71
C0525A,"Arroz com legumes, c/ arroz polido, s/ sal, (arroz polido, c/ cenoura, pimentão amarelo e vermelho, ervilha e milho em conserva, abobrinha, brócolis, c/ óleo, cebola e alho, s/ sal),",Cereais e derivados,122,2.72,21.0,2.52,2.28
C0283A,"Sanduíche,  queijo quente, pão forma integral, c/ queijo prato e margarina,",Cereais e derivados,323,14.9,21.6,19.1,2.64
C1019F,"Carne, quelônio, Tracajá, frito (c/ óleo de soja), c/ sal, Podocnemis unifilis,",Carnes e derivados,160,24.3,0.00,6.98,0.00
C0870B,"Mandioca (aipim, macaxeira), s/ casca, cozida, salsa, c/ manteiga, c/ pimenta-do-reino, c/ sal,",Vegetais e derivados,153,0.65,26.4,4.54,1.73
C0077F,"Carne, boi, picanha, crua (média de várias amostras), Bos taurus,",Carnes e derivados,160,20.2,0.56,8.58,0.00
C1128B,"Alcachofra, assada, c/ azeite de oliva, pimenta do reino, c/ sal,",Vegetais e derivados,80,3.47,5.53,3.64,5.75
C0285C,"Fruta pão, cozida, c/ manteiga, c/ açúcar,",Frutas e derivados,107,1.18,16.3,2.79,5.94
C0082B,"Serralha, folha, crua, Sonchus oleraceus L.,",Vegetais e derivados,30,2.67,1.43,0.74,3.52
C0381E,"Caldeirada de peixe e frutos do mar, c/ sal, (peixe, água salgada, cação, camarão, lula, polvo, mexilhão, tomate, pimentão, coentro, suco de limão, c/ pimenta-do-reino e pimenta vermelha, c/ caldo de peixe, c/ óleo, cebola e alho, c/ sal),",Pescados e Frutos do mar,75,12.1,2.24,1.85,0.44
C0040B,"Abobrinha, italiana, c/ casca, cozida, drenada, s/ óleo, s/ sal, Curcubita pepo L.,",Vegetais e derivados,14,0.99,1.32,0.23,1.51
C0432B,"Salada, c/ arroz polido, c/ azeite de oliva, s/ sal, (arroz polido, aipo (salsão), pimentão verde e vermelho, salsa, azeitona preta, vinagre de maçã, c/ azeite de oliva, s/ sal),",Vegetais e derivados,126,1.67,15.5,6.07,1.40
C0359A,"Sanduíche, pão francês, c/ peito de peru defumado, queijo prato, c/ manteiga,",Cereais e derivados,304,15.1,25.4,15.6,1.09
C1069F,"Carne, avestruz, cozida, s/ óleo, s/ sal (média de diferentes cortes), Struthio camelus African Black,",Carnes e derivados,183,39.0,0.92,2.60,0.00
C0245F,"Carne, boi, acém, moída, refogada (c/ óleo, cebola e alho), c/ sal,",Carnes e derivados,213,25.5,0.58,12.1,0.13
C0871F,"Carne, cabrito, cozido, c/ óleo de soja, c/ sal,",Carnes e derivados,208,24.4,0.00,12.3,0.00
C0133C,"Suco, concentrado, preparado, maracujá, s/ açúcar,",Frutas e derivados,4,0.08,0.93,0.02,0.04
C0632F,"Carne, boi, patinho, s/ gordura, grelhada/assada, s/ óleo, c/ sal, Bos taurus,",Carnes e derivados,208,35.7,0.00,7.28,0.00
C0951F,"Ossobuco, cozido, c/ salsa, cebolinha, pimenta-do-reino, c/ óleo, cebola e alho, s/ sal,",Carnes e derivados,193,26.5,2.67,8.42,0.21
C0951A,"Burrito de frango, c/ tortilha de farinha de milho, (tortilha de farinha de milho, c/ peito de frango grelhado (c/ óleo de soja), alface americana, cenoura crua, tomate, c/ queijo muçarela, c/ sal),",Cereais e derivados,175,15.8,10.7,7.14,2.07
C0784F,"Carne, peru, peito, s/ pele, frita (c/ óleo de soja), s/ sal, Meleagris gallopavo,",Carnes e derivados,200,27.5,0.00,9.94,0.00
C0102E,"Peixe, água doce, filé, cozido, s/ óleo, s/ sal (média de 7 espécies),",Pescados e Frutos do mar,130,21.6,0.00,4.88,0.00
C0495F,"Caldo de carne, caseiro, s/ óleo, s/ sal, (carne, boi, músculo, c/ cebola, cenoura, aipo, alho-poró, alho, s/ óleo, s/ sal),",Carnes e derivados,12,1.42,0.86,0.29,0.27
C0092B,"Mandioca, farinha, puba, crua,",Vegetais e derivados,351,1.62,83.0,0.47,4.24
C0658A,"Suflê, camarão, c/ molho branco, c/ queijo parmesão, c/ sal, (camarão, ovo de galinha, farinha de rosa, salsa, queijo parmesão, c/ molho branco (farinha de trigo, manteiga e leite), c/ óleo, cebola e alho, c/ sal),",Cereais e derivados,128,5.46,8.92,7.48,1.48
C0107H,"Bebida, capuccino (leite desnatado, infusão café descafeinado e chocolate em pó), c/ açúcar,",Bebidas,89,2.79,17.9,0.63,0.16
C1037A,"Macarrão, trigo, c/ atum fresco, salsa, c/ azeite de oliva, s/ sal,",Cereais e derivados,159,10.5,18.3,4.68,0.67
C1054A,"Sopa, macarrão, c/ vegetais, c/ sal, (macarrão, c/ batata, abobrinha, espinafre, cenoura e purê de tomate, c/ caldo de carne, c/ óleo, cebola e alho, c/ sal),",Cereais e derivados,61,1.97,10.3,1.03,1.22
C0999A,"Bolo, trigo, c/ cobertura, maracujá, caseiro, (bolo - farinha de trigo, ovo, leite, manteiga, açúcar e fermento químico e cobertura - leite condesando, creme de leite e suco de maracujá),",Cereais e derivados,398,6.51,49.3,19.3,0.72
C0371A,"Sanduíche, peito de frango grelhado (c/ pão de hambúrguer) , c/ queijo prato,",Cereais e derivados,249,20.7,23.5,7.80,1.24
C0622N,"Papa de carne bovina moída (patinho), arroz branco e brócolis, c/ caldo de frango, c/ cebola, s/ óleo, s/ sal,",Alimentos para fins especiais,111,14.0,6.39,3.02,1.05
C0048F,"Carne, boi, picanha, s/ gordura, grelhada, s/ sal, Bos taurus,",Carnes e derivados,233,31.9,0.90,11.3,0.00
C0574N,"Papa de carne bovina moída (patinho), feijão carioca, batata, abóbora (jerimum) e cenoura, c/ caldo de frango, c/ cebola e óleo de soja, c/ sal,",Alimentos para fins especiais,110,12.2,3.94,4.61,1.86
C0856F,"Carne, bovina, rosbife, fatiado,",Carnes e derivados,110,18.6,0.64,3.69,0.00
C0563F,"Lagarto recheado com presunto e queijo, (carne, boi, lagarto, cozida, c/ presunto e queijo, c/ molho de tomate (tomate, c/ óleo, cebola e alho), c/ sal),",Carnes e derivados,187,23.8,1.21,9.50,0.50
C0631B,"Salada, repolho roxo cru, s/ óleo, s/ sal,",Vegetais e derivados,22,1.22,3.19,0.06,1.68
C0273B,"Chuchu, s/ casca, cozido, c/ molho de tomate (tomate, c/ óleo, cebola e alho), s/ sal, Sechium edule,",Vegetais e derivados,32,0.75,3.79,1.17,1.62
C0309F,"Carne, boi, acém, s/ gordura, cozida, c/ batata, c/ sal,",Carnes e derivados,165,18.3,4.21,8.19,0.56
C0004F,"Almôndega, carne, boi, industrializada, frita, c/ sal,",Carnes e derivados,272,18.2,14.3,15.8,
C0001F,"Almôndega, carne, boi, industrializada, crua, c/ sal,",Carnes e derivados,178,12.9,10.7,9.32,
C0326A,"Sanduíche, pão forma tradicional, c/ peito de frango grelhado, alface americana, cenoura crua, tomate, c/ molho de iogurte,",Cereais e derivados,139,11.6,17.0,2.42,1.57
C0510N,"Papa de carne bovina moída (acém), batata e abóbora cabotian (japonesa), c/ caldo de carne, c/ cebola e óleo de soja, s/ sal,",Alimentos para fins especiais,123,10.5,5.88,6.12,1.35
C0189A,"Bolinho de arroz, frito, s/ sal, (arroz polido, farinha de trigo, ovos, salsinha, óleo de soja para fritura, s/ sal),",Cereais e derivados,340,8.65,44.9,13.5,1.73
C0076F,"Carne, boi, peito, s/ gordura, crua, Bos taurus,",Carnes e derivados,254,17.6,0.00,20.4,0.00
C0442A,"Risole, recheado c/ camarão, caseiro, frito, (farinha de trigo, leite, margarina, camarão refogada (c/ óleo, cebola e alho), farinha de rosca, ovo, c/ sal, frito (c/ óleo de soja)),",Cereais e derivados,290,7.73,29.9,15.1,1.75
C0451A,"Sanduíche, pão forma tradicional, c/ peito de frango grelhado, alface americana, cenoura crua, tomate, c/ maionese,",Cereais e derivados,160,11.7,15.4,5.28,2.30
C0005T,"Feijão, guandu, grão, cru, Cajanus cajan,",Leguminosas e derivados,318,21.6,43.9,2.09,18.7
C0046F,"Carne, boi, peito, s/ gordura, grelhada, s/ sal, Bos taurus,",Carnes e derivados,327,22.0,0.00,26.6,0.00
C0389F,"Carne, boi, flanco, s/ gordura, cozida,  c/ batata e cenoura, c/ óleo, cebola e alho, c/ sal,",Carnes e derivados,145,19.5,2.51,6.19,0.67
C0174C,"Coco, água,",Frutas e derivados,21,0.00,5.15,0.00,0.13
C0012L,"Molho, Italian, Kenko,",Miscelâneas,426,1.31,8.95,42.8,
C0016H,"Bebida, chá, infusão, anador grande, planta, folha, s/ açúcar, Justicia gendarussa L.,",Bebidas,1,0.00,0.30,0.00,0.00
C0065F,"Carne, boi, filé mignon, s/ gordura, cru, Bos taurus,",Carnes e derivados,137,21.6,0.02,5.61,0.00
C0034H,"Bebida alcoólica, vinho (média diferentes amostras),",Bebidas,92,0.08,3.41,0.00,0.00
C0962A,"Macarrão, trigo integral, c/ atum em conserva, salsa, c/ azeite de oliva, c/ sal,",Cereais e derivados,164,9.78,16.4,6.06,2.47
C1108B,"Anis estrelado, semente, Illicium verum,",Vegetais e derivados,384,17.6,35.4,15.9,14.6
C0382A,"Sanduíche, pão francês, c/ presunto, queijo muçarela e cream cheese,",Cereais e derivados,251,13.8,24.1,10.9,1.00
C0138G,"Espeto de queijo de muçarela, grelhado, s/ óleo,",Leite e derivados,322,23.8,1.71,24.4,0.00
C0360E,"Molusco, polvo, cozido, s/ óleo, c/ sal,",Pescados e Frutos do mar,155,29.7,4.38,2.07,0.00
C0355A,"Sanduíche, pão forma integral, c/ peito de peru defumado e queijo prato,",Cereais e derivados,241,16.7,20.5,9.72,2.40
C0931A,"Arroz com alho poró, c/ arroz integral, s/ sal, (arroz , alho integral, poró, c/ óleo de soja, s/ sal),",Cereais e derivados,106,2.02,17.6,2.70,1.82
C0554N,"Papa de carne bovina (músculo), feijão carioca, batata, abóbora (jerimum) e cenoura, c/ caldo de carne, c/ cebola, s/ óleo, c/ sal,",Alimentos para fins especiais,84,10.7,3.86,2.43,1.87
C0010C,"Banana, ouro, in natura, Musa spp.,",Frutas e derivados,116,1.35,26.3,0.10,2.46
C0878A,"Torta, escarola, (massa (farinha de trigo, leite, ovo, fermento químico, óleo e sal), c/ escarola refogada (c/ óleo, cebolha e alho), c/ sal),",Cereais e derivados,175,6.03,19.4,7.84,1.39
C0312F,"Bife à parmegiana, s/ sal, (carne, bovina, contra-filé, à milanesa (farinha de trigo, ovo e farinha de rosca, frita em imersão), c/ molho de tomate (tomate, c/ óleo, cebola e alho), c/ muçarela, s/ sal),",Carnes e derivados,342,17.2,9.52,20.3,0.51
C0302E,"Cestinha de camarão, c/ massa de pastel frita, c/ sal, (massa de pastel, frita, camarão, tomate, requeijão, salsa, pimenta do reino, c/ óleo, cebola e alho, c/ sal),",Pescados e Frutos do mar,554,9.88,16.3,18.5,0.77
C0284T,"Molho, branco, vegano, s/ sal, (amido de milho (maisena), bebida vegetal à base de soja, óleo de soja, s/ sal),",Miscelâneas,141,3.00,11.5,9.15,0.35
C0513B,"Salada, cenoura cozida, cebola, c/ molho de salada - salsa, suco de limão, azeite de oliva, c/ sal,",Vegetais e derivados,57,0.97,3.72,3.74,2.05
C0998F,"Carne, frango, à passarinho, frito (c/ óleo de soja), c/ suco de limão, c/ sal,",Carnes e derivados,191,27.1,0.85,8.81,0.04
C0697A,"Cuscuz, legumes, s/ sal, (farinha de milho, pimentão amarelo e vermelho, ervilha e palmito em conserva, salsa, cebolinha, azeitona, tomate, ovo cozido, c/ molho de tomate (tomate, c/ óleo, cebola e alho), s/ sal),",Cereais e derivados,95,2.72,12.9,3.17,2.32
C0554F,"Frango xadrez, c/ molho shoyu, (peito de frango, cebola, pimentão (verde e vermelho), cebolinha, cogumelo paris, amendoim, gengibre, amido de milho, açúcar, molho shoyu, c/ óleo e alho),",Carnes e derivados,151,20.0,4.04,5.70,1.55
C0134H,"Bebida alcoólica, espanhola, (abacaxi, leite condensado e vinho),",Bebidas,122,1.28,12.2,1.04,0.11
C0581A,"Torta, vegetais, c/ cenoura, abobrinha, milho e ervilha, c/ queijo parmesão, c/ sal, (massa - leite, farinha de trigo, ovo e fermento químico, c/ vegetais - cenoura, abobrinha, milho e ervilha em conserva, c/ queijo parmesão, c/ óleo, cebola e alho, c/ sal),",Cereais e derivados,206,7.46,20.3,9.99,1.80
C0314N,"Papa de banana, maçã e mamão, s/ açúcar,",Alimentos para fins especiais,72,0.71,15.6,0.31,2.05
C0058K,"Flan, baunilha, em pó, preparado, Oetker,",Produtos açucarados,109,3.00,16.9,3.30,
C0685F,"Carne, porco, bisteca, frita (c/ óleo de soja), c/ sal, Sus ssp,",Carnes e derivados,300,33.6,0.00,18.4,0.00
C0316B,"Batata, baroa (mandioquinha, batata salsa), s/ casca, frita, s/ sal,",Vegetais e derivados,231,1.36,27.5,12.3,2.81
C0031C,"Pêssego, in natura, Prunus persica,",Frutas e derivados,42,0.88,8.19,0.18,1.89
C0016L,"Molho, teryaki, Kenko,",Miscelâneas,92,0.79,21.3,0.40,0.10
C0370B,"Salada, legumes cozidos, c/ óleo de soja, c/ sal, (couve-flor, cenoura, vagem, c/ óleo de soja, c/ sal),",Vegetais e derivados,61,0.91,2.28,4.91,2.03
C0649N,"Papa de peito de frango, batata baroa (mandioquinha, salsa) e abobrinha, c/ caldo de carne, c/ cebola e óleo de soja, s/ sal,",Alimentos para fins especiais,257,11.7,2.33,24.2,0.85
C0260N,"Papa de peito de frango e batata doce, c/ caldo de frango, c/ cebola e azeite de oliva, s/ sal,",Alimentos para fins especiais,133,13.7,11.3,3.40,1.46
C0311E,"Mexilhão ensopado com legumes, c/ sal, (mexilhão, legumes - cenoura, vagem, couve-flor, brócolis e champginon paris, tomate, pimentão, salsa, suco de limão, c/ óleo, cebola e alho, c/ pimenta do reino, c/ sal),",Pescados e Frutos do mar,58,7.32,2.02,2.00,1.28
C0862F,"Carne, coelho, cozida, s/ óleo, s/ sal,",Carnes e derivados,169,29.3,0.00,5.70,0.00
C0672N,"Papa de ameixa, manga e melão, s/ açúcar,",Alimentos para fins especiais,46,0.64,9.89,0.15,1.94
C0030N,"Molho, soja, premium, light, Sakura,",Alimentos para fins especiais,54,2.70,10.00,0.10,0.96
C0077G,"Vitamina, leite de vaca integral c/ mamão, c/ açúcar,",Leite e derivados,76,2.16,11.7,2.14,0.54
C0116C,"Suco natural, abacaxi, melão e maracujá, c/ açúcar,",Frutas e derivados,62,0.59,14.1,0.19,0.85
C1190B,"Escondidinho, c/ linguiça calabresa, c/ sal, (mandioca (aipim, macaxeira), linguiça calabresa, tomate, salsinha, queijo parmesão, manteiga, c/ óleo de soja, cebola e alho, c/ sal),",Vegetais e derivados,204,5.53,15.8,12.3,1.38
C0347E,"Crustáceo, camarão, s/ casca, cozido, c/ molho de tomate (tomate, c/ óleo, cebola e alho), c/ sal, Penaeus brasiliensis,",Pescados e Frutos do mar,81,14.6,0.82,2.06,0.51
C0969A,"Biscoito, palito de queijo, caseiro, (massa folhada, c/ queijo parmesão, c/ orégano),",Cereais e derivados,542,10.9,38.2,37.9,2.05
C0863F,"Carne, coelho, cozida, s/ óleo, c/ sal,",Carnes e derivados,168,29.2,0.00,5.67,0.00
C0011M,"Sanduíche, Duplo cheeseburguer, Burguer King,",Fast food,282,16.8,17.4,16.1,0.00
C0727F,"Carne, boi, de primeira (alcatra, contrafilé, coxão mole, filé mignon, lagarto, patinho), cozida/grelhada/assada, s/ óleo, c/ sal, Bos taurus,",Carnes e derivados,208,33.4,0.00,8.32,0.00
C0969F,"Carne, bovina, coxão duro (chã de fora), s/ gordura, cozida, c/ óleo de soja, c/ sal, Bos taurus ,",Carnes e derivados,238,30.2,0.00,13.0,0.00
C0326N,"Papa de feijão carioca, batata doce, abóbora cabotian (japonesa) e cenoura, c/ caldo de frango, c/ cebola e azeite de oliva, c/ sal,",Alimentos para fins especiais,76,2.90,7.26,2.99,4.17
C0874B,"Batata baroa (mandioquinha, batata salsa), s/ casca, cozida, salsa, c/ manteiga, c/ pimenta-do-reino, c/ sal,",Vegetais e derivados,111,0.82,16.2,4.46,1.65
C0362B,"Bebida, refresco, beterraba, s/ açúcar,",Vegetais e derivados,14,0.58,2.32,0.03,1.01
C1134B,"Feijão, broto, refogado, c/ óleo de soja, cebola e alho, c/ sal,",Vegetais e derivados,43,4.10,6.07,1.23,1.99
C0974A,"Biscoito, tipo goiabinha, c/ recheio de chocolate, (farinha de trigo, açúcar, manteiga e chocolate ao leite),",Cereais e derivados,475,5.97,61.4,22.5,1.33
C0744B,"Sopa, Batata baroa (mandioquinha, batata salsa), s/ sal, (batata baroa (mandioquinha, batata salsa), c/ caldo de vegetais, salsa, c/ óleo, cebola e alho, s/ sal),",Vegetais e derivados,52,1.31,8.00,1.36,1.02
C0012N,"Gelatina, morango, em pó, diet, Oetker,",Alimentos para fins especiais,368,49.0,41.8,0.50,0.09
C0181E,"Peixe, água salgada, porquinho, assado/grelhado, s/ óleo, c/ sal, Prochilodus spp.,",Pescados e Frutos do mar,109,25.3,0.00,0.85,0.00
C0059F,"Carne, boi, contra-filé, crua (média de várias amostras), Bos taurus,",Carnes e derivados,192,20.7,0.00,12.2,0.00
C0241N,"Papa de peito de frango e inhame, c/ caldo de frango, c/ cebola, s/ óleo, s/ sal,",Alimentos para fins especiais,97,13.8,7.07,1.35,0.70
C0510E,"Peixe, água doce, Pirarucu, cultivado em Rondonia, assado (a partir do peixe fresco), s/ óleo, c/ sal (média de peixes com diferentes pesos e cortes), Arapaima gigas,",Pescados e frutos do mar,144,27.7,0.00,3.68,0.00
C0154N,"Papa de peito de frango, batata baroa (mandioquinha, batata salsa) e abobrinha, c/ caldo de frango, c/ cebola e óleo de soja, s/ sal,",Alimentos para fins especiais,71,12.0,2.51,3.20,0.90
C0276F,"Carne, boi, quarto traseiro, c/ gordura, grelhada, c/ manteiga, c/ sal,",Carnes e derivados,334,25.8,0.00,25.7,0.00
C0718B,"Ratatouille, vegetais assados, s/ sal, (berinjela, abobrinha, tomate, manjericão, c/ molho de tomate (tomate, c/ óleo, cebola e alho), c/ azeite, s/ sal),",Vegetais e derivados,76,1.29,3.07,6.06,2.03
C0719B,"Legumes refogados, c/ sal, (abobrinha, brócolis, couve-flor, tomate, c/ óleo e cebola, c/ sal),",Vegetais e derivados,94,1.98,3.63,7.51,1.90
C0102C,"Uva, suco, concentrado, envasado,",Frutas e derivados,58,,14.5,,0.23
C0568B,"Salada, couve-flor, cozida, c/ azeite de oliva, c/ sal,",Vegetais e derivados,97,1.16,1.23,9.25,1.85
C0718F,"Carne, frango, inteiro, à milanesa (ovo e farinha de rosca), frita (c/ óleo de soja), c/ sal (média de amostras c/ e s/ pele), Gallus gallus,",Carnes e derivados,284,21.3,5.96,19.3,0.38
C1133B,"Feijão, broto, refogado, c/ óleo de soja, cebola e alho, s/ sal,",Vegetais e derivados,57,4.11,6.11,1.31,2.00
C0122T,"Sopa/creme, ervilha, c/ sal, (ervilha, c/ caldo de vegetais, c/ molho branco (leite, manteiga e farinha de trigo), c/ óleo e cebola, c/ sal),",Leguminosas e derivados,89,4.06,10.5,2.96,1.98
C0156K,"Torta, amêndoas, (farinha de trigo, manteiga, ovo, pera, amêndoa, casca de limão, geleia de fruta, extrato de baunilha, sal e açúcar),",Produtos açucarados,332,5.79,35.3,18.0,2.85
C0157E,"Peixe, água salgada, pescada, branca, ensopado (c/ cebola, tomate e pimentão), c/ óleo, c/ sal, Cynoscion spp.,",Pescados e Frutos do mar,161,17.6,0.46,9.92,0.51
C0003M,"Sundae, Chocolate, McDonald´s,",Miscelâneas,189,4.14,29.7,5.91,0.40
C0335N,"Papa de carne bovina (músculo), feijão preto, batata baroa (mandioquinha, salsa) e abóbora cabotian (japonesa), c/ caldo de frango, c/ cebola, s/ óleo, s/ sal,",Alimentos para fins especiais,89,10.7,5.55,2.21,2.12
C0509B,"Salada, cenoura cozida, s/ óleo, s/ sal,",Vegetais e derivados,17,0.54,2.13,0.19,2.18
C0165F,"Carne, porco, lombo, temperado, crua, Sus ssp.,Seara,",Carnes e derivados,162,18.0,0.00,10.00,0.00
C0127F,"Carne, frango, sobrecoxa, c/ pele, crua, Gallus gallus,Seara,",Carnes e derivados,234,18.0,0.00,18.0,0.00
C0183N,"Papa de peito de frango, batata baroa (mandioquinha, salsa) e cenoura, c/ caldo de frango, c/ cebola e c/ azeite de oliva, c/ sal,",Alimentos para fins especiais,94,11.6,4.12,3.21,0.88
C0816F,"Carne, boi, maminha, grelhada/assada, s/ óleo, c/ sal, Bos taurus,",Carnes e derivados,144,30.6,0.00,2.41,0.00
C0417A,"Bolo, pão de mel, c/ cobertura de chocolate ao leite, (farinha de trigo, leite condensado, leite, mel de abelha, canela e cravo em pó, fermento químico e chocolate ao leite),",Cereais e derivados,375,6.97,57.5,12.7,1.01
C0579F,"Carne, boi, costela, assada, c/ batata e cebola, s/ óleo, s/ sal,",Carnes e derivados,265,19.5,6.14,17.9,0.63
C0020G,"Iogurte, natural (média de diferentes amostras),",Leite e derivados,57,4.02,4.76,2.43,0.00
C0441F,"Carne, boi, patinho, s/ gordura, grelhada, c/ óleo, cebola e alho, c/ sal,",Carnes e derivados,212,34.2,0.69,8.00,0.11
C0017T,"Grão de bico, cozido, drenado, s/ óleo, s/ sal, Cicer arietinum L.,",Leguminosas e derivados,115,7.53,13.3,1.86,7.47
C0001J,"Ovo, codorna, clara, crua, Coturnix coturnix,",Ovos e derivados,55,11.7,1.41,0.31,0.00
C0085F,"Carne, boi, seca, cozida, s/ óleo, Bos taurus,",Carnes e derivados,302,26.7,0.00,21.7,0.00
C0524A,"Arroz com legumes, c/ arroz polido, c/ sal, (arroz polido, c/ cenoura, pimentão amarelo e vermelho, ervilha e milho em conserva, abobrinha, brócolis, c/ óleo, cebola e alho, c/ sal),",Cereais e derivados,118,2.47,20.2,2.50,2.11
C0133F,"Carne, frango, peito, s/ pele, crua, Gallus gallus,",Carnes e derivados,105,21.1,0.00,2.29,0.00
C0347N,"Papa de carne bovina moída (acém), arroz e brócolis, c/ caldo de frango, c/ cebola, c/ azeite de oliva, s/ sal,",Alimentos para fins especiais,128,11.6,5.12,6.52,0.98
C0069L,"Molho de salada oriental, c/ sal, (vinagre de arroz, gergelim, c/ óleo deo gergelim, c/ açúcar, c/ sal),",Miscelâneas,250,4.36,18.3,20.1,2.37
C0518N,"Papa de carne bovina moída (patinho) e abóbora cabotian (japonesa), c/ caldo de carne, c/ cebola, s/ óleo, c/ sal,",Alimentos para fins especiais,103,14.5,3.65,3.11,1.04
C1087A,"Risoto de rúcula com tomate seco, c/ queijo parmesão, c/ arroz polido, c/ sal, (arroz polido, rúcula, tomate seco, vinho branco, queijo parmesão, c/ azeite de oliva, manteiga, cebola e alho, c/ sal),",Cereais e derivados,235,3.97,18.1,15.4,1.44
C0134A,"Milho, pipoca, p/ micro-ondas, manteiga, cru, Hikari,",Cereais e derivados,416,7.50,49.4,18.8,9.70
C0022H,"Bebida, infusão, erva-mate, chimarrão, (70g de matéria seca - 30% de ramos e 70% de folhas - em 1 L de água), Ilex paraguariensis St. Hil.,",Bebidas,1,0.00,0.30,0.00,0.00
C0287C,"Pitomba, polpa, crua, Talisia esculenta,",Frutas e derivados,67,1.65,13.0,0.40,2.40
C0193T,"Salada, soja, c/ molho vinagrete (tomate, cebola, salsa, vinagre e azeite de oliva), c/ sal,",Leguminosas e derivados,122,10.3,7.00,5.60,1.10
C0386F,"Carne, boi, flanco, s/ gordura, cozida,  c/ batata e vegetais - cenoura, chuchu, vagem, c/ óleo, cebola e alho, c/ sal,",Carnes e derivados,128,16.7,2.69,5.42,0.84
C0381A,"Sanduíche, pão forma integral, c/ presunto, queijo muçarela, c/ cream cheese,",Cereais e derivados,232,14.1,18.0,11.0,2.03
C0036H,"Bebida alcoólica, vinho, rose (média diferentes amostras),",Bebidas,92,0.39,3.12,0.00,0.00
C0202T,"Cassoulet, c/ feijão branco, c/ carne, s/ sal, (feijão branco, carne bovina - músculo, coxa de frango, linguiça calabresa, toucinho defumado (bacon), tomate, cenoura, ervilha, vagem, cheiro verde, c/ pimenta-do reino, c/ óleo, cebola e alho, s/ sal),",Leguminosas e derivados,171,11.6,6.97,10.2,2.45
C0078N,"Goiabada, diet,",Alimentos para fins especiais,166,0.58,38.2,0.03,5.75
C0042C,"Suco, laranja, Pera, s/ açúcar (sem diluição em água), Citrus sinensis,",Frutas e derivados,34,0.74,7.55,0.07,
C0084K,"Pavê, baunilha, (leite, leite condensado, amido de milho, biscoito champgne, creme de leite, gema de ovo, extrato de baunilha e açúcar),",Produtos açucarados,85,5.91,37.9,11.8,0.02
C0101C,"Suco, mexerica, Poncã, s/ açúcar,",Frutas e derivados,37,0.52,8.76,,
C0688F,"Carne, porco, bisteca, refogada (c/ óleo, cebola e alho), s/ sal, Sus ssp,",Carnes e derivados,273,27.6,0.61,17.7,0.14
C0893F,"Dobradinha, c/ feijão branco, bucho bovino, c/ óleo, cebola e alho, s/ sal,",Carnes e derivados,111,12.1,7.44,3.13,2.25
C0747A,"Pastel de forno integral, recheado c/ frango, assado, (farinha de trigo integral, manteiga, ovo, peito de farngo refogado (c/ óleo, cebola e alho), c/ sal),",Cereais e derivados,447,13.8,35.2,27.9,0.03
C0156F,"Carne, porco, rabo, salgada, crua, Sus ssp.,",Carnes e derivados,383,15.6,2.66,34.5,0.00
C0661N,"Papa de carne bovina moída (acém), fubá e espinafre, c/ caldo de carne, c/ cebola e óleo de soja, s/ sal,",Alimentos para fins especiais,129,10.8,7.22,6.10,1.15
C0082A,"Cereais, barra (média de diferentes sabores),",Cereais e derivados,396,6.25,70.9,8.53,5.25
C0631N,"Papa de feijão carioca, batata doce, abóbora cabotian (japonesa) e cenoura, c/ caldo de carne, c/ cebola e azeite de oilva, c/ sal,",Alimentos para fins especiais,75,2.83,7.11,2.99,4.04
C0740B,"Sopa, mandioca (aipim, macaxeira), c/ sal, (mandioca (aipim, macaxeira), c/ caldo de vegetais, salsa, c/ óleo, cebola e alho, c/ sal),",Vegetais e derivados,65,1.17,12.6,0.91,1.00
C0466F,"Carne, boi, picanha, s/ gordura, grelhada, c/ manteiga, c/ sal,",Carnes e derivados,284,28.8,0.00,18.4,0.00
C0048L,"Caldo, galinha, tablete,",Miscelâneas,230,7.24,2.96,18.4,11.9
C0147N,"Papa de peito de frango, batata e cenoura, c/ caldo de frango, c/ cebola e óleo de soja, c/ sal,",Alimentos para fins especiais,95,13.3,2.57,3.34,0.73
C1058F,"Carne, porco, vísceras, ensopado (c/ tomate e pimentão), c/ óleo de soja, cebola e alho, c/ sal (média de diferentes tipos), Sus ssp.,",Carnes e derivados,168,18.6,2.26,9.29,0.29
C0324F,"Carne, boi, capa de contra-filé, c/ gordura, grelhada,  c/ molho de tomate (tomate, c/ óleo, cebola e alho), c/ sal,",Carnes e derivados,258,24.9,1.03,17.1,0.50
C0045K,"Chocolate, amargo, Neugebauer,",Produtos açucarados,577,7.79,35.0,42.6,10.9
C1151A,"Risoto de frango, c/ arroz polido, c/ sal, (arroz polido, carne de frango peito, tomate, vinho branco, queijo parmesão, c/ azeite de oliva, manteiga, cebola e alho, c/ sal),",Cereais e derivados,178,16.7,9.33,7.69,0.60
C0281N,"Papa de peixe (pescada branca) e batata, c/ caldo de frango, c/ cebola e azeite de oliva, s/ sal,",Alimentos para fins especiais,90,8.65,4.04,4.27,0.62
C0994F,"Carne, frango, sobrecoxa, c/ pele, assada, c/ óleo de soja, alho e pimenta do reino, s/ sal,",Carnes e derivados,274,27.2,0.44,18.1,0.11
C0522F,"Carne, porco, cozida, c/ batata e vegetais - cenoura, chuchu, vagem, c/ molho de tomate (tomate, c/ óleo, cebola e alho), c/ sal,",Carnes e derivados,177,16.8,3.10,10.6,1.06
C0056G,"Queijo, minas, padrão (média de diferentes amostras),",Leite e derivados,295,20.4,7.54,20.4,0.00
C0639B,"Salada, brócolis, cozido, c/ azeite de oliva, c/ sal,",Vegetais e derivados,78,2.54,1.09,6.37,3.08
C0634B,"Salada, rúcula, c/ óleo de soja, c/ sal,",Vegetais e derivados,143,2.12,0.25,14.3,2.08
C0559A,"Lasanha, frutos do mar, caseira, (massa lasanha fresca, frutos do mar - camarão, lula, mexilhão, c/ muçarela, c/ molho de tomate (tomate, c/ óleo, cebola e alho), c/ sal),",Cereais e derivados,168,10.4,16.5,6.50,1.23
C0704F,"Carne, porco, lombo, grelhada/assada, c/ molho de tomate (tomate, c/ óleo, cebola e alho), s/ sal, Sus ssp,",Carnes e derivados,176,28.9,0.83,6.17,0.51
C0638A,"Rondele, c/ peito de frango refogado, c/ molho de tomate, caseiro, c/ sal, (massa com farinha de trigo, peito de frango refogado, c/ molho de tomate (tomate, c/ óleo, cebola e alho), c/ sal),",Cereais e derivados,136,14.2,10.7,3.67,1.30
C0022T,"Ervilha, enlatada, drenada, Pisum sativum L.,",Leguminosas e derivados,93,5.67,14.4,0.39,4.75
C0253A,"Sanduíche, cheese salad, hambúrguer bovino grelhado (c/ pão hambúrguer), queijo prato, alface e tomate,",Cereais e derivados,238,10.6,22.0,11.7,1.19
C0475E,"Peixe, água doce, Corimba/Curimata, frito (c/ óleo de soja), c/ sal, Prochilodus cearensis   ,",Pescados e Frutos do mar,289,21.7,0.00,22.5,0.00
C0031A,"Biscoito, doce, amanteigado, chocolate, Bauducco,",Cereais e derivados,476,8.45,70.9,17.6,0.00
C0329F,"Carne, boi, capa de contra-filé, s/ gordura, grelhada, c/ molho de mostarda (creme de leite, suco de limão e mostarda), c/ sal,",Carnes e derivados,223,28.3,2.04,11.3,0.03
C0937B,"Charuto de repolho, c/ peito de frango refogado, c/ molho de tomate, c/ sal, (repolho branco, recheado com arroz e peito de frango refogado, c/ molho de tomate  (tomate, c/ óleo, cebola e alho), c/ sal),",Vegetais e derivados,84,7.43,7.64,2.38,1.30
C0977A,"Pão, c/ recheio de linguiça calabresa e queijo muçarela, caseiro, (farinha de trigo, leite, ovo, margarina, linguiça calabresa, queijo muçarela, fermento biológico, sal e açúcar),",Cereais e derivados,297,11.2,41.5,9.22,1.61
C0773F,"Carne, frango, coração, frita (c/ óleo de soja), c/ sal, Gallus gallus,",Carnes e derivados,254,20.6,0.00,19.0,0.00
C0091F,"Carne, cabrito, lombo, crua (média de diferentes amostras), Capra hirbus,",Carnes e derivados,140,20.0,0.93,6.21,0.00
C1017F,"Carne, quelônio, Tracajá, refogado (c/ óleo de soja, cebola e alho), c/ sal, Podocnemis unifilis,",Carnes e derivados,219,24.2,0.56,3.09,0.12
C0438B,"Salada, batata com atum, c/ azeite de oliva, s/ sal, (batata cozida, atum em conserva, azeitona preta, cheiro verde, c/ azeite de oliva, s/ sal),",Vegetais e derivados,109,15.1,4.47,3.13,0.88
C0256C,"Suco, néctar (média de sabores),",Frutas e derivados,42,0.14,10.00,0.08,0.38
C0061N,"Bala, diet (média de diferentes sabores),",Alimentos para fins especiais,382,0.00,93.9,0.20,2.40
C1013A,"Bolo, trigo, c/ recheio, de chocolate branco, caseiro, (bolo - farinha de trigo, achocolatado, leite, açúcar, manteiga, ovo e fermento em pó, recheio - leite condensado, creme de leite e chocolate branco),",Cereais e derivados,428,6.80,53.0,20.8,0.66
C0473F,"Carne, frango, empanado, tipo nuggets, congelado, cru,",Carnes e derivados,245,12.4,18.3,13.2,1.57
C0124G,"Pudim de sorvete, (leite condensado, leite integral, creme de leite, ovos, c/ calda de chocolate),",Leite e derivados,231,4.29,28.8,10.9,0.26
C0038U,"Linhaça, farinha, marrom, Linum usitatissimum L.,",Sementes e Oleaginosas,482,20.4,0.00,36.8,34.5
C0557F,"Fricassé de frango, s/ sal, (peito de frango, cogumelo paris, creme de leite, conhaque, vinho branco, c/ molho branco (farinha de trigo, manteiga e leite), c/ manteiga, cebola e alho, c/ pimenta-do-reino, s/ sal),",Carnes e derivados,179,18.5,3.19,9.48,0.33
C0148A,"Pão, trigo, bisnaguinha,",Cereais e derivados,315,7.31,56.3,6.03,3.20
C0865A,"Sanduíche, cheese salada, hambúrguer bovino grelhado (c/ pão hambúrguer), c/ queijo muçarela, alface e tomate,",Cereais e derivados,227,11.6,23.7,9.23,1.31
C0264A,"Sanduíche, misto quente, pão forma integral, c/ presunto e queijo muçarela,",Cereais e derivados,234,15.4,20.8,9.36,2.40
C0818A,"Prato de comida brasileiro (região Sudeste), 90 g de arroz, polido, cozido + 140 g de feijão, preto, cozido (50% grão e 50% caldo) + 35 g de carne, boi, quarto traseiro, s/ gordura + 80g de tomate, in natura - c/ óleo, cebola e alho, c/ sal),",Cereais e derivados,96,5.70,10.2,2.66,3.97
C0946A,"Biscoito, palmier, caseiro, (massa folhada, c/ açúcar),",Cereais e derivados,529,6.19,53.3,32.1,1.25
C0934A,"Arroz com espinafre, c/ arroz integral, c/ sal (arroz integral, espinafre, c/ óleo de soja, c/ sal),",Cereais e derivados,103,2.25,16.4,2.71,2.02
C0356N,"Papa de carne bovina moída (patinho), fubá e espinafre, c/ caldo de frango, c/ cebola e óleo de soja, c/ sal,",Alimentos para fins especiais,61,1.84,7.38,2.36,1.47
C0768A,"Sanduíche, pão forma tradicional, c/ alface, tomate, cenoura e pepino,",Cereais e derivados,139,5.36,25.4,1.29,2.39
C0344B,"Inhame, s/ casca, cozido, drenado, c/ óleo de soja, s/ sal, Colocasia esculenta,",Vegetais e derivados,130,2.18,17.9,5.13,1.52
C0148C,"Suco natural, morango, c/ açúcar,",Frutas e derivados,35,0.42,7.39,0.20,0.83
C1109A,"Risoto de salmão, c/ arroz polido, c/ sal], (arroz polido, salmão, vinho branco, tomate, queijo parmesão, c/ azeite de oliva, manteiga, cebola e alho, c/ sal),",Cereais e derivados,215,14.2,9.33,13.0,0.60
C0119T,"Feijão, fradinho, cozido, drenado, s/ óleo, c/ sal, Vigna unguiculata (L.) Walp.,",Leguminosas e derivados,113,7.53,14.3,0.88,8.79
C0046G,"Leite, vaca, semidesnatado, UHT,",Leite e derivados,55,3.23,6.51,1.81,0.00
C0903F,"Carne, ganso, domesticado, carne e pele, cozido, s/ óleo, c/ sal, Anser anser domesticus,",Carnes e derivados,297,25.0,0.00,21.8,0.00
C0202N,"Papa de feijão preto, ovo e macarrão, c/ caldo de frango, c/ cebola e óleo de soja, s/ sal,",Alimentos para fins especiais,94,5.18,6.18,4.65,3.19
C0608B,"Salada, palmito, c/ azeite de oliva, c/ sal,",Vegetais e derivados,77,2.29,1.47,6.19,2.92
C0246E,"Sopa/creme, camarão, c/ sal, (camarão, creme de leite, tomate, salsa, c/ caldo de camarão, c/ molho branco (farinha de trigo, manteiga e leite), c/ óleo, cebola e alho, c/ sal),",Pescados e Frutos do mar,98,7.84,4.32,5.44,0.25
C0145F,"Carne, ovino, ovelha, paleta, crua, Ovis aries,",Carnes e derivados,160,20.6,1.90,7.83,0.00
C0049C,"Caju, polpa, in natura, Anacardium occidentale L.,",Frutas e derivados,43,0.77,7.80,0.49,2.34
C0419A,"Sanduíche, pão francês, c/ margarina,",Cereais e derivados,387,7.02,42.2,20.8,1.86
C0556F,"Fricassé de frango, c/ sal, (peito de frango, cogumelo paris, creme de leite, conhaque, vinho branco, c/ molho branco (farinha de trigo, manteiga e leite), c/ manteiga, cebola e alho, c/ pimenta-do-reino, c/ sal),",Carnes e derivados,179,18.5,3.20,9.47,0.33
C0032T,"Grão-de-bico, farinha, desengordurado, Cicer arietinum L.,",Leguminosas e derivados,320,17.9,50.5,1.23,17.8
C0693B,"Berinjela recheada, c/ carne bovina, c/ sal, (berinjela grelhada, c/ carne bovina, patinho moído, refogado, c/ molho de tomate (tomate, c/ óleo, cebolha e alho), c/ sal),",Vegetais e derivados,85,8.84,1.91,4.19,2.30
C0888F,"Strogonoff de frango, (peito de frango, molho de tomate, creme de leite, mostarda, c/ óleo, cebola e alho, c/ sal),",Carnes e derivados,171,19.7,2.55,9.02,0.40
C0151A,"Pão, trigo, c/ aveia e soja, forma, Energia,",Cereais e derivados,258,10.3,47.7,2.25,2.75
C0509F,"Carne, frango, peito, c/ vegetais - cenoura, chuchu, vagem, c/ óleo, cebola e alho, c/ sal,",Carnes e derivados,101,16.3,2.17,2.85,0.98
C0047K,"Chocolate, ao leite, Neugebauer,",Produtos açucarados,535,7.22,57.4,30.3,2.17
C0072E,"Peixe, água salgada, sardinha, filé, conserva, c/ molho de tomate temperado, Coqueiro,",Pescados e Frutos do mar,151,25.2,2.88,4.10,0.22
C0530A,"Arroz com linguiça, c/ arroz polido, c/ sal, (arroz polido, c/ linguiça, tomate, c/ óleo, cebola e alho, c/ sal),",Cereais e derivados,166,6.47,18.0,7.30,1.28
C0216K,"Bolo de rolo , (farinha de trigo, açúcar, ovo, manteiga e goiabada),",Produtos açucarados,265,3.81,28.7,14.9,0.39
C0408E,"Peixe, água salgada, cação, posta, cozido, ao molho branco, s/ sal, Peixe, água salgada, cação, posta, cozido, ao molho branco (farinha de trigo, manteiga e leite), s/ sal, Carcharhinus spp.,",Pescados e Frutos do mar,118,17.8,5.01,2.97,0.05
C0068T,"Vagem manteiga, cozida, dreanda, s/ óleo, s/ sal, Phaseolus vulgaris L.,",Leguminosas e derivados,20,1.35,2.39,0.14,2.04
C0303E,"Frigideira de peixe, c/ sal, (bacalhau dessalgado, ovos mexidos, tomate, pimentão, leite de coco, salsa, fermento em pó, c/ pimenta do reino, c/ azeite de oliva e cebola, c/sal,",Pescados e Frutos do mar,166,13.8,1.52,10.5,1.42
C0060A,"Biscoito, salgado, cream cracker, Marilan,",Cereais e derivados,435,11.6,67.8,12.4,3.10
C0572B,"Salada, couve-flor, cozida, s/ óleo s/ sal,",Vegetais e derivados,16,1.28,1.36,0.20,2.05
C0364E,"Feijoada de frutos do mar, (feijão branco, lula, polvo, camarão, tomate, pimentão, leite de coco, coentro, c/ azeite de dendê, c/ óleo, cebola e alho, c/ sal),",Pescados e Frutos do mar,145,13.9,4.96,4.49,4.60
C0948A,"Tortilha, c/ farinha de trigo,",Cereais e derivados,295,8.20,45.9,7.99,3.50
C0082R,"Missoshiru, em pó,",Alimentos industrializados,285,23.5,20.1,10.7,7.02
C0146N,"Papa de peito de frango, batata e cenoura, c/ caldo de frango, c/ cebola e azeite de oliva, c/ sal,",Alimentos para fins especiais,95,13.3,2.57,3.34,0.73
C0604N,"Papa de peixe (pescada branca) e cará, c/ caldo de peixe, c/ cebola e azeite de oliva, c/ sal,",Alimentos para fins especiais,98,8.61,5.80,4.31,1.00
C0578B,"Salada, escarola, crua, c/ molho vinagrete (tomate, cebola, salsa, vinagre e azeite de oliva), s/ sal,",Vegetais e derivados,33,1.41,1.64,1.93,1.69
C0422F,"Carne, boi, músculo, s/ gordura, cozida, c/ óleo, cebola e alho, s/ sal,",Carnes e derivados,216,31.2,0.57,9.86,0.14
C0857B,"Bolo de batata doce com carne, c/ sal, (batata doce, ovo, manteiga, carne bovina moída (acém), tomate, salsa e queijo parmesão, c/ óleo, cebola e alho, c/ sal),",Vegetais e derivados,164,9.03,11.2,8.84,1.71
C0003T,"Feijão, fradinho, cozido (50% grão e 50% caldo), s/ óleo, sal, Vigna unguiculata (L.) Walp.,",Leguminosas e derivados,65,5.09,6.03,0.64,7.47
C0487A,"Torrada, trigo, integral, c/ cream cheese,",Cereais e derivados,338,10.9,47.8,11.4,0.47
C0955A,"Espeto de pão de alho, c/ queijo muçarela, (pão francês, maionese, alho, salsa, cheiro verde, queijo muçarela, c/ sal),",Cereais e derivados,290,11.0,37.7,10.2,1.72
C0813A,"Sanduíche, pão forma integral, c/ queijo minas, c/ alface americana, cenoura crua, tomate, c/ molho de iogurte,",Cereais e derivados,144,12.9,18.5,1.63,1.70
C0879F,"Carne, bovina, em conserva,",Carnes e derivados,97,4.41,6.95,5.53,0.90
C0173C,"Pequi, polpa, maduro, in natura, Caryocar brasiliense Camb.,",Frutas e derivados,185,2.34,5.95,18.0,19.0
C1035B,"Purê, batata, c/ queijo parmesão, s/ sal, (batata inglesa, margarina, leite, c/ queijo parmesão, s/ sal),",Vegetais e derivados,109,4.71,9.55,5.44,1.39
C1136A,"Bolo de aveia, caseiro, (aveia em flocos, farinha de trigo, ovo, leite, manteiga, fermento químico, c/ açúcar e canela),",Cereais e derivados,350,9.09,54.9,9.53,4.37
C0154T,"Virado a paulista, (virado de feijão, arroz polido, bisteca de porco frita, banana à milanesa, ovo frito, couve refogada, linguiça frita, torresmo, c/ óleo, cebola e alho, c/ sal),",Leguminosas e derivados,242,14.8,10.4,15.3,1.57
C0009D,"Margarina, c/ sal, Amélia,",Gorduras e óleos,540,,0.00,60.0,0.00
C0504N,"Papa de peito de frango, fubá e couve, c/ caldo de carne, c/ cebola e azeite de oliva, c/ sal,",Alimentos para fins especiais,109,12.3,6.79,3.43,0.90
C0030G,"Leite, vaca, condensado, c/ açúcar, enlatado,",Leite e derivados,319,7.67,57.0,6.74,0.00
C0218K,"Bala, coco, caseira , (leite de coco e açúcar),",Produtos açucarados,359,0.46,82.2,3.08,0.11
C0223F,"Dobradinha, (carne boi bucho cozida, s/ óleo, s/ sal),",Carnes e derivados,120,19.8,0.23,4.44,
C0493A,"Sanduíche, pão francês, c/ carne assada, alface, tomate, maionese,",Cereais e derivados,224,13.0,23.3,8.48,1.29
C0015J,"Ovo, galinha, inteiro, frito (c/ óleo de soja), s/ sal,",Ovos e derivados,235,15.6,1.19,18.6,0.00
C0831F,"Carne, galeto, assada, s/ óleo, c/ sal,",Carnes e derivados,184,5.83,34.8,1.93,1.77
C0678N,"Papa de feijão preto, abobrinha e beterraba, c/ caldo de frango, c/ cebola e azeite de oliva, s/ sal,",Alimentos para fins especiais,54,2.47,3.95,2.28,3.84
C0017G,"Iogurte, integral, morango,",Leite e derivados,85,2.63,13.7,2.09,0.11
C0565A,"Canelone, c/ carne moída refogada, c/ molho de tomate, caseiro, c/ sal, (massa com farinha de trigo, carne bovina, patinho moído, refogada, c/ molho de tomate  (tomate, c/ óleo, cebolha e alho), c/ sal),",Cereais e derivados,170,14.8,10.4,7.43,1.07
C0996F,"Carne, frango, peito, s/ pele, grelhado, c/ óleo de soja, alho e pimenta do reino, c/ sal,",Carnes e derivados,178,30.4,0.34,6.11,0.10
C0163K,"Bombom, chocolate ao leite, c/ flocos de arroz, ao leite, Crunch, Nestlê,",Produtos açucarados,517,4.90,62.7,27.5,0.00
C0256E,"Moqueca de frutos do mar, s/ sal, (frutos do mar - camarão, lula, polvo, mexilhão, tomate, pimentão, coentro, leite de coco, azeite de dendê, c/ óleo, cebola e alho, s/ sal),",Pescados e Frutos do mar,130,15.3,2.38,5.39,1.40
C0057N,"Bebida, substituto de refeição, em pó,",Alimentos para fins especiais,412,8.13,55.8,13.3,18.1
C0347A,"Sanduíche, pão francês, c/ peito de peru defumado, queijo muçarela e manteiga,",Cereais e derivados,298,15.0,25.8,14.8,1.09
C0255E,"Moqueca de frutos do mar, c/ sal, (frutos do mar - camarão, lula, polvo, mexilhão, tomate, pimentão, coentro, leite de coco, azeite de dendê, c/ óleo, cebola e alho, c/ sal),",Pescados e Frutos do mar,130,15.3,2.34,5.39,1.39
C0028F,"Carne, boi, capa de contra-filé, c/ gordura, grelhada, s/ óleo, s/ sal, Bos taurus,",Carnes e derivados,304,30.7,0.27,20.0,0.00
C0048D,"Óleo, soja, frito, Glycine max,",Gorduras e óleos,900,0.00,0.00,100.0,0.00
C0641N,"Papa de peito de frango, batata e cenoura, c/ caldo de carne, c/ cebola e c/ azeite de oliva, c/ sal,",Alimentos para fins especiais,95,13.2,2.57,3.37,0.73
C0615N,"Papa de carne bovina moída (acém), arroz branco e brócolis, c/ caldo de carne, c/ cebola, s/ óleo, c/ sal,",Alimentos para fins especiais,108,10.6,6.30,4.24,0.99
C0022K,"Geleia, uva, Ritter,",Produtos açucarados,253,0.30,60.8,0.23,3.37
C0884B,"Batata, doce, s/ casca, assada, salsa, s/ óleo, c/ pimenta-do-reino, c/ sal,",Vegetais e derivados,144,2.20,31.2,0.29,3.92
C0171C,"Uva passa, s/ caroço, Vitis vinifera,",Frutas e derivados,326,3.07,75.5,0.46,3.70
C0646B,"Salada, brócolis cozido, tomate, queijo minas, azeitona, cebola, c/ molho de salada - salsa, suco de limão, azeite de oliva, c/ sal,",Vegetais e derivados,122,4.49,2.78,9.71,2.13
C0533N,"Papa de carne bovina moída (patinho), abóbora (jerimum) e chuchu, c/ caldo de carne, c/ cebola e óleo de soja, c/ sal,",Alimentos para fins especiais,113,14.0,2.73,4.93,0.83
A0105N,"Papa de carne bovina moída (acém), fubá e couve, c/ caldo de frango, c/ cebola e azeite de oliva, s/ sal,",Alimentos para fins especiais,128,10.8,7.03,6.10,0.91
C0384F,"Carne, boi, flanco, s/ gordura, cozida, c/ óleo, cebola e alho, s/ sal,",Carnes e derivados,192,28.1,0.62,8.59,0.14
C0363F,"Carne, boi, acém moída, cozida, c/ cenoura, abobrinha, milho, ervilha, c/ óleo, cebola e alho, s/ sal,",Carnes e derivados,150,15.8,4.09,7.50,1.45
C0596B,"Salada, alface americana, c/ molho vinagrete (tomate, cebola, salsa, vinagre e azeite de oliva), s/ sal,",Vegetais e derivados,25,0.50,1.14,1.78,1.19
C0199T,"Feijão tropeiro mineiro, c/ sal, (feijão roxo, farinha de mandioca, ovo cozido, cebola, toucinho defumado (bacon), linguiça de porco, c/ óleo de soja, c/ sal),",Leguminosas e derivados,172,10.1,15.9,6.76,3.56
C0409A,"Milho, cuscuz, cozido, c/ sal,",Cereais e derivados,112,2.16,22.7,0.68,2.05
C0035U,"Mix de castanhas, c/ sal , (caju, Brasil, amendoim, c/ sal),",Sementes e Oleaginosas,639,20.9,11.7,54.9,7.00
C0197F,"Peru, congelado, assado, s/ óleo, s/ sal,",Carnes e derivados,158,26.2,0.57,5.68,0.00
C0170A,"Torrada, trigo, integral, Bauducco,",Cereais e derivados,398,13.0,70.3,7.00,0.70
C0876B,"Batata baroa (mandioquinha, batata salsa), s/ casca, cozida, salsa, s/ óleo, c/ pimenta-do-reino, c/ sal,",Vegetais e derivados,76,0.84,17.0,0.16,1.74
C0121K,"Petit gateau (chocolate amargo, farinha de trigo, ovos, manteiga, c/ açúcar), sorvete, c/ calda de chocolate,",Produtos açucarados,293,5.77,29.1,19.5,5.97
C0082G,"Vitamina, leite de vaca integral c/ banana, mamão e maçã, s/ açúcar,",Leite e derivados,64,1.85,9.80,1.73,0.75
C0032E,"Peixe, água doce, tucunaré, filé, cru, Cichla ocellaris spp.,",Pescados e Frutos do mar,95,19.2,0.57,1.76,0.00
C0206A,"Milho, pipoca, p/ micro-ondas,  crua (média de diferentes sabores),",Cereais e derivados,412,13.3,49.7,16.2,7.09
C0018G,"Iogurte, integral, polpa de fruta, morango,",Leite e derivados,99,2.54,18.0,1.85,0.00
C0784B,"Farofa, toucinho defumado (bacon), c/ sal, (farinha de mandioca (aipim, macaxeira), toucinho defumado (bacon), azeitona, salsa, c/ óleo, cebola e alho, c/ sal),",Vegetais e derivados,450,8.06,46.4,24.6,4.11
C0219F,"Tender, porco, bolinha, c/ temperos, c/ sal, Seara,",Carnes e derivados,121,19.0,0.00,5.00,
C0055H,"Bebida, chá, mate, infusão 5%, c/ açúcar,",Bebidas,27,0.02,6.50,0.05,0.00
C1119B,"Flor de abóbora, à milanesa, s/ sal, (flor de abóbora, farinha de trigo, farinha de rosca, ovo, frito (c/ óleo de soja), s/ sal),",Vegetais e derivados,168,4.45,17.3,8.86,0.71
C0879B,"Batata baroa (mandioquinha, batata salsa), s/ casca, cozida, salsa, c/ azeite de oliva, c/ pimenta-do-reino, s/ sal,",Vegetais e derivados,76,0.84,17.0,0.16,1.74
C0988F,"Carne, porco, lombo, assada/grelhada, c/ óleo de soja, c/ sal,",Carnes e derivados,227,34.1,0.00,10.1,0.00
C0502E,"Peixe, água doce, Arraia (Raia), filé, ensopado (c/ tomate e pimentão), c/ óleo de soja, cebola e alho, c/ sal, Paratrygon eiereba e Potamotrygon motoro,",Pescados e frutos do mar,86,17.0,1.33,1.39,0.29
C0845A,"Sanduíche, pão sírio, c/ filé mignon grelhado, rúcula, pimentão vermelho e molho de iogurte s/ óleo, s/ sal,",Cereais e derivados,183,14.3,21.4,4.23,1.27
C0049B,"Batata, chips, frita, c/ sal, Solanum tuberosum L.,",Vegetais e derivados,542,5.44,47.5,35.8,4.00
C0344F,"Carne, boi, contra-filé, s/ gordura, grelhada, c/ óleo e cebola, s/ sal,",Carnes e derivados,191,34.2,1.19,5.42,0.12
C0850F,"Carne, cabrito, cozida, assada, s/ óleo, c/ sal,",Carnes e derivados,135,27.0,0.00,3.02,0.00
C0270A,"Sanduíche, misto quente, pão francês, c/ presunto, queijo muçarela, c/ margarina,",Cereais e derivados,286,13.8,25.6,14.0,1.09
C0083E,"Camarão à baiana, s/ sal, (camarão, tomate, leite de coco, pimenta dedo-de-moça, suco de limão, c/ óleo de soja, cebola e alho, c/ azeite de dendê, s/ sal),",Pescados e Frutos do mar,97,7.94,2.79,5.97,0.39
C0057E,"Peixe, água salgada, pescada, filé, escabeche (molho com vinagre, óleo e temperos), s/ sal,",Pescados e Frutos do mar,138,11.8,4.24,8.02,0.78
C0266C,"Banana madura, s/ casca, cozida, s/ óleo, s/ sal, Musa sp.,",Frutas e derivados,32,1.23,2.25,0.70,5.92
C0976B,"Salada, cenoura cozida, c/ molho vinagrete (tomate, cebola, salsa, vinagre, azeite de oliva), c/ sal,",Vegetais e derivados,25,0.57,2.37,0.99,2.06
C0007R,"Chantily, em pó (média de diferente marcas),",Alimentos industrializados,490,3.30,75.3,19.5,1.00
C1054B,"Purê, inhame, c/ manteiga, leite, c/ sal,",Vegetais e derivados,117,2.26,16.6,4.34,1.36
C0025T,"Ervilha, em vagem, crua, Pisum sativum L.,",Leguminosas e derivados,72,7.45,4.51,0.47,9.72
C0075N,"Queijo, ricota, light,",Alimentos para fins especiais,137,11.4,5.08,7.91,0.00
C1137B,"Cogumelo, cru (média de diferentes tipos),",Vegetais e derivados,28,2.06,2.60,0.36,3.05
C0889F,"Carne, boi, bucho, cozida, s/ óleo, c/ sal,",Carnes e derivados,127,21.5,0.00,4.48,0.00
C0760F,"Carne, porco, lombo, grelhada/assada, c/ molho branco (farinha de trigo, manteiga e leite), s/ sal, Sus ssp,",Carnes e derivados,199,29.7,3.22,7.44,0.05
C0103H,"Bebida, café, descafeinado, infusão 8% - médio, s/ açúcar,",Bebidas,6,0.17,0.48,0.26,0.69
C0356B,"Cebola, branca, assada, s/ óleo, s/ sal, Allium cepa L.,",Vegetais e derivados,58,2.50,10.2,0.18,2.90
C1077B,"Gengibre, em pó, Zingiber officinale,",Vegetais e derivados,332,8.98,57.5,4.24,14.1
C0338A,"Sanduíche, pão forma integral, c/ peito de peru defumado, queijo minas, c/ margarina,",Cereais e derivados,246,13.3,19.4,12.3,2.20
C0008F,"Apresuntado, metro, cozido, Seara,",Carnes e derivados,129,16.0,5.00,5.00,
C1011A,"Bolo, chocolate, c/ recheio e cobertura, chocolate branco, caseiro, (bolo - farinha de trigo, achocolatado, leite, açúcar, manteiga, ovo e fermento em pó, recheio e cobertura - leite condensado, creme de leite e chocolate branco),",Cereais e derivados,426,6.59,52.3,21.0,0.58
C0245A,"Sanduíche, hambúrguer bovino grelhado (c/ pão hambúrguer),",Cereais e derivados,254,11.1,34.0,7.82,1.53
C0222E,"Peixe, água salgada, filé/posta, cozido, c/ molho de tomate (tomate, c/ óleo, cebola e alho), c/ sal (média de várias espécies),",Pescados e Frutos do mar,105,17.7,0.48,3.53,0.51
C0825A,"Croissant, assado, c/ recheio, de brigadeiro,",Cereais e derivados,398,8.15,53.8,16.4,1.34
C0658F,"Carne, boi, seca, dessalgada, cozida, c/ molho de tomate (tomate, c/ óleo, cebola e alho), s/ sal, Bos taurus,",Carnes e derivados,259,21.9,0.83,18.6,0.51
C0805B,"Farofa,  c/ toucinho defumado (bacon), c/ frutas secas e nozes, c/ sal, (farinha de mandioca (aipim, macaxeira), toucinho defumado (bacon), nozes, tâmara e damasco seco, cereja em calda, c/ sal,",Vegetais e derivados,372,4.21,64.9,9.32,6.12
C0017N,"Gelatina, framboesa, em pó, preparada, diet, Oetker,",Alimentos para fins especiais,11,1.55,1.14,0.04,
C0646A,"Rondele, c/ camarão refogado, s/ molho, caseiro, c/ sal, (massa com farinha de trigo, camarão refogado (c/ óleo, cebola e alho), c/ sal),",Cereais e derivados,100,5.02,14.3,2.20,1.58
C0045A,"Biscoito, doce, recheado, chocolate, recheio sabor chocolate, Danone,",Cereais e derivados,489,5.40,66.1,21.8,3.49
C0374A,"Sanduíche, peito de frango grelhado (c/ pão de hambúrguer), c/ alface, tomate, c/ maionese,",Cereais e derivados,200,14.6,22.0,5.75,1.38
C0076E,"Peixe, sardinha, filé, micro-ondas/10 min, s/ óleo, s/ sal, Sardinella brasiliensis,",Pescados e Frutos do mar,231,44.2,0.00,6.02,0.00
C0321A,"Sanduíche, pão forma integral, c/ queijo prato, c/ maionese,",Cereais e derivados,309,16.1,33.6,12.0,1.45
C0909F,"Carne, frango, pé, cozido, s/ óleo, c/ sal, Gallus gallus,",Carnes e derivados,209,19.3,0.20,14.5,0.00
C0157A,"Pão, trigo/centeio, preto, forma,",Cereais e derivados,250,10.0,43.7,2.70,5.38
C0125A,"Milho, fubá, cru (média de diferentes marcas), Zea Mays L.,",Cereais e derivados,357,7.06,75.3,2.03,4.38
C0391E,"Caldeirada de peixe e batata, s/ sal, (peixe, água salgada, cação, batata, tomate, pimentão, coentro, suco de limão, c/ pimenta-do-reino e pimenta vermelha,c/ caldo de peixe, c/ óleo, cebola e alho, s/ sal),",Pescados e Frutos do mar,67,9.11,4.03,1.42,0.67
C0312A,"Sanduíche, pão francês, c/ mortadela,",Cereais e derivados,288,11.3,42.9,7.56,1.63
C0649A,"Massa, brise, assada, (farinha de trigo, manteiga, gema, leite, c/ açúcar, c/ sal),",Cereais e derivados,464,6.29,39.2,31.0,1.34
C1044B,"Farofa molhada, s/ sal, (farinha de mandioca (aipim, macaxeira), farinha de milho, tomate, pimentão, cenoura, ovo cozido, azeitona, cebola, suco de limão, salsinha, cebolinha, pimenta-do-reino, suco de limão, s/ azeite de oliva, c/ sal),",Vegetais e derivados,197,3.80,23.5,9.12,2.64
C0167B,"Berinjela, c/ casca, à milanesa (farinha de trigo, ovo e farinha de rosca), frita em imersão, s/ sal, Solanum melongena L.,",Vegetais e derivados,133,3.87,9.92,7.82,3.95
C0138E,"Peixe, água salgada, cação, posta, assado/grelhado, s/ óleo, s/ sal, Carcharhinus spp.,",Pescados e Frutos do mar,107,22.5,2.43,0.87,0.00
C0215C,"Suco natural, jabuticaba, s/ açúcar,",Frutas e derivados,21,0.12,4.39,0.15,0.65
C0405A,"Trigo para quibe, cozido, s/ sal, Triticum spp.,",Cereais e derivados,80,3.08,14.1,0.24,4.50
C0706F,"Carne, porco, pernil, grelhada/assada, s/ óleo, c/ sal, Sus ssp,",Carnes e derivados,252,32.0,0.00,13.8,0.00
C0422A,"Esfirra, carne, caseira, assada, (farinha de trigo, água, leite, ovo, margarina, suco de limão, carne moída - acém, c/ açúcar, c/ óleo e cebola, c/ sal),",Cereais e derivados,276,16.0,38.3,6.25,1.40
C1189B,"Salada, alface, c/ rúcula e pepino, c/ azeite de oliva, c/ sal,",Vegetais e derivados,36,1.29,0.60,2.79,1.55
C0046L,"Vinagre, arroz,",Miscelâneas,48,0.20,11.8,0.00,0.00
C0178E,"Peixe, água salgada, pescadinha, cozido, c/ molho branco (farinha de trigo, manteiga e leite), c/ sal, Cynoscion striatus,",Pescados e Frutos do mar,111,16.0,3.92,3.43,0.05
C0788F,"Carne, peru, peito, s/ pele, cozida, drenada, s/ óleo, s/ sal, Meleagris gallopavo,",Carnes e derivados,138,29.7,0.00,2.10,0.00
C1101B,"Salpicão vegano, c/ creme de inhame, s/ sal, (inhame, cenoura, uva passa, maçã, milho e ervilha em conserva, salsinha e cebolinha, pimenta do reino, alho, s/ sal),",Vegetais e derivados,145,3.61,21.9,3.98,3.68
C0610B,"Salada, alface americana, tomate, palmito, azeitona preta, c/ azeite de oliva, c/ sal,",Vegetais e derivados,88,1.21,2.01,8.02,2.34
C1103A,"Macarrão, trigo integral, c/ carne bovina músculo, salsa, pimenta-do-reino, c/ manteiga, cebola e alho, s/ sal,",Cereais e derivados,157,9.78,16.6,5.18,2.65
C0078F,"Carne, boi, ponta de agulha, crua, Bos taurus,",Carnes e derivados,169,19.7,0.00,10.0,0.00
C0007F,"Apresuntado, fatiado, cozido, Sadia,",Carnes e derivados,108,13.5,3.32,4.53,
C0790B,"Farofa,  c/ ovos, c/ toucinho defumado (bacon), c/ sal, (farinha de mandioca (aipim, macaxeira), ovo, toucinho defumado (bacon), azeitona, salsa, c/ óleo, cebola e alho, c/ sal),",Vegetais e derivados,362,6.03,46.3,16.1,3.93
C0539A,"Arroz com coco, c/ arroz polido, c/ sal, (arroz polido, c/ coco e leite de coco, c/ óleo, cebola e alho, c/ sal),",Cereais e derivados,180,2.35,20.9,9.27,1.56
C0246C,"Suco natural, murici (mirici, muricizinho), c/ açúcar,",Frutas e derivados,56,0.37,9.93,1.03,2.72
C0023D,"Óleo, babaçu, Orbignia martiana,",Gorduras e óleos,900,0.00,0.00,100.0,0.00
C0020U,"Castanha do Brasil, caramelizada,",Sementes e Oleaginosas,604,11.0,29.6,47.9,5.95
C0643A,"Rondele, ricota e espinafre, c/ molho de tomate, caseiro, c/ sal, (massa com farinha de  trigo, c/ ricota e espinafre, c/ molho de tomate (tomate, c/ óleo, cebola e alho), c/ sal),",Cereais e derivados,102,5.15,11.6,3.58,1.63
C0083R,"Missôshiru, frango, em pó, Sakura,",Alimentos industrializados,265,26.4,10.4,10.7,10.9
C0516E,"Peixe, água doce, Pirarucu, cultivado em Rondonia, grelhado (a partir do peixe fresco), s/ óleo de soja, c/ sal (média de peixes com diferentes pesos e cortes), Arapaima gigas,",Pescados e frutos do mar,255,23.9,14.0,11.4,0.71
C0902B,"Milho, cuscuz, cozido, c/ leite integral, c/ açúcar,",Vegetais e derivados,88,2.23,15.9,1.44,1.23
C0412E,"Peixe, água salgada, pescadinha, cozido, ao molho branco (farinha de trigo, manteiga e leite), s/ sal, Cynoscion striatus,",Pescados e Frutos do mar,111,16.0,3.92,3.43,0.05
C0060J,"Ovo, codorna, inteiro, cozido, c/ sal,",Ovos e derivados,157,13.1,1.16,11.1,0.00
C0027R,"Gelatina, pêssego, em pó, Oetker,",Alimentos industrializados,392,9.90,88.2,0.00,0.00
C0118E,"Crustáceo, camarão, s/ casca, preparado p/ recheios, s/ sal, (camarão, tomate, pimentão, azeitona, farinha de trigo, c/ óleo e cebola, s/ sal), Penaeus brasiliensis,",Pescados e Frutos do mar,61,4.52,3.31,2.91,1.56
C0176B,"Couve, cozida, drenada, c/ óleo de soja, c/ sal, Brassica oleracea var. Acephala,",Vegetais e derivados,46,2.59,1.09,2.88,2.81
C0835A,"Macarrão, trigo, integral, cozido, drenado, s/ óleo, c/ sal,",Cereais e derivados,123,4.89,22.8,0.56,3.50
C0878F,"Caldo, mocotó, s/ sal, (boi, mocotó, c/ cebola, cenoura, aipo (salsão), alho-poró e alho, s/ óleo, s/ tempero, s/ sal),",Carnes e derivados,51,4.58,0.86,3.23,0.27
C0345B,"Inhame, c/ casca, cozido, drenado, c/ óleo de soja, c/ sal, Colocasia esculenta,",Vegetais e derivados,129,2.17,17.8,5.11,1.52
C1042A,"Macarrão, trigo, c/ sardinha fresca, salsa, c/ molho de tomate (tomate, c/ óleo, cebola e alho), c/ sal,",Cereais e derivados,125,6.00,18.2,2.82,1.13
C0121E,"Moqueca, de peixe, baiana, c/ sal, (peixe, água salgada, cação (posta), tomate, pimentão, coentro, leite de coco, azeite de dendê, c/ óleo, cebola e alho, c/ sal),",Pescados e Frutos do mar,132,18.6,1.47,4.56,1.37
C0132T,"Sopa, feijão, preto, c/ macarrão, c/ legumes, s/ sal, (feijão preto, c/ macarrão, c/ cenoura, chuchu e batata, c/ caldo de carne, c/ óleo, cebola e alho, s/ sal),",Leguminosas e derivados,59,3.12,6.80,1.13,4.69
C0832A,"Milho, pipoca, preparada, c/ óleo de soja, c/ açúcar,",Cereais e derivados,432,8.97,60.2,14.3,12.9
C0794B,"Farofa, couve com toucinho defumado (bacon), c/ sal, (farinha de mandioca (aipim, macaxeira), couve, toucinho defumado (bacon), c/ óleo, cebola e alho, c/ sal),",Vegetais e derivados,326,4.24,45.4,13.2,4.40
C0045J,"Ovos Benedict, c/ lombo canadense, s/ sal, (pão forma tradicional, ovo cozido, lombo canadense, molho holandês, salsa, c/ pimenta-do-reino, s/ sal),",Ovos e derivados,233,13.2,13.2,14.0,0.77
C0451F,"Carne, boi, peito, s/ gordura, grelhada, c/ molho branco (farinha de trigo, manteiga e leite), s/ sal,",Carnes e derivados,300,18.7,3.23,23.6,0.05
C0187N,"Papa de peito de frango, batata baroa (mandioquinha, batata salsa) e cenoura, c/ caldo de frango, c/ cebola, s/ óleo, s/ sal,",Alimentos para fins especiais,77,11.7,4.33,1.21,0.93
C0104K,"Marshmallow,",Produtos açucarados,322,0.80,78.9,0.30,0.10
C0459N,"Papa de carne bovina moída (acém), cará e brócolis, c/ caldo de carne, c/ cebola, s/ óleo s/ sal,",Alimentos para fins especiais,98,10.8,4.17,4.01,1.32
C0961F,"Sopa paulista, c/ sal, (feijão branco, carne suína costela, linguiça calabresa, toucinho defumado (bacon), tomate, cenoura, batata, pimentão, agrião, salsinha, cebolinha, pimenta-do reino, c/ caldo de carne, c/ óleo, cebola e alho, c/ sal),",Carnes e derivados,258,13.6,4.12,20.5,1.33
C0252F,"Carne, búfalo, coxão mole, crua, Bubalis bubalis Murrah,",Carnes e derivados,103,20.9,0.00,2.18,0.00
C0466B,"Pimentão, cozido, drenado, s/ óleo, c/ sal, Capsicum annuum L.,",Vegetais e derivados,28,1.26,4.09,0.31,1.92
C0814A,"Panqueca, c/ recheio de carne moída, s/ molho,  c/ sal, (massa de panqueca preparada, carne bovina moída acém, refogada, c/ óleo, cebola e alho, c/ sal),",Cereais e derivados,243,17.1,16.1,12.1,0.51
C0468F,"Carne, boi, picanha, s/ gordura, grelhada, c/ óleo, c/ sal,",Carnes e derivados,263,30.3,0.85,15.3,0.00
C0144N,"Papa de feijão preto, batata, abóbora (jerimum) e cenoura, c/ caldo de frango, c/ cebola e óleo de soja, c/ sal,",Alimentos para fins especiais,63,2.84,5.00,2.39,4.84
C0915A,"Pão de mel, c/ cobertura, (farinha de trigo, ovo, açúcar, mel, canela em pó, cacau em pó, leite, amido de milho, manteiga e chocolate ao leite),",Cereais e derivados,370,5.10,43.1,19.4,1.31
C0548A,"Arroz com brócolis, c/ arroz integral, s/ sal, (arroz integral, c/ brócolis, c/ óleo, cebola e alho, s/ sal),",Cereais e derivados,102,2.56,15.6,2.77,2.46
C0956B,"Salada de legumes, c/ maionese, c/ sal, (batata, cenoura, vagem, cebola, c/ maionese, c/ sal),",Vegetais e derivados,99,1.05,6.69,7.02,2.21
C0314B,"Batata, inglesa, s/ casca, cozida, drenada, c/ óleo de soja, s/ sal, Solanum tuberosum L.,",Vegetais e derivados,94,1.27,10.3,5.05,1.40
C0963B,"Cuxá, molho, c/ sal, (quiabo, camarão fresco e seco, tomate, farinha de mandioca, ervas frescas (salsinha, coentro, cebolinha), azedinha/vinagreira, gergelim torrado, cebola, alho, vinagre, suco de limão, pimenta vermelha, c/ azeite de oliva, c/ sal),",Vegetais e derivados,72,5.63,2.71,3.58,3.01
C0200T,"Virado à paulista, c/ sal, (feijão carioca, farinha de milho, linguiça de porco, paio, toucinho defumado (bacon), couve manteiga, caldo de feijão, ovo cozido, c/ óleo de soja, cebola, alho, c/ sal),",Leguminosas e derivados,322,10.1,11.9,25.5,2.15
C0057H,"Bebida, chá, camomila, infusão, s/ açúcar,",Bebidas,1,0.00,0.28,0.01,0.00
C0096F,"Carne, cabrito, pernil e paleta, crua (média de diferentes amostras), Capra hirbus,",Carnes e derivados,108,20.5,0.00,2.85,0.00
C0424E,"Peixe, água salgada, pescadinha, cozido, ao c/ molho de tomate (tomate, c/ óleo, cebola e alho), s/ sal, Cynoscion striatus,",Pescados e Frutos do mar,88,15.3,1.54,2.15,0.51
C0169C,"Uva, passa, preta, Vitis vinifera,",Frutas e derivados,302,3.24,67.2,1.04,5.32
C0241T,"Mousse, chocolate, c/ adoçante, (tofu, chocolate amargo, c/ adoçante),",Leguminosas e derivados,241,6.86,14.2,16.5,4.05
C0005C,"Ameixa, c/ casca, in natura, Prunus domestica,",Frutas e derivados,54,0.77,11.4,,2.43
C0130G,"Espeto de queijo de muçarela de búfala, c/ tomate e manjericão, grelhado, s/ óleo,",Leite e derivados,223,15.3,3.30,16.5,0.24
C0584N,"Papa de carne moída bovina (patinho), feijão preto, batata, abóbora (jerimum) e cenoura, c/ caldo de carne, c/ cebola, s/ óleo, c/ sal,",Alimentos para fins especiais,89,12.2,3.48,2.45,2.13
C0058T,"Tremoço, conserva, c/ sal, Lupinus albus,",Leguminosas e derivados,109,11.1,0.38,3.78,14.4
C0290E,"Camarão com legumes, c/ sal, (camarão, cenoura, vagem, couve-flor, tomate, pimentão, salsa, suco de limão, c/ óleo, cebola e alho, c/ pimenta-do-reino, c/ sal),",Pescados e Frutos do mar,63,8.63,2.31,1.89,0.92
C0265F,"Carne, boi, quarto traseiro, s/ gordura, cozida, c/ batata e vegetais - cenoura, chuchu, vagem, c/ óleo, cebola e alho, s/ sal,",Carnes e derivados,151,19.4,2.32,6.93,0.71
C0162K,"Bombom, chocolate ao leite, recheado c/ amendoim e caramelo, Charge, Nestlê,",Produtos açucarados,489,6.19,66.8,21.9,0.00
C0132B,"Salada de legumes, c/ maionese, s/ sal, (batata, cenoura, vagem, cebola, c/ maionese, s/ sal),",Vegetais e derivados,99,1.05,6.71,7.04,2.22
C0391A,"Sanduíche, pão forma integral, c/ queijo minas, rúcula, c/ maionese de frango com maçã,",Cereais e derivados,205,13.4,14.6,9.98,1.85
C0050D,"Óleo, canola, assado, Arachis hypogaea L.,",Gorduras e óleos,900,0.00,0.00,100.0,0.00
C0070T,"Ervilha, grão, fresca, crua, Pisum sativum L.,",Cereais e derivados,85,7.69,9.50,0.30,6.82
C0826B,"Tabule, c/ trigo para quibe, c/ sal, (trigo para quibe, cebola, suco de limão, pepino, tomate, salsa, hortelã, c/ azeite de oliva, c/ sal),",Vegetais e derivados,77,2.03,8.11,3.55,2.32
C0273E,"Casquinha de siri, s/ sal, (siri, tomate, leite de coco, farinha de rosca, queijo parmesão, cebolinha, c/ azeite de dendê, c/ óleo, cebola e alho, c/ pimenta do reino, s/ sal),",Pescados e Frutos do mar,141,12.5,5.11,7.65,0.75
C0011L,"Molho, inglês, Kenko,",Miscelâneas,41,1.17,8.90,0.02,0.22
C0030H,"Refrigerante, tipo cola, regular, c/ açúcar,",Bebidas,35,0.00,8.66,0.00,0.00
C0962F,"Sopa paulista, s/ sal, (feijão branco, carne suína costela, linguiça calabresa, toucinho defumado (bacon), tomate, cenoura, batata, pimentão, agrião, salsinha, cebolinha, pimenta-do reino, c/ caldo de carne, c/ óleo, cebola e alho, s/ sal),",Carnes e derivados,258,13.6,4.12,20.5,1.33
C0046C,"Manga, Haden, polpa, in natura, Mangifera indica L.,",Frutas e derivados,67,0.41,15.1,0.26,1.58
C0065N,"Mortadela, light,",Alimentos para fins especiais,230,11.5,2.60,19.3,0.00
C0182F,"Linguiça, porco, frescal, crua (média de várias amostras),",Carnes e derivados,225,16.1,0.66,17.6,
C0547A,"Arroz com brócolis, c/ arroz integral, c/ sal, (arroz integral, c/ brócolis, c/ óleo, cebola e alho, c/ sal),",Cereais e derivados,102,2.55,15.6,2.77,2.45
C0670B,"Salada, agrião, cru, c/ óleo de soja, c/ sal,",Vegetais e derivados,148,2.71,0.51,14.6,1.69
C0291T,"Amendoim, ovinhos, frito, caseiro, (amenoim, polvilho doce, banha suína, fermento químico, óleo de soja (p/ fritura), c/ sal),",Miscelâneas,526,6.71,42.9,35.9,2.24
C0285N,"Papa de peixe (pescada branca) e cará, c/ caldo de frango, c/ cebola e óleo de soja, c/ sal,",Alimentos para fins especiais,99,8.71,5.80,4.29,1.00
C0950F,"Ossobuco (chambari), cozido, c/ salsa, cebolinha, pimenta-do-reino, c/ óleo, cebola e alho, c/ sal,",Carnes e derivados,193,26.5,2.67,8.42,0.21
C0202F,"Presunto, lanche, cozido, Wilson,",Carnes e derivados,162,13.7,7.08,8.78,
C0954B,"Broto de alfafa, c/ óleo de soja, c/ sal,",Vegetais e derivados,70,3.78,0.19,5.65,1.80
C0066R,"Sagu, uva, mistura p/, Oetker,",Alimentos industrializados,381,0.30,94.6,0.10,0.52
C0205T,"Almôndega de soja, assada, c/ sal, (proteína texturarizada de soja (hidratada com caldo de legumes), farinha de rosca, farinha de trigo, ovo, cheiro verde, cebola e alho, pimenta-do-reino, c/ sal),",Leguminosas e derivados,189,22.8,20.5,0.77,4.50
C0906A,"Macarrão, trigo integral cozido, com ovo mexido, c/ toucinho defumado (bacon), c/ sal,",Cereais e derivados,159,7.66,16.6,6.38,2.46
C0535A,"Arroz com nozes, c/ arroz integral, s/ sal, (arroz integral, c/ noz, c/ óleo, cebola e alho, s/ sal),",Cereais e derivados,205,4.23,19.0,11.7,2.95
C0871B,"Mandioca (aipim, macaxeira), s/ casca, cozida, salsa, c/ manteiga, c/ pimenta-do-reino, s/ sal,",Vegetais e derivados,153,0.67,26.5,4.54,1.74
C0076T,"Ervilha, em vagem, fresca, cozida, drenada, s/ óleo, c/ sal, Pisum sativum L.,",Leguminosas e derivados,35,2.72,2.95,0.25,4.84
C0529N,"Papa de carne bovina moída (patinho), cenoura e batata baroa (mandioquinha, batata salsa), c/ caldo de carne, c/ cebola e azeite de oliva, s/ sal,",Alimentos para fins especiais,115,13.2,4.43,4.69,0.92
C0060G,"Queijo, minas, tipo parmesão,",Leite e derivados,448,31.9,0.10,35.0,2.38
C0554A,"Arroz de forno, c/ arroz polido, s/ sal, (arroz polido, c/ cenoura, milho e ervilha em conserva, cenoura, azeitona, muçarela, c/ molho de tomate (tomate, c/ óleo, cebola e alho), c/ óleo, cebola e alho, s/ sal),",Cereais e derivados,141,3.54,20.2,4.67,1.90
C0181B,"Salada, couve-flor, cozida, c/ molho vinagrete (tomate, cebola, salsinha, vinagre e óleo), s/ sal, Brassica oleracea var. botrytis L.,",Vegetais e derivados,42,1.16,2.35,2.68,1.73
C0010B,"Alho, cru, Allium sativum L.,",Vegetais e derivados,121,5.70,22.6,0.20,3.19
C0069H,"Bebida, café - infusão 10%, c/ substituto do leite - extrato de soja, natural (meio a meio), c/ açúcar,",Bebidas,48,1.62,8.60,0.79,0.09
C0190F,"Linguiça, toscana, crua, Seara,",Carnes e derivados,268,12.0,1.00,24.0,
C0514A,"Arroz chop suey, c/ arroz integral, c/ molho shoyu, (arroz integral, c/ presunto, cenoura, ovos mexidos, c/ óleo, cebola e alho, c/ molho shoyu),",Cereais e derivados,124,4.55,15.0,4.67,1.81
C0005E,"Crustáceo, caranguejo, cru, Ucides cordatus,",Pescados e Frutos do mar,89,13.3,8.09,0.38,0.00
C0066G,"Queijo, requeijão (média de diferentes amostras),",Leite e derivados,281,9.91,3.03,25.5,0.00
C0538E,"Peixe, água salgada, cação, posta, cozido, drenado, s/ sal, Carcharhinus plumbeus,",Pescados e frutos do mar,109,23.8,0.00,0.75,0.00
C0174N,"Papa de arroz polido, abobrinha e ovo , c/ caldo de frango, c/ cebola, s/ óleo, c/ sal,",Alimentos para fins especiais,76,4.42,7.03,3.20,0.72
C0295B,"Batata, baroa (mandioquinha, batata salsa), s/ casca, sauté (c/ margarina e salsa), c/ sal,",Vegetais e derivados,103,0.81,16.2,3.50,1.66
C0082F,"Carne, boi, salgada, dessalgada, crua, Bos taurus,",Carnes e derivados,188,19.1,0.15,12.3,0.00
C0539E,"Alichela, caseira, (peixe, água salgada, nchova (aliche), salsinha, alho, pimenta do reino, c/ azeite de oliva, s/ sal),",Pescados e frutos do mar,318,18.9,1.29,26.2,0.55
C0099C,"Mamão, verde, doce, em calda, drenado,",Frutas e derivados,230,0.32,56.4,0.10,1.23
C0054J,"Omelete, carne bovina, c/ sal, (ovo de galinha, carne bovina - acém moído, salsa, cebolinha, c/ óleo, cebola e alho, c/ sal),",Ovos e derivados,176,14.6,2.09,12.1,0.22
C0054E,"Peixe, água salgada, pescada, filé empanado, frito, s/ sal,",Pescados e Frutos do mar,278,21.4,5.03,19.1,
C0174A,"Milho, verde, grão, cozido, drenado, c/ manteiga, s/ sal,",Cereais e derivados,162,5.87,21.9,4.84,3.48
C0078B,"Palmito, conversa, drenado (média de variedades - Pupunha e Juçara),",Vegetais e derivados,25,2.44,1.57,0.34,3.12
C0494B,"Salada, beterraba cozida, cebola, c/ azeite de oliva, c/ sal,",Vegetais e derivados,88,1.28,4.73,6.74,1.90
C0023H,"Bebida, infusão, hortelã rasteira, planta, folha, s/ açúcar, Mentha x vilosa Huds,",Bebidas,1,0.00,0.30,0.00,0.00
C0228F,"Vaca atolada, s/ sal, (costela bovina, mandioca (aipim, macaxeira), tomate, c/ óleo, cebola e alho, s/ sal),",Carnes e derivados,140,5.12,7.72,9.32,2.34
C0846B,"Tomate recheado, s/ sal, (tomate, toucinho defumado (bacon), farinha de rosca, queijo ricota, creme de leite, queijo parmesão, salsa, c/ óleo, cebola e alho, c/ pimenta-do-reino, s/ sal),",Vegetais e derivados,102,4.33,6.48,6.30,0.89
C0672A,"Polenta, c/ molho à bolonhesa (carne bovina - patinho moído, tomate, cebola, alho, c/ óleo), c/ queijo parmesão, c/ sal,",Cereais e derivados,134,6.90,13.5,5.16,2.83
C0042E,"Peixe, água salgada, atum, cru, Thunnus thynnus,",Pescados e Frutos do mar,110,25.5,0.04,0.87,0.00
C0287E,"Camarão com chuchu, s/ sal, (camarão, chuchu, tomate, pimentão, salsa, suco de limão, c/ óleo, cebola e alho, c/ pimenta-do-reino, s/ sal),",Pescados e Frutos do mar,66,9.36,2.28,1.93,0.79
C0462A,"Churros, frito, c/ recheio de doce de leite, s/ açúcar polvilhado, (farinha de trigo, manteiga, ovo, sal, açúcar, frito (c/ óleo de soja), c/ doce de leite),",Cereais e derivados,392,7.52,44.1,20.5,0.69
C0031N,"Milho, pipoca, p/ micro-ondas, cru, light, Hikari,",Alimentos para fins especiais,356,8.70,51.3,9.30,16.0
C0676F,"Carne, boi, peito, s/ gordura, frita (c/ óleo de soja), s/ sal, Bos taurus,",Carnes e derivados,377,20.5,0.00,32.8,0.00
C0035R,"Maria mole, coco queimado, em pó, Oetker,",Alimentos industrializados,387,24.1,71.7,0.45,1.01
C0289B,"Cebola, branca, cozida, c/ molho de tomate (tomate, c/ óleo, cebola e alho), c/ sal, Allium cepa L.,",Vegetais e derivados,40,1.79,6.15,0.26,2.97
C0221E,"Peixe, água salgada, filé/posta, cozido, c/ molho branco (farinha de trigo, manteiga e leite), c/ sal (média de várias espécies),",Pescados e Frutos do mar,128,18.4,2.86,4.80,0.05
C0138A,"Milho, verde, grão, cozido no vapor, Jurema,",Cereais e derivados,97,3.40,14.3,2.00,4.10
C1016A,"Brownie, caseiro, (chocolate meio amargo, farinha de trigo, manteiga, ovo e açúcar),",Cereais e derivados,468,4.54,41.6,30.9,1.49
C0123C,"Suco natural, laranja, abacaxi e beterraba, s/ açúcar,",Frutas e derivados,42,0.94,8.67,0.17,1.04
C0321N,"Papa de feijão preto, batata doce, abóbora cabotian (japonesa) e cenoura, c/ caldo de frango, c/ cebola e azeite de oliva, s/ sal,",Alimentos para fins especiais,66,2.81,5.88,2.40,4.96
C0138T,"Missoshiro, (missô, caldo de vegetais, tofu e cebolinha),",Leguminosas e derivados,32,2.40,2.03,1.27,0.87
C1012A,"Bolo, chocolate, c/ cobertura, chocolate branco, caseiro, (bolo - farinha de trigo, achocolatado, leite, açúcar, manteiga, ovo e fermento em pó, cobertura - leite condensado, creme de leite e chocolate branco),",Cereais e derivados,433,6.94,53.9,20.9,0.70
C0055K,"Creme, chocolate branco, Danete,",Produtos açucarados,143,4.20,21.4,4.50,1.00
C0002M,"Nachos, Taco Bell,",Miscelâneas,344,4.32,31.7,21.5,3.20
C0182E,"Peixe, água salgada, porquinho, cozido, drenado, s/ óleo, s/ sal, Prochilodus spp.,",Pescados e Frutos do mar,99,23.1,0.00,0.79,0.00
C0165C,"Suco, concentrado, preparado, uva, s/ açúcar,",Frutas e derivados,23,,5.65,,0.09
C0475A,"Sanduíche, pão forma integral, c/ requeijão,",Cereais e derivados,256,10.4,34.0,7.84,4.07
C1042F,"Carne, peru, peito, refogado (c/ óleo de soja, cebola e alho), c/ sal, Meleagris gallopavo,",Carnes e derivados,144,28.3,0.56,3.09,0.12
C0201C,"Açaí, polpa, c/ xarope de guaraná, c/ cupuaçu, polpa,",Frutas e derivados,101,0.75,17.2,2.89,1.69
C0423A,"Esfirra, ricota, caseira, assada, (farinha de trigo, água, leite, ovo, margarina, suco de limão, ricota, c/ açúcar, c/ óleo e cebola, c/ sal),",Cereais e derivados,282,12.6,40.2,7.58,1.40
C0148G,"Patê de pistache, caseiro , (creme de leite, maionese, requeijão, pistache, pimenta-do-reino, azeite de oliva, c/ sal),",Leite e derivados,325,7.94,6.33,29.4,1.94
C0217C,"Suco natural, abacaxi e morango, c/ açúcar,",Frutas e derivados,17,0.34,3.13,0.17,0.65
C0101T,"Vagem, crua (média de diferentes amostras), Phaseolus vulgaris L.,",Leguminosas e derivados,27,1.95,3.04,0.16,2.65
C0445F,"Carne, boi, patinho, s/ gordura, grelhada, c/ molho de mostarda (creme de leite, suco de limão e mostarda), c/ sal,",Carnes e derivados,207,29.0,2.31,9.14,0.03
C0743F,"Carne, frango, asa, c/ pele, frita (c/ óleo de soja), s/ sal, Gallus gallus,",Carnes e derivados,287,21.3,0.00,22.4,0.00
C0124F,"Carne, frango, coxa e sobrecoxa, s/ pele, crua, Gallus gallus,",Carnes e derivados,136,17.6,0.00,7.33,0.00
C0254C,"Suco, néctar, caju, c/ açúcar,",Frutas e derivados,44,0.19,10.4,0.09,0.28
C0117G,"Iogurte, natural, desnatado, c/ granola, simples (aveia em flocos, flocos de milho, semente de linhaça, castanha de caju e Brasil, damasco seco, uva passa e canela em pó),",Leite e derivados,116,5.36,17.1,2.54,1.73
C0377A,"Sanduíche, pão forma tradicional, c/ presunto, queijo muçarela, c/ requeijão,",Cereais e derivados,246,14.2,20.2,11.8,1.03
C0161N,"Papa de peito de frango, batata, abóbora cabotian (japonesa), c/ caldo de frango, c/ cebola, s/ óleo, s/ sal,",Alimentos para fins especiais,79,11.9,4.79,1.16,0.73
C0645N,"Papa de peito de frango, batata e cenoura, c/ caldo de carne, c/ cebola, s/ óleo, c/ sal,",Alimentos para fins especiais,79,13.1,2.98,1.35,1.17
C0562A,"Canelone, frios, s/ molho, caseiro, (massa com farinha de trigo, c/ muçarela, presunto),",Cereais e derivados,197,14.0,13.6,9.49,0.65
C0664A,"Sopa, milho, fubá, s/ sal, (milho, fubá, c/ salsa, cebolinha, c/ caldo de frango, c/ óleo, cebola e alho, s/ sal),",Cereais e derivados,69,1.94,12.2,1.17,1.15
C0396A,"Cereais, granola, caseira, (aveia em flocos, flocos de milho, semente de chia e linhaça, coco, mel, oleagionosas - noz, castanha de caju e Brasil, amêndoa e avelã, damasco seco, uva passa, c/ óleo de milho, c/ canela),",Cereais e derivados,411,10.7,54.2,15.1,7.83
C0685A,"Pizza, Marguerita, caseira, (massa (farinha de trigo, óleo, fermento biológico, sal e açúcar), muçarela, tomate, c/ molho de tomate (tomate, c/ óleo, cebola e alho, c/ sal), manjericão, c/ azeite de oliva),",Cereais e derivados,269,9.99,37.3,8.48,1.67
C0619A,"Suflê, chuchu, c/ molho branco, c/ queijo parmesão, c/ sal, (chuchu, ovo de galinha, farinha de rosca, salsa, queijo parmesão, c/ molho branco (farinha de trigo, manteiga e leite), c/ óleo, cebola e alho, c/ sal),",Cereais e derivados,136,5.03,9.45,8.49,0.74
C0061H,"Bebida, café, infusão 6% - suave, c/ açúcar,",Bebidas,29,0.40,6.85,0.04,0.00
C0707F,"Carne, porco, pernil, frita (c/ óleo de soja), s/ sal, Sus ssp,",Carnes e derivados,305,29.6,0.00,20.8,0.00
C0261B,"Brócolis, flor, à milanesa (farinha de trigo, ovo e farinha de rosca), frita em imersão, s/ sal, Brassica oleracea L. var. italica,",Vegetais e derivados,134,4.46,8.31,8.64,2.78
C0052A,"Biscoito, doce, wafer, recheio sabor chocolate, Marilan,",Cereais e derivados,504,6.90,63.6,24.2,2.30
C0107N,"Papa de carne bovina moída (acém), fubá e couve, c/ caldo de frango, c/ cebola, s/ óleo de soja, s/ sal,",Alimentos para fins especiais,111,10.9,7.17,4.10,0.95
C0815A,"Massa, panqueca, preparada, s/ recheio, c/ sal, (farinha de trigo, leite, ovo, óleo e sal),",Cereais e derivados,265,8.83,29.8,12.1,0.89
C0840B,"Tapioca, c/ charque (carne seca, carne de sol, jaba) e queijo coalho,",Vegetais e derivados,289,9.26,51.5,5.03,0.14
C0229F,"Carne, frango, peito, à milanesa (farinha de trigo, ovo e farinha de rosca), cru, s/ sal,",Carnes e derivados,133,28.5,7.51,8.42,
C0256F,"Carne, boi, quarto dianteiro, s/ gordura, cozida, c/ óleo, cebola e alho, s/ sal,",Carnes e derivados,194,25.4,1.68,9.48,0.14
C0589F,"Carne, cabrito, cozida, c/ vegetais, cenoura, chuchu, abobrinha, ervilha em vagem, alecrim, c/ óleo, cebola e alho, c/ pimenta do reino, s/ sal,",Carnes e derivados,106,16.8,1.75,3.24,1.41
C0367A,"Sanduíche, peito de frango grelhado (c/ pão de hambúrguer) , c/ catchup, mostarda, c/ maionese,",Cereais e derivados,207,14.0,23.9,6.00,1.50
C0179A,"Milho, verde, grão, assado, c/ manteiga, c/ sal,",Cereais e derivados,195,7.50,27.9,4.97,4.45
C0479E,"Peixe, água doce, Pirarucu, frito (c/ óleo de soja), c/ sal , Arapaima gigas,",Pescados e Frutos do mar,269,25.7,0.00,18.4,0.00
C0171A,"Torrada, levemente doce, Bauducco,",Cereais e derivados,319,12.0,49.4,8.00,0.45
C0496F,"Caldo de frango, caseiro, s/ óleo, s/ sal, (peito de frango, c/ cebola, cenoura, aipo, alho-poró, alho, s/ óleo, s/ sal),",Carnes e derivados,11,1.45,0.86,0.15,0.27
C0999B,"Edamame, cozida, c/ óleo, cebola e alho, s/ sal, Glycine max L. Merril,",Vegetais e derivados,128,11.5,4.14,6.15,5.08
C0153F,"Carne, peru, peito, s/ pele, crua, Meleagris gallopavo,",Carnes e derivados,103,21.7,0.65,1.53,0.00
C0502F,"Sopa, peito de frango, c/ macarrão, c/ vegetais, s/ sal, (peito de frango, c/ macarrão, c/ cenoura, chuchu e abóbora, c/ caldo de frango, c/ óleo, cebola e alho, s/ sal),",Carnes e derivados,65,7.53,4.71,1.58,0.88
C0127B,"Purê de abóbora, (abóbora, leite, c/ sal), Cucurbita moschata,",Vegetais e derivados,51,0.96,8.87,0.91,1.70
C0191T,"Molho, soja, premium, Sakura,",Leguminosas e derivados,71,5.04,10.3,0.14,4.27
C0418B,"Salada, agrião, batata, rabanete, c/ molho vinagrete (tomate, cebola, salsa, vinagre e azeite de oliva), s/ sal,",Vegetais e derivados,45,1.57,6.61,1.03,1.57
C0022F,"Carne, boi, contra-filé, à milanesa (farinha de trigo, ovo e farinha de rosca), frita em imersão, s/ sal, Bos taurus,",Carnes e derivados,347,20.6,12.2,24.0,0.37
C0261F,"Carne, boi, quarto traseiro, s/ gordura, cozida, c/ óleo, cebola e alho, c/ sal,",Carnes e derivados,204,28.7,0.56,9.67,0.12
C0097N,"Suplemento, à base de proteina, em pó,",Alimentos para fins especiais,357,78.1,3.22,1.56,3.10
C1026A,"Arroz com abobrinha, c/ óleo, cebola e alho, s/ sal,",Cereais e derivados,109,2.06,21.1,1.55,1.35
C0145E,"Peixe, água salgada, cação, posta, cozido, c/ molho vermelho (tomate, c/ óleo, cebola e alho), c/ sal, Carcharhinus spp.,",Pescados e Frutos do mar,95,17.0,2.63,1.70,0.51
C0582F,"Carne, caça, paca, assada, (carne de caça, vinho branco, aipo (salsão), hortelã, salsa, c/ azeite de oliva e  alho, c/ pimenta-do-reino, c/ sal),",Carnes e derivados,222,21.7,1.81,13.3,0.46
C0028B,"Batata, baroa (mandioquinha, batata salsa), s/ casca, crua, Arracacia xanthorrhiza Bancrof,",Vegetais e derivados,87,0.82,19.6,0.12,1.93
C0008C,"Banana, da terra, in natura, Musa acuminata Colla x Musa balbisiana Colla,",Frutas e derivados,140,1.43,32.1,0.24,1.53
C0513A,"Arroz chop suey, c/ arroz polido, s/ sal, (arroz polido, c/ presunto, cenoura, ovos mexidos, c/ óleo, cebola e alho, s/ sal),",Cereais e derivados,141,4.52,19.9,4.47,1.37
C0366B,"Salada, legumes cozidos, c/ molho de salada, c/ sal, (batata, cenoura, chuchu, c/ molho de salada - salsa, suco de limão, azeite de oliva, c/ sal),",Vegetais e derivados,60,0.87,5.49,3.52,1.65
C0230B,"Chuchu, s/ casca, cozido, drenado, c/ óleo de soja, c/ sal, Sechium edule,",Vegetais e derivados,42,0.49,3.60,2.53,1.35
C0476A,"Sanduíche, pão forma integral, c/ cream cheese,",Cereais e derivados,242,9.69,33.9,6.61,4.07
C0006M,"Batata frita, McDonald´s,",Fast food,315,3.41,38.7,15.5,3.90
C0062K,"Mousse, mistura p/, preparada (média de diferentes sabores),",Produtos açucarados,156,5.17,21.8,5.26,0.12
C0079R,"Milho, curau, mistura p/,",Alimentos industrializados,443,2.22,77.3,13.4,2.52
C0072B,"Espinafre, folha, cru, Tetragonia expansa,",Vegetais e derivados,23,2.24,1.34,0.35,2.83
C0524B,"Salada, pepino, c/ molho de salada - salsa, suco de limão, azeite de oliva, c/ sal,",Vegetais e derivados,42,0.79,1.58,3.42,1.07
C0068G,"Queijo, requeijão, Vigor,",Leite e derivados,291,10.6,4.46,25.6,0.00
C0248F,"Presunto, porco, cozido, s/ capa de gordura,",Carnes e derivados,92,15.0,1.61,2.87,0.00
C0132C,"Suco natural, laranja e morango, c/ açúcar,",Frutas e derivados,52,0.70,11.6,0.13,0.33
C0338F,"Carne, boi, contra-filé de costela, grelhada, c/ molho de mostarda (creme de leite, suco de limão e mostarda), c/ sal,",Carnes e derivados,282,24.8,2.26,19.3,0.03
C0034T,"Quibe, soja, mini, s/ tempero, s/ sal, cru, Glycine max L.,",Leguminosas e derivados,196,10.8,23.7,5.97,2.40
C0044F,"Carne, boi, paleta, s/ gordura, cozida, s/ óleo, s/ sal, Bos taurus,",Carnes e derivados,184,29.5,0.00,7.30,0.00
C0278F,"Carne, boi, quarto traseiro, c/ gordura, grelhada, c/ molho de tomate (tomate, c/ óleo, cebola e alho), c/ sal,",Carnes e derivados,246,23.2,0.81,16.5,0.50
C0118B,"Batata, inglesa, frita (c/ óleo de soja), c/ sal, Solanum tuberosum L.,",Vegetais e derivados,248,4.04,29.5,11.9,3.16
C0031L,"Molho para salada, c/ suco de limão, caseiro, c/ sal, (salsa, suco de limão, azeite de oliva, c/ sal),",Miscelâneas,321,1.56,4.88,32.5,1.32
C0175B,"Couve, cozida, drenada, c/ óleo de soja, s/ sal, Brassica oleracea var. Acephala,",Vegetais e derivados,46,2.60,1.10,2.88,2.82
C0415E,"Peixe, água salgada, salmão, filé, s/ pele, cozido, ao molho branco (farinha de trigo, manteiga e leite), s/ sal, Salmo salar L.,",Pescados e Frutos do mar,200,19.6,4.01,11.7,0.05
C0346E,"Crustáceo, camarão, s/ casca, cozido, c/ molho de tomate (tomate, c/ óleo, cebola e alho), s/ sal, Penaeus brasiliensis,",Pescados e Frutos do mar,82,14.6,0.83,2.07,0.51
C0513N,"Papa de carne bovina moída (acém), batata e abóbora cabotian (japonesa), c/ caldo de carne, c/ cebola e azeite de oliva, s/ sal,",Alimentos para fins especiais,115,10.4,4.32,6.02,0.89
C0528N,"Papa de carne bovina moída (patinho), cenoura e batata baroa (mandioquinha, batata salsa), c/ caldo de carne, c/ cebola e óleo de soja, s/ sal,",Alimentos para fins especiais,115,13.2,4.43,4.69,0.92
C0331A,"Sanduíche, pão forma integral, c/ peito de peru defumado e queijo minas,",Cereais e derivados,213,14.5,21.3,7.26,2.40
C0037B,"Pimentão, verde, cru, Capsicum annuum L.,",Vegetais e derivados,20,0.91,2.78,0.27,1.59
C0225C,"Pitaia, in natura, Hylocereus undatus,",Frutas e derivados,55,1.40,11.4,0.40,1.80
C0870F,"Carne, boi, coração, cozido, c/ óleo, c/ sal,",Carnes e derivados,219,28.1,0.00,11.9,0.00
C0712F,"Carne, frango, caipira, inteiro, cozida, s/ óleo, s/ sal (média de amostras c/ e s/ pele), Gallus gallus,",Carnes e derivados,207,26.8,0.00,11.1,0.00
C0271A,"Sanduíche, misto quente, pão forma integral, c/ presunto, queijo muçarela, c/ margarina,",Cereais e derivados,264,14.1,18.9,14.2,2.20
C0024U,"Semente de abóbora, inteira, torrada, s/ óleo, s/ sal,",Sementes e Oleaginosas,427,18.6,35.4,19.4,18.4
C0535B,"Salada, pimentão verde, cru, c/ óleo de soja, c/ sal,",Vegetais e derivados,100,0.83,2.52,9.31,1.44
C0008T,"Feijão, preto, cozido (50% grão e 50% caldo), s/ óleo, s/ sal, Phaseolus vulgaris L.,",Leguminosas e derivados,62,4.48,5.60,0.54,8.40
C0456B,"Salada, legumes com maionese, s/ sal, (batata e cenoura cozidos, ervilha, tomate, salsa, maionese, s/ sal),",Vegetais e derivados,90,1.41,8.69,5.18,1.54
C0880A,"Pão, francês, c/ linguiça, frita,",Cereais e derivados,276,15.0,26.8,11.8,1.19
C0839F,"Linguiça, frango, fresca, frita, c/ adição de gordura, c/ sal,",Carnes e derivados,239,18.2,0.00,18.5,0.00
C0752F,"Carne, boi, fígado, frita (c/ óleo de soja), s/ sal, Bos taurus,",Carnes e derivados,272,27.5,3.86,16.3,0.00
C0065K,"Mousse, maracujá, mistura p/, preparada,",Produtos açucarados,150,4.50,21.1,5.30,
C0821F,"Carne, picanha, crua (média de amostras c/ e s/ gordura), Bos taurus,",Carnes e derivados,168,20.0,0.00,9.72,0.00
C0884A,"Macarrão, trigo, cozido, c/ ovo mexido, c/ toucinho defumado (bacon), c/ sal,",Cereais e derivados,161,6.72,18.9,6.38,0.64
C0117B,"Batata, inglesa, s/ casca, cozida, drenada, s/ óleo, c/ sal, Solanum tuberosum L.,",Vegetais e derivados,52,1.33,10.8,0.05,1.46
C0605N,"Papa de peixe (pescada branca) e cará, c/ caldo de peixe, c/ cebola e óleo de soja, c/ sal,",Alimentos para fins especiais,98,8.61,5.80,4.31,1.00
C0534E,"Peixe, água doce, Tucunaré, refogado (c/ óleo de soja, cebola e alho), c/ sal, Cichla ocellaris,",Pescados e frutos do mar,118,21.9,0.56,3.10,0.12
C0726B,"Pimentão recheado, c/ carne bovina, c/ sal, (pimentão, c/ carne bovina, patinho moído, refogado (c/ óleo, cebola e alho), c/ molho de tomate (tomate, c/ óleo, cebola e alho), c/ sal),",Vegetais e derivados,86,8.37,2.81,4.26,1.34
C0645B,"Salada, brócolis cozido, tomate, queijo minas, azeitona, cebola, c/ óleo de soja, c/ sal,",Vegetais e derivados,127,4.63,2.52,10.3,2.14
C0132G,"Queijo, gorgonzola,",Leite e derivados,324,19.1,1.00,27.1,0.00
C0242N,"Papa de ovo e batata baroa (mandioquinha, batata salsa), c/ caldo de frango, c/ cebola e azeite de oliva, c/ sal,",Alimentos para fins especiais,98,4.79,6.88,5.57,0.71
C0140F,"Carne, ovino, cordeiro, paleta, crua, Ovis aries,",Carnes e derivados,123,20.5,0.02,4.50,0.00
C0671F,"Carne, bovina, músculo, s/ gordura, refogada (c/ óleo, cebola e alho), s/ sal, Bos taurus,",Carnes e derivados,196,27.6,0.61,9.21,0.14
C0105A,"Cereal matinal, milho/trigo/aveia, Froot Loops,",Cereais e derivados,389,6.28,84.7,2.33,2.15
C0893B,"Couve, cozida, c/ molho de tomate (tomate, c/ óleo, cebola e alho), c/ salsa, c/ pimenta-do-reino, s/ sal, Brassica oleracea,",Vegetais e derivados,39,2.50,2.08,1.61,2.93
C0054C,"Abacaxi, polpa, congelada, Ananas comosus L.,",Frutas e derivados,33,0.47,7.47,0.11,0.33
C0469B,"Pimentão, verde, cozido, drenado, s/ óleo, sal, Capsicum annuum L.,",Vegetais e derivados,23,1.05,3.20,0.31,1.83
C0047G,"Queijo, leite de vaca e búfala, muçarela,",Leite e derivados,311,21.4,3.35,23.5,
C0030E,"Peixe, água doce, pintado, grelhado, s/ óleo, s/ sal, Spotted sorubim,",Pescados e Frutos do mar,88,30.8,0.04,2.29,0.00
C1004F,"Carne, rã, coxa, crua, Rana catesbeiana,",Carnes e derivados,65,16.0,0.00,0.16,0.00
C0835F,"Carne, boi, língua, refogada, c/ óleo, cebola e alho, c/ sal,",Carnes e derivados,306,20.4,0.61,24.7,0.13
C0167E,"Peixe, água salgada, pescada, à milanesa (ovo e farinha de rosca), frito (c/ óleo de soja), c/ sal, Macrodon oncylodon,",Pescados e Frutos do mar,286,21.9,14.0,15.7,0.96
C0787F,"Carne, peru, peito, s/ pele, à milanesa (ovo e farinha de rosca), frita (c/ óleo de soja), c/ sal, Meleagris gallopavo,",Carnes e derivados,220,24.3,6.70,10.6,0.43
C0049N,"Refrigerante, tipo cola, c/ adoçante,",Alimentos para fins especiais,1,0.00,0.23,0.00,0.00
C0729F,"Carne, boi, de primeira (alcatra, contrafilé, coxão mole, filé mignon, patinho), à milanesa (ovo e farinha de rosca), frita (c/ óleo de soja), c/ sal, Bos taurus,",Carnes e derivados,286,24.5,8.29,17.1,0.46
C0577N,"Papa de carne bovina moída (patinho), feijão carioca, batata, abóbora (jerimum) e cenoura, c/ caldo de frango, c/ cebola e azeite de oliva, s/ sal,",Alimentos para fins especiais,110,12.2,3.96,4.61,1.87
C0972B,"Salada de legumes, cozidos no vapor, c/ sal, (couve-flor, cenoura, brócolis, batata, vagem, s/ óleo, c/ sal),",Vegetais e derivados,34,2.00,4.55,0.31,2.50
C0822F,"Carne, boi, picanha, grelhada/assada, s/ óleo, s/ sal (média de amostras c/ e s/ gordura), Bos taurus,",Carnes e derivados,255,29.2,0.00,15.4,0.00
C0995F,"Carne, frango, sobrecoxa, s/ pele, assada, c/ óleo de soja, alho e pimenta do reino, s/ sal,",Carnes e derivados,217,27.7,0.44,15.1,0.11
C0353N,"Papa de peito de frango, abóbora cabotian (japonesa) e chuchu, c/ caldo de carne, c/ cebola e azeite de oliva, s/ sal,",Alimentos para fins especiais,90,11.8,2.75,3.34,0.87
C0648N,"Papa de peito de frango, batata baroa (mandioquinha, salsa) e abobrinha, c/ caldo de carne, c/ cebola e óleo de soja, c/ sal,",Alimentos para fins especiais,78,11.8,4.50,1.24,0.84
C0319B,"Salada, rabanete, c/ casca, cru, c/ molho vinagrete (tomate, cebola, salsinha, vinagre e óleo), c/ sal, Raphanus sativus L.,",Vegetais e derivados,40,1.04,2.34,2.59,1.56
C0307E,"Temaki, (arroz para sushi (c/ vinagre de arroz, açúcar e sal), nori, salmão grelhado, cream cheese e cebolinha),",Pescados e Frutos do mar,166,7.62,20.2,5.44,2.70
C0288C,"Mangaba, c/ casca, in natura, Hancornia speciosa,",Frutas e derivados,61,0.88,7.71,2.05,3.90
C0598B,"Salada, chicória, c/ óleo de soja, c/ sal,",Vegetais e derivados,139,0.97,0.48,14.4,1.88
C0021G,"Iogurte, natural, Vigor,",Leite e derivados,63,3.97,7.61,1.82,0.00
C1055F,"Carne, porco, vísceras, cozido, s/ óleo, s/ sal (média de diferentes tipos), Sus ssp.,",Carnes e derivados,192,22.9,1.55,10.5,0.00
C0222C,"Suco natural, néctar, goiaba,",Frutas e derivados,53,0.30,12.1,0.07,1.20
C0263C,"Banana, madura, casca, crua, seca, Musa sp.,",Frutas e derivados,253,9.70,17.7,5.50,46.7
C0978F,"Carne, peito de frango, grelhado, à pizzaiolo , (queijo muçarela, tomate, molho de tomate (tomate, c/ óleo, cebola e alho), c/ orégano, c/ sal),",Carnes e derivados,151,27.5,0.62,4.20,0.26
C0695B,"Berinjela recheada, c/ muçarela, c/ peito de frango, c/ sal, (berinjela grelhada, c/ muçarela, peito de frango refogado, c/ molho de tomate (tomate, c/ óleo, cebolha e alho), c/ sal),",Vegetais e derivados,100,10.9,2.10,4.82,2.10
C0492B,"Salada, beterraba, cozida, s/ óleo, s/ sal,",Vegetais e derivados,27,1.23,4.25,0.09,2.04
C0054L,"Lanche brasileiro (pão francês, c/ margarina, c/ sal, c/ café, infusão 10%, c/ açúcar),",Miscelâneas,104,2.42,16.4,3.06,0.50
C0521A,"Arroz com frutos do mar, c/ arroz polido, s/ sal, (arroz polido, c/ camarão, lula, mexilhão, tomate, pimentão amarelo e vermelho, c/ óleo, cebola e alho, s/ sal),",Cereais e derivados,118,8.70,14.7,2.45,1.16
C0010J,"Ovo, galinha, inteiro, cozido, s/ sal (média de várias amostras),",Ovos e derivados,125,10.4,1.38,8.70,0.00
C0871A,"Bolinho de chuva, frito, c/ açúcar e canela, (farinha de trigo, leite, ovo, fermento químico, óleo para fritura, açúcar e canela),",Cereais e derivados,342,8.17,60.0,7.37,1.55
C0210C,"Suco natural, tamarindo, c/ açúcar,",Frutas e derivados,93,0.82,21.4,0.11,1.61
C0480A,"Torrada, trigo, tradicional, c/ requeijão,",Cereais e derivados,357,11.0,49.2,12.8,0.85
C0033D,"Patê, peito de peru, defumado, vidro, Sadia,",Gorduras e óleos,223,7.66,2.73,20.1,0.00
C0114E,"Peixe, água doce, filé, cozido, c/ molho de tomate (tomate, c/ óleo, cebola e alho), s/ sal (média de 7 espécies),",Pescados e Frutos do mar,119,17.6,0.82,4.95,0.51
C0227T,"Purê, ervilha, c/ manteiga, leite, s/ sal, Purê ervilha,",Leguminosas e derivados,122,6.65,9.34,5.12,6.17
C0052T,"Soja, grão, torrado (média de várias amostras), Glycine max L. Merril,",Leguminosas e derivados,431,33.5,10.8,23.6,20.7
C0812F,"Linguiça, frango, fresca, frita (c/ óleo de soja), s/ sal,",Carnes e derivados,240,18.3,0.00,18.5,0.00
C0019N,"Gelatina, morango, em pó, preparada, diet, Oetker,",Alimentos para fins especiais,11,1.53,1.28,0.02,
C0484B,"Pimentão, amarelo, refogado (c/ óleo, cebola e alho), c/ sal, Capsicum annuum L.,",Vegetais e derivados,63,2.38,7.66,1.77,3.46
C0081B,"Rúcula, crua, Eruca sativa L.,",Vegetais e derivados,17,2.48,0.29,0.12,2.43
C0079E,"Peixe, água salgada, tainha, filé, cozido/30 min, s/ óleo, s/ sal, Mugil cephalus,",Pescados e Frutos do mar,189,29.2,0.00,8.03,0.00
C0296A,"Sanduíche, pão francês, c/ salame, c/ margarina,",Cereais e derivados,364,14.5,33.4,18.7,1.81
C0048K,"Chocolate, ao leite, Dupy, Neugebauer,",Produtos açucarados,535,7.22,57.4,30.3,2.17
C0557A,"Sanduíche, pão forma tradicional, c/ alface, ovo mexido, muçarela, c/ sal,",Cereais e derivados,214,12.4,17.9,10.1,1.11
C0681N,"Papa de feijão carioca, abobrinha e beterraba, c/ caldo de frango, c/ cebola e azeite de oliva, c/ sal,",Alimentos para fins especiais,61,2.54,4.91,2.69,3.29
C0141N,"Papa de banana e mamão, s/ açúcar,",Alimentos para fins especiais,76,0.92,16.7,0.22,2.03
C0207T,"Hambúrguer de soja, grelhado, c/ óleo de soja, c/ sal, (proteína texturarizada de soja (hidratada com caldo de legumes), farinha de rosca, farinha de trigo, ovo, salsinha e cebolinha, cebola e alho, pimenta-do-reino, c/ óleo de soja, c/ sal),",Leguminosas e derivados,212,22.1,21.7,3.18,4.32
C0009B,"Alface, crua, Lactuca sativa L.,",Vegetais e derivados,9,1.08,0.00,0.12,1.87
C0018B,"Cebola, branca, crua, Allium cepa L.,",Vegetais e derivados,41,1.76,7.16,0.13,2.04
C0560B,"Salada, tomate, c/ molho de salada - salsa, vinagre de maçã, azeite de oliva, c/ sal,",Vegetais e derivados,48,1.06,2.37,3.48,1.53
C0060L,"Molho para carne, roti, c/ sal, (caldo de carne, água, vinho tinto, farinha de trigo, manteiga, tomilho, c/ pimenta-do-reino, c/ sal),",Miscelâneas,170,1.56,7.82,12.7,0.93
C0014T,"Feijão, roxo, cozido (50% grão e 50% caldo), s/ óleo, s/ sal, Phaseolus vulgaris L.,",Leguminosas e derivados,56,5.72,1.39,0.54,11.5
C0648A,"Capeleti, c/ peito de frango refogado, c/ molho de tomate, caseiro, c/ sal, (massa com farinha de trigo, peito de frango refogado, c/ molho de tomate (tomate, c/ óleo, cebolha e alho), c/ sal),",Cereais e derivados,144,7.41,22.5,2.31,1.67
C0516A,"Arroz com peixe, c/ arroz polido, c/ sal, (arroz polido, c/ peixe (água salgada, cação), tomate, pimentão amarelo e vermelho, c/ óleo, cebola e alho, c/ sal),",Cereais e derivados,113,6.03,15.2,2.79,1.34
C0476B,"Pimentão, amarelo, assado, s/ óleo c/ sal, Capsicum annuum L.,",Vegetais e derivados,27,1.25,3.96,0.32,1.87
C0226T,"Purê, ervilha, c/ manteiga, leite, c/ sal,",Leguminosas e derivados,119,6.64,9.34,4.71,6.17
C0399F,"Carne, boi, lingua, cozida, c/ cenoura e ervilha, c/ molho de tomate (tomate, c/ óleo, cebola e alho), c/ sal,",Carnes e derivados,185,11.9,3.29,13.5,1.54
C0040N,"Queijo, requeijão, light, Danúbio,",Alimentos para fins especiais,182,13.0,1.60,13.7,0.00
C0373A,"Sanduíche, peito de frango grelhado (c/ pão de hambúrguer), c/ alface e tomate,",Cereais e derivados,209,9.26,27.9,6.39,1.56
C0115H,"Bebida, capuccino tradicional (leite integral, café descafeinado - infusão e canela em pó), c/ açúcar,",Bebidas,69,2.02,10.1,2.18,0.53
C0045G,"Leite, vaca, integral, orgânico,",Leite e derivados,61,3.30,4.12,3.50,0.00
C1081B,"Salada, cenoura e broto de feijão cozidos, c/ azeite de oliva, c/ sal,",Vegetais e derivados,61,2.57,5.02,2.83,2.40
C0317B,"Batata, baroa (mandioquinha, batata salsa), s/ casca, frita, c/ sal,",Vegetais e derivados,230,1.36,27.4,12.2,2.80
C0144G,"Requeijão, caseiro, c/ sal , (leite integral, suco de limão, manteiga, c/ sal),",Leite e derivados,498,13.6,29.6,36.1,0.35
C0130K,"Torrone, c/ amêndoas,",Produtos açucarados,391,3.33,89.1,1.67,3.30
C0342A,"Sanduíche, pão forma integral, c/ peito de peru defumado, queijo muçarela, c/ maionese,",Cereais e derivados,246,14.2,18.9,12.2,2.03
C0345E,"Crustáceo, camarão, s/ casca, refogado (c/ óleo, cebola e alho), c/ sal, Penaeus brasiliensis,",Pescados e Frutos do mar,93,17.1,0.61,2.41,0.13
C0904A,"Macarrão, trigo cozido, com ovo mexido, c/ toucinho defumado (bacon), s/ sal,",Cereais e derivados,164,6.84,18.9,6.68,0.64
C0177C,"Açaí, polpa, c/ xarope de guaraná, glucose, c/ granola caseira, (aveia em flocos, flocos de milho, semente de chia e linhaça, coco, mel, oleagionosas - noz, castanha de caju e Brasil, amêndoa e avelã, damasco seco, uva passa, c/ óleo de milho, c/ canela),",Frutas e derivados,177,2.71,26.6,5.94,2.94
C0080B,"Repolho, roxo, cru, Brassica oleracea var. capitata,",Vegetais e derivados,22,1.22,3.19,0.06,1.68
C0520N,"Papa de carne bovina moída (patinho), macarrão e brócolis, c/ caldo de carne, c/ cebola e azeite de oliva, c/ sal,",Alimentos para fins especiais,94,2.79,14.5,2.48,1.27
C0801F,"Carne, bovina, fraldinha, c/ gordura, grelhada/assada, s/ óleo, s/ sal, Bos taurus,",Carnes e derivados,239,21.7,0.00,16.9,0.00
C0499F,"Sopa, peito de frango, c/ vegetais, c/ sal, (peito de frango, c/ cenoura, chuchu, abóbora e batata, c/ caldo de frango, c/ óleo, cebola e alho, c/ sal),",Carnes e derivados,63,8.84,2.70,1.66,0.79
C0675A,"Polenta, c/ molho de tomate (tomate, c/ óleo, cebola e alho), c/ peito de frango refogado, c/ sal,",Cereais e derivados,105,6.20,14.7,1.98,1.67
C0475N,"Papa de carne bovina moída (patinho) e abóbora cabotian (japonesa), c/ caldo de frango, c/ cebola e azeite de oliva, s/ sal,",Alimentos para fins especiais,118,14.2,3.58,5.01,1.02
C0156B,"Berinjela, c/ casca, grelhada, s/ óleo, s/ sal, Solanum melongena L.,",Vegetais e derivados,23,1.26,2.35,0.16,3.36
C0444N,"Papa de carne bovina moída (acém), cenoura e batata baroa (mandioquinha, batata salsa), c/ caldo de carne, c/ cebola e óleo de soja, s/ sal,",Alimentos para fins especiais,114,10.2,4.54,5.94,0.92
C0408F,"Carne, boi, maminha, grelhada, c/ molho de mostarda (creme de leite, suco de limão e mostarda), s/ sal,",Carnes e derivados,156,24.9,2.23,5.31,0.03
C0227A,"Bolo, coco, simples, caseiro, (farinha de trigo, ovo, leite integral, óleo de soja, coco, açúcar e fermento químico),",Cereais e derivados,377,5.58,43.8,19.6,1.16
C0703B,"Alcaparra, conserva, drenada, Capparis spinosa,",Vegetais e derivados,37,2.36,4.89,0.86,0.00
C0099G,"Bebida, leite desnatado, c/ cacau em pó (10%), c/ açúcar,",Bebidas,69,4.46,7.09,1.67,3.70
C0278T,"Grão de bico, cozido (50% grão e 50% caldo), c/ óleo de soja, cebola e alho, c/ sal,",Leguminosas e derivados,70,3.90,7.22,2.03,3.86
C0701B,"Cogumelo, Paris, cozido, drenado, s/ óleo, c/ sal, Agaricus bisporus,",Vegetais e derivados,30,2.17,3.09,0.47,2.20
C0970F,"Carne, bovina, contra-filé de costela, grelhada, s/ óleo, c/ sal, Bos taurus ,",Carnes e derivados,267,29.7,0.44,16.3,0.00
C0038A,"Biscoito, doce, amanteigado, manteiga, Bauducco,",Cereais e derivados,472,7.16,73.3,16.7,0.00
C0098F,"Carne, frango, preparada, s/ sal (média de diferentes preparos), Gallus gallus,",Carnes e derivados,196,28.0,0.57,9.12,0.00
C0533F,"Carne, frango, caipira, inteiro, c/ pele, cozida, salsa, c/ molho de tomate (tomate, c/ óleo, cebola e alho), c/ pimenta-do-reino, c/ sal,",Carnes e derivados,196,17.3,1.64,13.2,0.82
C0855F,"Carne, boi, miolo, cozida, s/ óleo, c/sal,",Carnes e derivados,186,31.8,0.00,6.55,0.00
C1098B,"Farofa, vegana, c/ farinha de milho, c/ sal, (farinha de milho, tofu, pimentão, tomate, cenoura, azeitona preta, salsinha e cebolinha, páprica, c/ óleo de soja, cebola e alho, c/ sal),",Vegetais e derivados,106,2.34,9.51,6.15,2.02
C0540E,"Peixe, água salgada, anchova (aliche), em conserva (sólidos drenados), Engraulis encrasicolus,",Pescados e frutos do mar,203,28.9,0.00,9.71,0.00
C0244F,"Carne, boi, acém, moída, refogada (c/ óleo, cebola e alho), s/ sal,",Carnes e derivados,216,25.9,0.80,12.2,0.13
C0533E,"Peixe, água doce, Tucunaré, ensopado (c/ tomate e pimentão), c/ óleo de soja, cebola e alho, c/ sal, Cichla ocellaris,",Pescados e frutos do mar,102,18.6,1.01,2.57,0.29
C0045E,"Peixe, água salgada, cação posta, frito, c/ farinha de trigo, s/ sal,",Pescados e Frutos do mar,201,25.0,2.56,9.95,0.54
C0511E,"Peixe, água doce, Pirarucu, cultivado em Rondonia, à milanesa (a partir do peixe fresco), s/ sal, (peixe, água doce, pirarucu, farinha de trigo, farinha de rosca, ovo, frito (c/ óleo de soja), s/ sal) (média de peixes com diferentes pesos e cortes), Arapaima gigas,",Pescados e frutos do mar,255,23.9,14.0,11.4,0.71
C0679N,"Papa de feijão preto, abobrinha e beterraba, c/ caldo de frango, c/ cebola, s/ óleo, c/ sal,",Alimentos para fins especiais,36,2.50,4.01,0.28,3.88
C0120C,"Suco natural, abacaxi, banana e cenoura, c/ açúcar,",Frutas e derivados,64,0.56,14.4,0.14,1.26
C0030F,"Carne, boi, contra-filé de costela, grelhada, s/ óleo, s/ sal, Bos taurus,",Carnes e derivados,268,29.9,0.44,16.3,0.00
C1084A,"Sanduíche, pão forma integral, c/ margarina, s/ sal,",Cereais e derivados,350,7.54,30.9,21.0,3.78
C0143T,"Bebida, substituto do leite - extrato de soja, natural, c/ cacau em pó, s/ açúcar,",Bebidas,74,4.42,5.75,2.82,3.86
C0111K,"Marzipã, (pasta de amêndoas, c/ açúcar),",Produtos açucarados,437,7.40,58.8,18.1,4.80
C0145T,"Jardineira de carne de soja, c/ sal, (proteína de soja texturizada (hidratada com caldo de legumes), batata, cenoura, ervilha em vagem, tomate, pimentão, cheiro verde, c/ óleo, cebola e alho, c/ sal),",Leguminosas e derivados,97,10.1,9.87,1.18,3.12
C0769F,"Linguiça, frango/porco, fresca, grelhada/assada, c/ molho de tomate (tomate, c/ óleo, cebola e alho), s/ sal,",Carnes e derivados,229,16.9,1.41,17.2,0.51
C0682A,"Pizza, 4 queijos, caseira, (massa (farinha de trigo, óleo, fermento biológico, sal e açúcar), muçarela, gorgonzola, requeijão e provolone, c/ molho de tomate (tomate, c/ óleo, cebola e alho, c/ sal), c/ azeite de oliva),",Cereais e derivados,307,11.9,36.2,12.5,1.38
C1011B,"Purê, cará, c/ sal, (cará, leite, c/ manteiga, c/ sal),",Vegetais e derivados,111,1.60,14.3,4.71,2.24
C0067B,"Alfavaca, crua, Ocimum basilicum L.,",Vegetais e derivados,28,2.66,1.10,0.48,4.14
C0172T,"Feijoada vegetariana, c/ sal, (feijão preto, berinjela, pimentão, batata, cenoura, chuchu, vagem, abobrinha, c/ óleo de soja, cebola e alho, c/ sal),",Leguminosas e derivados,50,2.48,5.18,1.18,4.47
C0432F,"Carne, boi, paleta, s/ gordura, cozida, c/ óleo, cebola e alho, s/ sal,",Carnes e derivados,189,28.2,0.61,8.14,0.14
C1035A,"Cuscuz de arroz, c/ coco e leite de coco, c/ açúcar, (farinha de arroz, leite, leite de coco, coco ralado, c/ açúcar, c/ sal),",Cereais e derivados,339,4.46,40.3,13.2,5.22
C0031K,"Quindim, (ovo de galinha, açúcar, coco ralado e margarina),",Produtos açucarados,418,4.74,43.1,24.4,3.22
C0478A,"Torrada, trigo, tradicional, c/ margarina,",Cereais e derivados,447,8.61,53.8,21.6,0.96
C0750F,"Carne, frango, asa, c/ pele, cozida, c/ molho de tomate (tomate, c/ óleo, cebola e alho), c/ sal, Gallus gallus,",Carnes e derivados,193,17.1,0.82,13.3,0.51
C0063R,"Sagu, morango, mistura p/, Ducoco,",Alimentos industrializados,384,0.28,95.7,0.00,
C0002R,"Bolo, baunilha, mistura p/, Oetker,",Alimentos industrializados,367,6.60,82.8,0.70,1.37
C1010B,"Cenoura e ervilha, refogado (c/ óleo, cebola e alho), c/ salsa, s/ sal,",Vegetais e derivados,63,3.95,6.44,1.34,4.63
C0510A,"Arroz caipira, c/ arroz polido, s/ sal, (arroz polido, c/ frango, tomate, toucinho defumado (bacon), c/ óleo, cebola e alho, s/ sal),",Cereais e derivados,185,11.1,16.2,8.15,1.04
C0037J,"Omelete, vegetais, c/ sal, (ovo de galinha, c/ vegetais - cenoura, abobrinha, tomate, brócolis, salsa, cebolinha, c/ óleo, cebola e alho, c/ sal),",Ovos e derivados,126,8.29,2.45,9.06,0.68
C0035D,"Banha, suína,",Gorduras e óleos,900,0.00,0.00,100.0,0.00
C0716A,"Arroz ao molho pardo (arroz de cabidela), c/ arroz polido, c/ sal, (arroz polido, frango, sangue de frango, cheiro verde, c/ vinagre de maçã, c/ óleo, cebola e alho, c/ sal),",Cereais e derivados,155,13.1,13.3,5.35,0.72
C0087H,"Bebida, capuccino tradicional (leite desnatado, café - infusão 10% e canela em pó), c/ açúcar,",Bebidas,55,2.23,10.6,0.27,0.53
C0464A,"Risoto de rúcula com tomate seco, c/ arroz polido, c/ sal, (arroz polido, rúcula, tomate seco, vinho branco, c/ azeite de oliva, cebola e alho, c/ sal),",Cereais e derivados,213,1.95,19.6,13.2,1.38
C0508A,"Canapé, cream cheese e presunto parma, (torrada, trigo, tradicional, cream cheese, presunto parma, páprica, c/azeite de oliva),",Cereais e derivados,314,14.1,24.2,17.7,0.52
C0589B,"Salada, alface lisa, s/ óleo, s/ sal,",Vegetais e derivados,13,1.69,0.10,0.12,2.33
C0018R,"Gelatina, cereja, em pó, Ducoco,",Alimentos industrializados,392,8.86,89.2,0.00,0.08
C0754F,"Carne, boi, fígado, à milanesa (ovo e farinha de rosca), frita (c/ óleo de soja), s/ sal, Bos taurus,",Carnes e derivados,273,20.5,13.6,15.1,0.48
C0197T,"Feijão, preto, cozido (50% grão e 50% caldo), c/ carne de boi, charque (jaba, carne seca, carne de sol), c/ óleo, cebola e alho, s/ sal,",Leguminosas e derivados,129,4.05,7.59,7.63,6.69
C0043N,"Papa de batata doce e maçã, s/ açúcar,",Alimentos para fins especiais,92,0.85,20.3,0.18,2.74
C0062F,"Carne, boi, costela, crua, Bos taurus,",Carnes e derivados,353,16.7,0.00,31.8,0.00
C0640B,"Salada, brócolis, cozido, c/ óleo de soja, c/ sal,",Vegetais e derivados,78,2.54,1.09,6.37,3.08
C0216E,"Peixe, água salgada, filé/posta, cozido, drenado, s/ óleo, s/ sal (média de várias espécies),",Pescados e Frutos do mar,114,21.6,0.00,3.08,0.00
C0009H,"Bebida alcoólica, cerveja, Pilsen,",Bebidas,41,0.56,3.34,,0.00
C0201N,"Papa de feijão preto, ovo e macarrão, c/ caldo de frango, c/ cebola e óleo de soja, c/ sal,",Alimentos para fins especiais,94,5.18,6.16,4.64,3.19
C0049L,"Guaraná, em pó,",Miscelâneas,377,16.5,71.6,2.76,0.00
C0288F,"Carne, boi, quarto traseiro, s/ gordura, grelhada, c/ molho de mostarda (creme de leite, suco de limão e mostarda), s/ sal,",Carnes e derivados,218,25.9,2.48,11.7,0.03
C0433E,"Peixe, água salgada, corvina do mar, à milanesa (farinha de rosca e ovo), frito (c/ óleo de soja), s/ sal, Micropogonias furnieri,",Pescados e Frutos do mar,272,23.6,14.7,13.0,0.96
C0020N,"Molho, italian, light, Kenko,",Alimentos para fins especiais,291,0.50,13.2,26.2,0.00
C0884F,"Carne, frango, peito, cozida, c/ molho escuro (farinha de trigo, molho shoyu, salsa, c/ caldo de vegetais, c/ pimenta-do-reino, c/ manteiga, c/ cebola), c/ sal,",Carnes e derivados,177,23.1,3.25,7.82,0.50
C0185C,"Açaí, solteiro, polpa,",Frutas e derivados,57,0.78,0.71,4.58,4.91
C0851B,"Torta de batata com frango, c/ sal, (batata inglesa, leite, amido de milho, ovo, manteiga, peito de frango, tomate, salsa e queijo parmesão, c/ óleo, cebola e alho, c/ sal),",Vegetais e derivados,133,10.3,8.78,6.01,1.03
C0471A,"Sanduíche, pão francês, c/ peito de peru defumado,",Cereais e derivados,234,13.5,38.0,2.75,1.63
C0433F,"Carne, boi, paleta, s/ gordura, cozida, c/ ervilha e cenoura, c/ molho de tomate (tomate, c/ óleo, cebola e alho), c/ sal,",Carnes e derivados,123,16.0,3.29,4.77,1.54
C0141E,"Peixe, água salgada, cação, posta, ensopado (c/ cebola, tomate e pimentão), c/ óleo, c/ sal, Carcharhinus spp.,",Pescados e Frutos do mar,140,18.7,2.97,5.76,0.51
C0757F,"Carne, boi, fígado, refogada (c/ óleo, cebola e alho), c/ sal, Bos taurus,",Carnes e derivados,193,21.7,7.89,8.23,0.13
C0149F,"Carne, ovino, capão, meia carcaça, crua,",Carnes e derivados,157,20.4,0.86,8.00,0.00
C0481A,"Torrada, trigo, integral, c/ requeijão,",Cereais e derivados,359,12.0,47.9,13.2,0.47
C0272C,"Jaca, cozida, temperada, c/ sal, (jaca, tomate, cebolinha e salsinha, pimenta do reino, c/ óleo de soja, cebola e alho, c/ sal),",Frutas e derivados,104,1.63,20.4,1.24,2.55
C0193E,"Peixe, água salgada, merluza, à milanesa (ovo e farinha de rosca), frito (c/ óleo de soja), c/ sal, Merlucius hubbsi,",Pescados e Frutos do mar,263,21.8,13.1,13.5,0.96
C0409N,"Papa de batata, cenoura e carne bovina moída (patinho), c/ caldo de carne, c/ cebola, s/ óleo, s/ sal,",Alimentos para fins especiais,100,13.3,5.26,2.62,1.12
C0036K,"Torta, mousse , maracujá, Sadia,",Produtos açucarados,194,3.36,36.0,4.02,0.11
C0981A,"Quesadillas, c/ carne, (tortilla de farinha de trigo tostada (c/ azeite de oliva), filé mignon, molho de tomate, queijo muçarela e cheddar, salsa, páprica, pimenta-do-reino, c/ óleo, cebola e alho, c/ sal),",Cereais e derivados,295,16.0,23.9,14.6,1.97
C0094H,"Bebida, café descafeinado - infusão 10% - intenso, c/ leite desnatado (meio a meio), ""média"", c/ açúcar,",Bebidas,49,1.60,3.27,0.34,0.43
C0066E,"Peixe, água salgada, salmão, filé, c/ pele, fresco, grelhado, s/ óleo, s/ sal,",Pescados e Frutos do mar,222,23.9,0.03,14.0,0.00
C0880B,"Batata, doce, s/ casca, assada, salsa, c/ manteiga, c/ pimenta-do-reino, s/ sal,",Vegetais e derivados,175,2.08,29.5,4.57,3.67
C0419F,"Carne, boi, miolo de alcatra, s/ gordura, grelhada, c/ manteiga, s/ sal,",Carnes e derivados,297,28.8,2.50,19.1,0.00
C0641F,"Carne, boi, coxão mole, s/ gordura, cozida, s/ óleo, c/ sal, Bos taurus,",Carnes e derivados,209,32.2,0.00,8.87,0.00
C0648B,"Salada, brócolis cozido, tomate, queijo minas, azeitona, cebola, s/ óleo, s/ sal,",Vegetais e derivados,99,4.81,2.62,7.10,2.22
C0162A,"Pastel, massa fresca, cru, caseiro, (farinha de trigo, margarina, água e sal),",Cereais e derivados,304,6.90,56.0,5.48,1.41
C0909B,"Mandioca (aipim, macaxeira), frita, c/ sal, Manihot esculenta Crantz.,",Vegetais e derivados,303,1.38,48.2,11.2,1.86
C0244T,"Hambúrguer de grão de bico, grelhado, c/ azeite de oliva, c/ sal, (grão de bico, farinha de trigo, páprica, pimenta-do-reino, c/ azeite de oliva, cebola e alho, c/ sal),",Leguminosas e derivados,154,7.18,17.5,4.66,6.54
C0051F,"Carne, boi, cupim, cru, Bos taurus,",Carnes e derivados,214,19.4,0.00,15.2,0.00
C0008L,"Molho, agridoce, Kenko,",Miscelâneas,132,0.40,31.3,0.40,0.90
C0226B,"Abóbora, moranga, s/ casca, s/ semente, cozida, drenada, c/ óleo de soja, c/ sal,",Vegetais e derivados,38,1.18,1.53,2.52,2.36
C0223T,"Feijão preto, c/ toucinho defumado (bacon), c/ óleo, cebola e alho, s/ sal,",Leguminosas e derivados,199,8.97,4.90,14.5,6.44
C0159C,"Suco, pêssego, enlatado, em calda,",Frutas e derivados,34,0.35,7.93,,0.51
C0077A,"Bolo, mandioca (aipim, macaxeira), mistura p/,  preparado,",Cereais e derivados,322,4.42,47.2,12.7,0.69
C1053A,"Sonho, assado, c/ recheio de brigadeiro, c/ cobertura de chocolate, (farinha de trigo, ovo, margarina, leite, leite condensado, chocolate, sal, fermento químico, óleo de soja para fritura, c/ açúcar),",Cereais e derivados,256,6.18,41.8,6.84,1.22
C1154A,"Quiche lorraine, assado, c/ sal (massa brise (farinha de trigo, manteiga, gema, leite, c/ açúcar, c/ sal), creme de leite, ovo, queijo parmesão, toucinho defumado (bacon), noz moscada, c/ sal),",Cereais e derivados,376,6.16,19.0,30.2,1.65
C0858A,"Arroz à grega, c/ arroz integral, s/ sal, (arroz integral, c/ cenoura, vagem, pimentão verde, uva passa, c/ óleo, cebola e alho, s/ sal),",Cereais e derivados,119,2.21,20.4,2.64,2.28
C0974F,"Carne, quelônio, Tracajá, c/ arroz polido, c/ sal, (carne, quelônio, Tracajá, arroz polido, alho, cebolinha, cúrcuma, s/ óleo, c/ sal),",Carnes e derivados,150,11.5,12.8,1.35,1.33
C0195B,"Salada, berinjela, c/ casca, cozida, c/ molho vinagrete (tomate, cebola, salsinha, vinagre e óleo), s/ sal, Solanum melongena L.,",Vegetais e derivados,49,0.82,4.40,2.71,1.64
C0680N,"Papa de feijão preto, abobrinha e beterraba, c/ caldo de frango, c/ cebola, s/ óleo, s/ sal,",Alimentos para fins especiais,36,2.50,4.03,0.28,3.89
C0796F,"Carne, cabrito, crua (média de diferentes cortes e raças), Capra ssp,",Carnes e derivados,113,19.6,0.00,3.83,0.00
C0466E,"Peixe, linguado, assado/grelhado, c/ molho de limão (manteiga, suco de limão, farinha de trigo, cebola), c/ sal, Pleuronectoidei spp.,",Pescados e Frutos do mar,167,20.2,2.36,8.50,0.15
C0207K,"Geladinho (sacolé, dindim), c/ polpa congelada, água, amido de milho, c/ açúcar,",Produtos açucarados,30,0.05,7.28,0.01,0.03
C0606B,"Salada, espinafre refogado, tomate, queijo minas, noz, c/ molho de salada - salsa, vinagre de maçã, azeite de oliva, c/ sal,",Vegetais e derivados,193,6.23,3.47,16.7,2.31
C0281A,"Sanduíche, queijo quente, pão branco tradicional, c/ queijo prato, c/ margarina,",Cereais e derivados,329,14.4,24.3,19.0,1.34
C0911A,"Macarrão, trigo integral cozido, c/ molho pesto (azeite de oliva, queijo parmesão, manjericão, noz, alho, c/ pimenta-do-reino), c/ sal,",Cereais e derivados,229,6.31,17.9,14.0,3.21
C0186F,"Linguiça, frango, crua, Sadia,",Carnes e derivados,122,17.5,0.67,5.52,
C0196N,"Papa de carne bovina moída (acém), macarrão e brócolis, c/ caldo de frango, c/ cebola e óleo de soja, s/ sal,",Alimentos para fins especiais,126,11.8,4.86,6.37,0.93
C0151G,"Patê de cebola, caseiro , (cebola, creme de leite, maionese, requeijão, cebolinha e salsinha, pimenta-do-reino, c/ sal),",Leite e derivados,220,4.65,4.66,20.2,0.45
C1056B,"Purê, cenoura, c/ manteiga, leite, c/ sal,",Vegetais e derivados,56,0.77,2.40,4.39,1.85
C0283C,"Pera, cozida, c/ manteiga, c/ açúcar e canela,",Frutas e derivados,99,0.47,16.2,2.83,3.44
C0217T,"Vagem, refogada (c/ óleo, cebola e alho), c/ molho shoyu,",Leguminosas e derivados,49,2.68,4.54,1.46,3.47
C0534B,"Salada, pimentão verde, cru, c/ azeite de oliva, c/ sal,",Vegetais e derivados,100,0.83,2.52,9.31,1.44
C1009F,"Carne, rã, coxa e dorso, cozida, c/ óleo de soja, c/ sal, Rana catesbeiana,",Carnes e derivados,141,21.7,2.70,4.86,0.00
C0375B,"Salada, Waldorf, (aipo (salsão), maçã verde, nozes, uva passa, maionese, creme de leite, c/ sal),",Vegetais e derivados,158,2.23,14.2,9.81,2.26
C0390N,"Papa de carne bovina moída (acém), fubá e couve, c/ caldo de carne, c/ cebola e óleo de soja, s/ sal,",Alimentos para fins especiais,128,10.8,7.03,6.13,0.91
C0366F,"Carne, boi, coxão duro (chã de fora), s/ gordura, cozida, c/ óleo, cebola e alho, c/ sal,",Carnes e derivados,210,30.3,0.56,9.58,0.12
C0007U,"Pinhão, cozido, s/ sal, Araucaria angustifolia (Bertol.) Kuntze,",Sementes e Oleaginosas,175,3.15,33.1,1.00,10.7
C0013D,"Margarina, c/ óleo interesterificado (65% lipídeos), s/ sal,",Gorduras e óleos,604,,0.00,67.1,0.00
C0225A,"Pizza, muçarela, caseira, assada, (massa (farinha de trigo, óleo, fermento biológico, sal e açúcar), queijo muçarela, c/ molho de tomate (tomate, c/ óleo, cebola e alho, c/ sal), c/ azeite de oliva),",Cereais e derivados,283,12.2,31.7,11.6,1.48
C0132E,"Peixe, água salgada, atum, cozido, drenado, s/ óleo, c/ sal, Thunnus thynnus,",Pescados e Frutos do mar,137,31.8,0.00,1.05,0.00
C0507F,"Arrumadinho de frango, c/ sal, (peito de frango refogado, tomate, salsa, creme de milho, c/ óleo, cebola e alho, c/ sal),",Carnes e derivados,153,15.9,8.45,5.99,0.90
C0025N,"Pudim, chocolate, mistura p/, diet, Ducoco,",Alimentos para fins especiais,337,3.65,77.1,0.00,6.86
C0034L,"Sal rosa, Himalaia,",Miscelâneas,0,0.00,0.00,0.00,0.00
C0696A,"Cuscuz, legumes, c/ sal, (farinha de milho, pimentão amarelo e vermelho, ervilha e palmito em conserva, salsa, cebolinha, azeitona, tomate, ovo cozido, c/ molho de tomate (tomate, c/ óleo, cebola e alho), c/ sal),",Cereais e derivados,95,2.72,12.9,3.17,2.32
C0159A,"Pão, trigo, p/ hot dog,",Cereais e derivados,292,10.1,51.0,4.63,2.95
C0006F,"Apresuntado, cozido (média de diferentes marcas),",Carnes e derivados,126,14.5,4.05,5.71,
C0403B,"Salada, folhas e vegetais, c/ azeite de oliva e c/ sal, (rúcula, tomate seco, c/ azeite de oliva, c/ sal),",Vegetais e derivados,255,1.93,9.12,22.9,2.31
C0873B,"Madioca (aipim, macaxeira), s/ casca, cozida, salsa, s/ óleo, c/ pimenta-do-reino, s/ sal,",Vegetais e derivados,120,0.68,27.9,0.25,1.83
C0657N,"Papa de carne bovina moída (patinho), fubá e espinafre, c/ caldo de carne, c/ cebola, s/ óleo, c/ sal,",Alimentos para fins especiais,111,13.8,7.09,2.86,0.85
C0357N,"Papa de carne bovina moída (patinho), fubá e espinafre, c/ caldo de frango, c/ cebola e azeite de oliva, c/ sal,",Alimentos para fins especiais,61,1.84,7.38,2.36,1.47
C0379F,"Carne, boi, filé mignon, s/ gordura, grelhada, c/ molho de mostarda (creme de leite, suco de limão e mostarda), s/ sal,",Carnes e derivados,208,26.5,2.13,10.4,0.03
C0388N,"Papa de maçã, c/ ameixa, s/ açúcar,",Alimentos para fins especiais,57,0.53,12.5,0.25,2.25
C0912F,"Caldo, mocotó, c/ sal, (boi, mocotó, c/ cebola, cenoura, aipo (salsão), alho-poró e alho, s/ óleo, s/ tempero, c/ sal),",Carnes e derivados,51,4.56,0.86,3.22,0.27
C0068N,"Biscoito, doce, wafer, diet/light (média de diferentes sabores),",Alimentos para fins especiais,528,3.57,62.0,28.6,4.30
C0055L,"Lanche brasileiro (leite integral, c/ pão francês),",Miscelâneas,112,4.55,16.2,3.16,0.52
C0027E,"Peixe, água doce, lambari, fresco, cru, Astyanax taeniatus parahybae,",Pescados e Frutos do mar,149,15.7,0.57,9.40,0.00
C0026E,"Peixe, água doce, lambari, congelado, frito, s/ sal, Astyanax taeniatus,",Pescados e Frutos do mar,329,28.4,2.49,22.8,0.00
C1045A,"Macarrão gratinado, c/ sal, (macarrão de trigo, queijo muçarela, peito de peru, queijo muçarela e queijo parmesão, creme de leite, orégano, c/ molho de tomate (tomate, c/ óleo, cebola e alho), c/ sal),",Cereais e derivados,148,6.26,17.1,5.87,1.07
C0362E,"Peixe, sticks, congelado, preparado,",Pescados e Frutos do mar,274,11.0,20.2,16.2,1.50
C0019G,"Iogurte, integral, pêssego,",Leite e derivados,67,2.53,8.72,2.34,0.72
C0071B,"Chicória, crua, Cichorium endivia L.,",Vegetais e derivados,12,1.14,0.56,0.14,2.20
C0139N,"Leite, vaca, fluído, s/ lactose, semi-desnatado,",Alimentos para fins especiais,59,3.15,8.27,1.50,0.00
C0304F,"Carne, boi, contra-filé, grelhado/frito, c/ molho de tomate (tomate, c/ óleo, cebola e alho), c/ sal,",Carnes e derivados,272,22.9,0.83,19.5,0.50
C0699A,"Cuscuz, marroquino (semolina), c/ amêndoa, damasco seco e uva passa, c/ sal, (semolina, amêndoa, damasco seco, uva passa, cheiro verde, pimenta-do-reino, c/ óleo, cebola e alho, c/ sal),",Cereais e derivados,206,5.46,27.4,7.44,3.58
C1079B,"Quibe com abóbora cabotian (japonesa), assado, c/ sal , (trigo para quibe (hidratado com caldo de legumes), alho, cebola, abóbora cabotian (japonesa), hortelã, pimenta do reino, c/ sal),",Vegetais e derivados,53,1.83,8.67,0.59,2.70
C0965A,"Macarrão, trigo, c/ molho aurora, c/ sal, (creme de leite, salsa, c/ pimenta-do-reino, c/ molho de tomate (tomate, c/ óleo, cebola e alho), c/ sal),",Cereais e derivados,125,3.04,19.6,3.57,1.20
C0715A,"Arroz com mexilhão (marisco lambe-lambe), c/ arroz polido, s/ sal, (arroz polido, mexilhão, tomate, pimentão vermelho, salsa, c/ molho de tomate (tomate, c/ óleo, cebola e alho), c/ pimenta-do-reino, s/ sal),",Cereais e derivados,104,6.26,12.9,2.78,1.12
C0117E,"Peixe, água doce, filé, cozido, c/ molho branco (farinha de trigo, manteiga e leite), c/ sal (média de 7 espécies),",Pescados e Frutos do mar,142,18.3,3.22,6.23,0.05
C0420B,"Salada, chicória, cenoura cozida, cebola, c/ molho vinagrete (tomate, cebola, salsa, vinagre e azeite de oliva), s/ sal,",Vegetais e derivados,33,0.87,2.62,1.68,1.96
C0626B,"Salada, rabanete, s/ óleo, s/ sal,",Vegetais e derivados,14,1.13,1.20,0.08,1.81
C0446E,"Peixe, água salgada, pescada, branca, frito (c/ óleo de soja), s/ sal, Cynoscion spp.,",Pescados e Frutos do mar,151,16.3,0.00,9.59,0.00
C0686B,"Batata suíça, c/ peito de frango, c/ sal, (batata inglesa cozida, c/ peito de frango e muçarela, c/ manteiga, c/ sal),",Vegetais e derivados,119,8.97,9.25,4.95,0.98
C0054T,"Soja, grão, orgânica, cozida, s/ sal, Glycine max L. Merril,",Leguminosas e derivados,94,7.89,4.53,4.19,3.19
C0718A,"Arroz com jambu, c/ arroz polido, c/ sal, (arroz polido, jambu, c/ óleo, cebola e alho, c/ sal),",Cereais e derivados,125,2.56,22.1,2.45,1.88
C0030J,"Omelete, c/ ovo de galinha, c/ queijo muçarela, s/ sal, (ovo de galinha inteiro, queijo muçarela, salsa, c/ óleo de soja, s/ sal),",Ovos e derivados,216,13.4,2.16,17.1,0.03
C0062C,"Limão, cravo, in natura, Citrus limoniaI Osbeck,",Frutas e derivados,22,0.32,5.25,,
C0971B,"Tucupi, com pimenta-de-cheiro, s/ óleo, c/ sal,",Vegetais e derivados,29,2.05,4.49,0.28,0.23
C0315N,"Papa de carne bovina moída (acém), fubá e couve, c/ caldo de carne, c/ cebola e óleo de soja, c/ sal,",Alimentos para fins especiais,128,10.8,7.01,6.13,0.90
C0454F,"Carne, boi, peito, s/ gordura, grelhada, c/ molho de mostarda (creme de leite, suco de limão e mostarda), s/ sal,",Carnes e derivados,302,17.9,2.09,24.7,0.03
C0255N,"Papa de peito de frango e batata baroa (mandioquinha, batata salsa), c/ caldo de frango, c/ cebola e óleo de soja, c/ sal,",Alimentos para fins especiais,110,13.2,6.32,3.36,0.71
C0059T,"Ervilha, em vagem, refogada (c/ óleo, cebola e alho), s/ sal, Pisum sativum L.,",Leguminosas e derivados,79,5.73,5.69,1.77,8.92
C1088B,"Sopa/creme, abóbora cabotian, c/ carne bovina, c/ sal, (abóbora cabotian (japonesa), carne bovina músculo, molho branco (farinha de trigo, manteiga e leite), caldo de legumes, salsinha e cebolinha, pimenta do reino, c/ óleo de soja, cebola e alho, c/ sal),",Vegetais e derivados,87,6.13,6.04,4.01,1.14
C0168F,"Carne, porco, pernil, crua, Sus ssp.,",Carnes e derivados,183,20.1,0.67,11.1,0.00
C0023F,"Carne, boi, contra-filé, grelhado/frito, s/ sal, Bos taurus,",Carnes e derivados,266,32.1,0.00,15.3,0.00
C0160N,"Papa de peito de frango, batata, abóbora cabotian (japonesa), c/ caldo de frango, c/ cebola, s/ óleo, c/ sal,",Alimentos para fins especiais,78,11.9,4.27,1.30,0.92
C0070K,"Pudim, chocolate, em pó, preparado, Oetker,",Produtos açucarados,115,3.10,19.0,3.00,
C0487B,"Pimentão, vermelho, refogado (c/ óleo, cebola e alho), s/ sal, Capsicum annuum L.,",Vegetais e derivados,59,2.08,7.78,1.48,3.08
C0232B,"Abobrinha, italiana, c/ casca, cozida, drenada, c/ óleo de soja, c/ sal,",Vegetais e derivados,35,0.96,1.28,2.61,1.47
C0178T,"Salada, grão-de-bico, c/ azeite de oliva, s/ sal, (grão-de-bico cozido, tomate, cebola, salsa, suco de limão, c/ azeite de oliva, s/ sal),",Leguminosas e derivados,98,3.93,10.7,3.53,3.68
C0055T,"Soja, proteína, texturizada, Glycine max L. Merril,",Leguminosas e derivados,336,45.9,32.5,0.62,8.46
C1080B,"Batata, cenoura e chuchu, refogados (c/ óleo de soja, cebola e alho), c/ sal,",Vegetais e derivados,42,0.90,5.86,1.26,1.73
C0527A,"Arroz com legumes, c/ arroz integral, s/ sal, (arroz integral, c/ cenoura, pimentão amarelo e vermelho, ervilha e milho em conserva, abobrinha, brócolis, c/ óleo, cebola e alho, s/ sal),",Cereais e derivados,109,2.75,16.8,2.79,2.81
C0710A,"Enroladinho de muçarela e peito de peru, caseiro, (farinha de trigo, leite, fermento biológico, muçarela, peito de peru, c/ óleo de soja, c/açúcar, c/ sal),",Cereais e derivados,225,14.2,20.7,9.44,0.52
C0193F,"Mortadela,",Carnes e derivados,269,13.7,16.1,16.6,
C0044R,"Pão de queijo, mistura p/ (média de diferentes marcas),",Alimentos industrializados,417,1.04,72.3,13.8,0.06
C0512B,"Salada, cenoura cozida, cebola, c/ óleo de soja, c/ sal,",Vegetais e derivados,82,0.83,3.32,6.81,1.99
C0406F,"Carne, boi, maminha, grelhada, c/ molho branco (farinha de trigo, manteiga e leite), c/ sal,",Carnes e derivados,224,25.7,3.30,11.8,0.05
C0644F,"Carne, boi, coxão mole, s/ gordura, à milanesa (ovo e farinha de trigo), frita (c/ óleo de soja), s/ sal, Bos taurus,",Carnes e derivados,288,25.0,7.50,17.5,0.48
C0194F,"Carne, frango, peito, s/ pele, cozida, drenada, s/ óleo, s/ sal, Gallus gallus,",Carnes e derivados,154,31.5,0.00,3.16,0.00
C0086C,"Romã, in natura, Punica granatum L.,",Frutas e derivados,61,0.40,14.7,,0.44
C0017C,"Laranja, in natura, Citrus spp.,",Frutas e derivados,45,0.90,8.81,0.24,2.02
C0486N,"Papa de carne bovina moída (patinho), cenoura e batata baroa (mandioquinha, batata salsa), c/ caldo de frango, c/ cebola e óleo de soja, s/ sal,",Alimentos para fins especiais,114,13.2,4.43,4.67,0.92
C0170E,"Peixe, água salgada, pescada, cozido, c/ molho de tomate (tomate, c/ óleo, cebola e alho), c/ sal, Macrodon oncylodon,",Pescados e Frutos do mar,111,16.4,0.00,4.91,0.51
C0982A,"Ravioli verde, c/ recheio de muçarela de búfala e manjericão, (farinha de trigo, espinafre, queijo muçarela de búfala, manjericão, c/ sal),",Cereais e derivados,166,6.98,26.6,3.13,1.50
C0016K,"Geleias (média de diferentes amostras),",Produtos açucarados,265,0.35,64.0,0.30,2.54
C0798B,"Pimenta, branca, em grão, Piper nigrum,",Vegetais e derivados,306,10.4,48.3,2.12,26.2
C0693N,"Papa de feijão carioca, abobrinha e beterraba, c/ caldo de carne, c/ cebola e óleo de soja, c/ sal,",Alimentos para fins especiais,61,2.53,4.91,2.72,3.29
C0175N,"Papa de arroz polido, abobrinha e ovo , c/ caldo de frango, c/ cebola, s/ óleo, s/ sal,",Alimentos para fins especiais,76,4.43,7.05,3.20,0.72
C0021K,"Geleia, morango, Ritter,",Produtos açucarados,249,0.32,59.8,0.29,3.23
C0093K,"Chocolate, bombom (média de diversos tipos),",Produtos açucarados,506,4.56,65.0,24.8,1.79
C0426F,"Carne, boi, músculo, s/ gordura, cozida, c/ batata e cenoura, c/ óleo, cebola e alho, s/ sal,",Carnes e derivados,239,16.1,2.58,18.1,0.68
C0634A,"Rondele, frios, c/ molho de tomate, caseiro, c/ sal, (massa com farinha de trigo, c/ muçarela, presunto, c/ molho de tomate (tomate, c/ óleo, cabola e alho), c/ sal),",Cereais e derivados,162,10.5,10.9,8.28,1.20
C0078E,"Peixe, água salgada, tainha, filé, assado/45 min, s/ óleo, s/ sal, Mugil cephalus,",Pescados e Frutos do mar,179,21.5,3.33,8.83,0.00
C0713A,"Sanduíche, pão forma tradicional, c/ peito de frango grelhado, alface americana, cenoura crua e tomate, s/ óleo, s/ sal,",Cereais e derivados,143,12.9,18.4,1.63,1.74
C0291N,"Papa de laranja, mamão e aveia em flocos, s/ açúcar,",Alimentos para fins especiais,148,5.35,23.4,2.80,3.75
C0318B,"Salada, rabanete, c/ casca, cru, c/ molho vinagrete (tomate, cebola, salsinha, vinagre e óleo), s/ sal, Raphanus sativus L.,",Vegetais e derivados,40,1.05,2.24,2.59,1.57
C0448B,"Salada, vegetais e frutas, c/ azeite de oliva, s/ sal, (alface lisa, alface roxa, rúcula, pepino, uva Itália, c/ azeite de oliva, s/ sal),",Vegetais e derivados,60,1.12,3.35,4.30,1.54
C0698A,"Cuscuz, semolina, marroquino, cozido, s/ óleo, s/ sal,",Cereais e derivados,107,3.79,21.8,0.16,1.40
C0392A,"Sanduíche, pão forma integral, c/ queijo minas, alface americana, atum em conserva, tomate, c/ molho de iogurte,",Cereais e derivados,156,11.6,13.3,5.85,1.88
C0994B,"Edamame, cozida, s/ óleo, s/ sal, Glycine max L. Merril,",Vegetais e derivados,120,11.9,3.71,5.20,5.20
C0373B,"Salada, legumes cozidos, s/ óleo s/ sal, (couve-flor, cenoura, vagem, s/ óleo, s/ sal),",Vegetais e derivados,19,0.95,2.41,0.18,2.13
C0637A,"Rondele, c/ peito de frango refogado, s/ molho, caseiro, c/ sal, (massa com farinha de trigo, peito de frango refogado (c/ óleo, cebola e alho), c/ sal),",Cereais e derivados,161,20.1,12.7,3.10,0.74
C0966A,"Macarrão, trigo, c/ molho aurora, s/ sal, (creme de leite, salsa, c/ pimenta-do-reino, c/ molho de tomate (tomate, c/ óleo, cebola e alho), s/ sal),",Cereais e derivados,126,3.05,19.6,3.62,1.21
C0918F,"Caldo de carne, c/ sal, (carne, boi, músculo, c/ cebola, cenoura, aipo, alho-poró, alho, s/ óleo, c/ sal),",Carnes e derivados,12,1.42,0.86,0.29,0.27
C0759F,"Carne, boi, fígado, grelhada, c/ molho de tomate (tomate, c/ óleo, cebola e alho), c/ sal, Bos taurus,",Carnes e derivados,188,24.1,4.17,8.22,0.51
C0864F,"Carne, caça (capivara, coelho), cozida, assada, s/ óleo, s/ sal,",Carnes e derivados,168,30.8,0.75,4.69,0.00
C0707A,"Voul-au-vent de shiitake, (massa folhada assada com gema, shiitake, creme de leite, tomilho, c/ óleo e cebola, c/ pimenta-do-reino, c/ sal),",Cereais e derivados,349,5.28,25.0,25.0,1.48
C1170A,"Arroz com grãos, c/ arroz integral, c/ sal, (arroz integral, cevada, quinoa, linhaça, gergelim, c/ óleo de soja, cebola e alho, c/ sal),",Cereais e derivados,161,4.70,19.2,6.19,4.87
C0402F,"Bife à role, s/ sal, (carne, boi, lagarto, cozida, c/ cenoura e bacon, c/ molho de tomate (tomate, c/ óleo, cebola e alho), s/ sal),",Carnes e derivados,213,22.7,1.09,13.0,0.73
C1010A,"Bolo, trigo e chocolate, c/ recheio, brigadeiro, caseiro, (bolo - farinha de trigo, achocolatado, leite, açúcar, manteiga, ovo e fermento em pó, recheio - leite condensado e chocolate),",Cereais e derivados,403,6.83,55.2,17.0,0.90
C0310B,"Mandioca (aipim, macaxeira), s/ casca, cozida, c/ molho de tomate (tomate, c/ óleo, cebola e alho), s/ sal, Manihot esculenta Crantz,",Vegetais e derivados,111,0.86,22.9,1.24,1.93
C0023N,"Pudim, baunilha, mistura p/, diet,",Alimentos para fins especiais,350,0.55,86.1,0.00,1.55
C0071T,"Ervilha, grão, fresca, cozida, drenada, s/ óleo, s/ sal, Pisum sativum L.,",Leguminosas e derivados,91,7.45,10.3,0.58,7.26
C0711A,"Arroz para sushi, vinagre de arroz, s/ óleo, c/ açúcar, c/ sal,",Cereais e derivados,139,2.38,28.2,1.57,1.25
C0013N,"Gelatina, uva, em pó, diet, Ducocco,",Alimentos para fins especiais,318,63.5,13.5,0.00,4.69
C0282C,"Pera, cozida, s/ manteiga, s/ açúcar,",Frutas e derivados,62,0.46,12.7,0.26,3.45
C0008N,"Gelatina, framboesa, em pó, diet, Oetker,",Alimentos para fins especiais,367,48.0,42.7,0.50,0.09
C0060E,"Peixe, água salgada, Manjuba, frito, c/ farinha de trigo, s/ sal,",Pescados e Frutos do mar,338,23.5,10.2,22.6,
C0540F,"Carne, frango, inteiro, ensopado, salsa, c/ molho de tomate (tomate, c/ óleo, cebola e alho), c/ pimenta-do-reino, c/ sal,",Carnes e derivados,157,18.8,1.63,8.22,0.82
C0674N,"Papa de maçã, manga e cenoura, s/ açúcar,",Alimentos para fins especiais,49,0.45,9.88,0.33,2.13
C0079H,"Bebida, café - infusão 6% - suave, c/ leite (meio a meio), ""média"", s/ açúcar,",Bebidas,35,1.67,3.46,1.64,0.00
C0246A,"Sanduíche, hambúrguer bovino grelhado (c/ pão hambúrguer), c/ maionese,",Cereais e derivados,261,9.72,30.5,10.8,1.33
C0044G,"Leite, vaca, integral, UHT (média de diferentes amostras),",Leite e derivados,65,2.35,7.16,3.04,0.00
C0109N,"Papa de feijão preto, macarrão e chicória, c/ caldo de frango, c/ cebola, c/ azeite de oliva, c/ sal,",Alimentos para fins especiais,72,3.23,7.09,2.40,4.66
C0053K,"Chocolate, branco (média de diferentes marcas),",Produtos açucarados,549,5.87,59.2,32.1,
C0014E,"Molusco, mexilhão, Sururu, cru, Mytella falcata,",Pescados e Frutos do mar,105,17.3,0.42,3.84,0.00
C0565N,"Papa de fígado bovino e cará, c/ caldo de carne, c/ cebola e azeite de oliva, s/ sal,",Alimentos para fins especiais,135,12.8,7.68,5.71,1.02
C0046E,"Peixe, água salgada, cação, cru, Prionace glauca,",Pescados e Frutos do mar,94,22.6,0.00,0.91,0.00
C0970B,"Tomate, refogado (c/ óleo de soja, cebola e alho), s/ sal,",Vegetais e derivados,33,1.05,3.75,1.31,0.80
C0504F,"Sopa, carne bovina, c/ vegetais, s/ sal, (carne bovina (músculo), c/ cenoura, chuchu, abóbora e batata, c/ caldo de carne, c/ óleo, cebola e alho, s/ sal),",Vegetais e derivados,80,8.72,2.46,3.73,0.81
C0069E,"Peixe, água salgada, sardinha, inteira, crua,",Pescados e Frutos do mar,151,19.8,5.19,5.68,0.00
C0680B,"Abóbora, cabotian (japonesa), c/ quiabo, refogado (c/ óleo, cebola e alho), c/ salsa, c/ sal,",Vegetais e derivados,48,1.51,5.43,1.61,2.79
C0342F,"Carne, boi, contra-filé de costela, grelhada,  c/ molho de tomate (tomate, c/ óleo, cebola e alho), c/ sal,",Carnes e derivados,258,24.9,1.03,17.1,0.50
C0019A,"Aveia,  farelo, cozida, s/ tempero, Avena sativa,",Cereais e derivados,94,4.18,12.0,2.31,4.11
C0346F,"Carne, boi, contra-filé, s/ gordura, grelhada, c/ molho branco (farinha de trigo, manteiga e leite), c/ sal,",Carnes e derivados,187,29.8,3.82,5.88,0.05
C0057D,"Óleo misto, c/ óleo de soja, c/ azeite de oliva,",Gorduras e óleos,900,0.00,0.00,100.0,0.00
C0055G,"Mingau, de amido de milho (maisena), c/ banana, (leite, amido de milho, c/ banana, c/ açúcar),",Leite e derivados,123,1.88,25.2,1.40,0.90
C0219A,"Macarrão, trigo, c/ ovos, c/ molho branco (leite, manteiga e farinha de trigo), s/ sal,",Cereais e derivados,140,3.98,24.0,2.89,0.69
C0033L,"Molho, salada caesar, caseiro, c/ sal, (filé de anchova, alho, molho de mostarda, molho inglês, suco de limão, vinagre de maçã, maionese, azeite de oliva, c/ sal),",Miscelâneas,248,10.6,6.55,19.9,0.41
C0774F,"Carne, frango, coração, cozida (líquido do cozimento excluído), s/ óleo, s/ sal, Gallus gallus,",Carnes e derivados,243,20.9,0.00,17.6,0.00
C0010F,"Blanquet, fatiado, cozido, Sadia,",Carnes e derivados,92,17.0,3.77,1.01,
C0893A,"Yakisoba, c/ sal, (filé mignon bovino, peito de frango, cenoura, vagem, couve-flor, acelga, macarrão instantâneo, caldo de frango, amido de milho, molho shoyu, c/ óleo de soja, c/ óleo de gergelim, c/ sal),",Cereais e derivados,122,7.48,17.1,2.59,1.05
C0170T,"Soja, proteína, texturizada, hidratada (c/ caldo de legumes), s/ sal,",Leguminosas e derivados,188,25.4,18.3,0.36,4.80
C0306E,"Sushi California, (arroz para sushi (c/ vinagre de arroz, açúcar e sal), algo nori, surimi, abacate e gergelim),",Pescados e Frutos do mar,140,7.57,18.7,2.77,5.07
C1009B,"Cenoura e ervilha, refogado (c/ óleo, cebola e alho), c/ salsa, c/ sal,",Vegetais e derivados,63,3.94,6.42,1.34,4.62
C0470B,"Pimentão, verde, cozido, drenado, s/ óleo, c/ sal, Capsicum annuum L.,",Vegetais e derivados,23,1.04,3.19,0.31,1.82
C0069R,"Sopa, carne, c/ macarrão e legumes, desidratada, Maggi,",Alimentos industrializados,364,11.8,61.0,7.40,3.00
C0791A,"Cevada, s/ casca (pérola), cozida, s/ óleo, c/ sal,",Cereais e derivados,136,5.49,22.4,1.32,6.01
C0280A,"Sanduíche, queijo quente, pão francês, c/ queijo muçarela, c/ manteiga,",Cereais e derivados,353,14.5,30.2,19.1,1.30
C0023A,"Aveia, fibras, Avena sativa,",Cereais e derivados,377,19.3,41.4,11.4,16.0
C0958B,"Salpicão, de frango, c/ sal, (peito de frango, aipo (salsão), pimentão verde, pimentão vermelho, cebola, maçã, uva passa, c/ maionese, c/ sal),",Vegetais e derivados,144,13.9,4.15,7.82,0.41
C0658N,"Papa de carne bovina moída (patinho), fubá e espinafre, c/ caldo de carne, c/ cebola, s/ óleo, s/ sal,",Alimentos para fins especiais,113,13.8,7.11,2.86,0.85
C0671A,"Bolo, laranja, simples, caseiro, (farinha de trigo, laranja pera, açúcar, ovo, manteiga e fermento químico),",Cereais e derivados,283,6.38,45.6,8.19,1.01
C0231N,"Papa de fígado bovino e batata doce, c/ caldo de frango, c/ cebola e óleo de soja, c/ sal,",Alimentos para fins especiais,140,12.6,9.11,5.70,1.05
C1113A,"Panqueca, c/ recheio de proteína de soja, c/ sal, (farinha de trigo, aveia em flocos, bebida vegetal à base de amêndoas, óleo de girassol, proteína de soja (hidratados com caldo de legumes), tomate, alho, cebola, pimenta do reino, cúrcuma em pó, c/ sal),",Cereais e derivados,206,14.3,26.6,3.93,3.39
C0102K,"Banana flambada, (sorvete, banana, suco de laranja, conhaque),",Produtos açucarados,234,0.91,46.4,3.53,1.28
C0450F,"Carne, boi, peito, s/ gordura, grelhada, c/ óleo, cebola e alho, s/ sal,",Carnes e derivados,324,21.0,0.41,26.5,0.12
C0142A,"Pamonha, milho verde, pré-cozido,",Cereais e derivados,172,2.55,28.3,4.85,2.37
C0023K,"Geleia, mocotó, natural,",Produtos açucarados,106,2.13,24.2,0.07,0.00
C0203N,"Papa de feijão preto, ovo e macarrão, c/ caldo de frango, c/ cebola e azeite de oliva, s/ sal,",Alimentos para fins especiais,94,5.18,6.18,4.65,3.19
C0551A,"Arroz com couve, c/ arroz integral, c/ sal, (arroz integral, c/ couve, c/ óleo, cebola e alho, c/ sal),",Cereais e derivados,102,2.54,15.6,2.76,2.35
C0115K,"Olho de sogra, (leite condensado, coco ralado, gema de ovo, ameixa seca, c/açúcar cristal),",Produtos açucarados,320,3.33,59.3,7.31,2.13
C0160H,"Bebida alcóolica, Amarula, caseira, (leite condensado, creme de leite, conhaque, leite, extrato de baunilha e chocolate em pó),",Bebidas,238,3.60,22.2,8.53,0.76
C0113F,"Carne, frango, peito, s/ pele, assada, s/ óleo, s/ sal, Gallus gallus,",Carnes e derivados,153,31.1,0.00,3.16,0.00
C0166E,"Peixe, água salgada, pescada, ensopado (c/ cebola, tomate e pimentão), c/ óleo, c/ sal, Macrodon oncylodon,",Pescados e Frutos do mar,157,18.0,0.16,9.30,0.51
C0549N,"Papa de carne bovina (músculo), feijão preto, batata, abóbora (jerimum) e cenoura, c/ caldo de carne, c/ cebola, s/ óleo, s/ sal,",Alimentos para fins especiais,81,10.7,3.41,2.23,2.14
C0147A,"Pão, trigo, leite, industrializado (média de diferentes marcas),",Cereais e derivados,284,8.15,50.9,4.63,2.97
C0619N,"Papa de carne bovina moída (patinho), arroz branco e brócolis, c/ caldo de frango, c/ cebola e óleo de soja, s/ sal,",Alimentos para fins especiais,124,13.2,6.38,4.88,1.05
C0043T,"Soja, extrato, bebida, natural (média de diferentes amostras), Glycine max L.,",Leguminosas e derivados,42,2.73,4.06,1.61,0.18
C0081E,"Peixe, água salgada, tainha, filé, preparado em micro-ondas, s/ óleo, s/ sal, Mugil cephalus,",Pescados e Frutos do mar,185,32.0,1.33,5.70,0.00
C0280F,"Carne, boi, quarto traseiro, s/ gordura, grelhada, c/ óleo, c/ sal,",Carnes e derivados,253,30.5,0.00,14.4,0.00
C0984A,"Ravioli verde, c/ recheio de muçarela de búfala e manjericão, c/ molho branco, c/ sal, (farinha de trigo, espinafre, queijo muçarela de búfala, manjericão, c/ molho branco (farinha de trigo, manteiga e leite), c/ sal),",Cereais e derivados,163,6.38,23.7,4.48,1.24
C0043A,"Biscoito, doce, recheado, sabores diversos (média de diferentes sabores),",Cereais e derivados,482,5.95,68.9,19.9,2.04
C0927A,"Pão, arepa, c/ fubá e milho verde, c/ queijo muçarela, (fubá, leite, ovo, manteiga, queijo muçarela, milho verde, cheiro verde, c/ óleo de soja, c/ sal),",Cereais e derivados,279,6.71,43.1,8.29,2.68
C0354B,"Abóbora, moranga, s/ casca, s/ semente, assada, s/ óleo, s/ sal,",Vegetais e derivados,26,1.81,2.34,0.21,3.60
C0501B,"Salada, cenoura, crua, c/ óleo de soja, c/ sal,",Vegetais e derivados,127,0.99,4.04,11.3,2.64
C0302B,"Batata, doce, s/ casca, assada, s/ óleo, s/ sal, Ipomoea batatas,",Vegetais e derivados,145,2.19,31.4,0.28,3.90
C0980B,"Salada, pimentão verde, c/ molho vinagrete (tomate, cebola, salsa, vinagre, azeite de oliva), c/ sal,",Vegetais e derivados,28,0.90,2.96,1.06,1.53
C0116E,"Peixe, água doce, filé, cozido, c/ molho branco (farinha de trigo, manteiga e leite), s/ sal (média de 7 espécies),",Pescados e Frutos do mar,142,18.3,3.22,6.23,0.05
C0566N,"Papa de fígado bovino e cará, c/ caldo de carne, c/ cebola, s/ óleo, c/ sal,",Alimentos para fins especiais,118,12.8,7.81,3.71,1.06
C0576F,"Churrasquinho misto (espetinho misto), c/ sal, (carne bovina (alcatra), peito de frango, carne suína (lombo), linguiça calabresa e bacon, grelhada, c/ cebola e pimentão, c/ óleo, c/ sal),",Carnes e derivados,234,24.3,1.88,14.3,0.37
C0212N,"Papa de carne bovina moída (acém), cenoura e batata baroa (mandioquinha, batata salsa), c/ caldo de frango, c/ cebola e azeite de oliva, c/ sal,",Alimentos para fins especiais,114,10.2,4.52,5.91,0.92
C0807F,"Carne, boi, cupim, frita (c/ óleo de soja), s/ sal, Bos taurus,",Carnes e derivados,357,26.9,0.00,27.7,0.00
C0469N,"Papa de peito de frango, fubá e couve, c/ caldo de frango, c/ cebola e azeite de oliva, s/ sal,",Alimentos para fins especiais,109,12.3,6.80,3.40,0.91
C0008D,"Margarina (média várias amostras, c/ e s/ sal),",Gorduras e óleos,640,,0.00,71.1,0.00
C0451N,"Papa de carne bovina moída (acém), abóbora (jerimum) e chuchu, c/ caldo de carne, c/ cebola, c/ azeite de oliva, s/ sal,",Alimentos para fins especiais,113,10.8,2.86,6.25,0.83
C0431B,"Salada, Waldorf, s/ sal, (aipo (salsão), maçã verde, nozes, uva passa, maionese, creme de leite, s/ sal),",Vegetais e derivados,166,2.18,13.8,10.9,2.12
C0607F,"Carne, boi, alcatra, frita (c/ óleo de soja), s/ sal, Bos taurus,",Carnes e derivados,286,29.4,0.00,18.7,0.00
C0949A,"Tortilha, c/ farinha de milho,",Cereais e derivados,214,5.70,38.3,2.85,6.30
C0178A,"Milho, verde, grão, assado, c/ manteiga, s/ sal,",Cereais e derivados,196,7.53,28.1,5.00,4.47
C0310F,"Carne, bovina, acém, s/ gordura, cozida, c/ batata, s/ sal,",Carnes e derivados,166,18.3,4.27,8.30,0.58
C0061A,"Biscoito, salgado, cream cracker, Tostines,",Cereais e derivados,443,11.7,65.3,14.5,2.40
C0027C,"Melancia, polpa, in natura, Citrullus spp.,",Frutas e derivados,29,0.70,6.40,0.05,0.13
C0937A,"Macarrão, arroz, cozido, s/ óleo, s/ sal,",Cereais e derivados,102,1.78,22.9,0.20,1.00
C0196K,"Bomba, c/ recheio de creme de confeiteiro (pâtissiére), c/ cobertura de chocolate, vegana, (farinha de arroz, farinha de trigo, amido de milho, água, bebida vegetal à base de soja, suco de limão, casca de limão, extrato de baunilha, chocolate, fermento químico, c/ açúcar, c/ sal),",Produtos açucarados,218,3.13,36.4,6.04,1.19
C0216B,"Aipo (salsão), refogado (c/ óleo, cebola e alho), c/ sal,",Vegetais e derivados,42,1.33,5.43,1.32,1.62
C1014F,"Carne, quelônio, tracajá, à milanesa, s/ sal, (carne, tracajá, farinha de trigo, farinha de rosca, ovo, frito (c/ óleo de soja), s/ sal), Podocnemis unifilis,",Carnes e derivados,245,23.6,14.0,10.3,0.71
C0602N,"Papa de peixe (pescada branca) e batata, c/ caldo de peixe, c/ cebola, s/ óleo, c/ sal,",Alimentos para fins especiais,73,8.57,4.23,2.29,0.65
C1055B,"Purê, inhame, c/ manteiga, leite, s/ sal,",Vegetais e derivados,121,2.26,16.6,4.74,1.36
C0476E,"Peixe, água doce, Pirarucu, cultivado em Rondonia, cozido (a partir do peixe fresco), s/ óleo, s/ sal (média de peixes com diferentes pesos e cortes), Arapaima gigas,",Pescados e frutos do mar,134,25.7,0.00,3.42,0.00
C0886F,"Carne, frango, peito, cozida, c/ molho chimichurri (páprica, alho, cebolinha, salsa, vinagre, c/ azeite de oliva), c/ sal,",Carnes e derivados,203,25.5,1.24,10.6,0.35
C0006J,"Ovo, galinha, clara, desidratada, pasteurizada,",Ovos e derivados,346,78.0,7.65,0.35,0.00
C0856A,"Macarrão, trigo, c/ salsicha, salsa, cebolinha, c/ molho de tomate (tomate, c/ óleo, cebola e alho), s/ sal,",Cereais e derivados,134,4.53,18.7,4.37,1.13
C0680A,"Pizza, salame, caseira, (massa (farinha de trigo, óleo, fermento biológico, sal e açúcar), salame, muçarela, c/ molho de tomate (tomate, c/ óleo, cebola e alho, c/ sal), c/ azeite de oliva),",Cereais e derivados,320,13.2,37.4,12.7,1.42
C0983B,"Salada, escarola, c/ molho vinagrete (tomate, cebola, salsa, vinagre, azeite de oliva), c/ sal,",Vegetais e derivados,24,1.47,1.24,1.09,1.77
C0673B,"Salada, agrião, cru, s/ óleo, s/ sal,",Vegetais e derivados,23,3.17,0.59,0.45,1.98
C0211A,"Arroz, integral, cozido, c/ óleo, cebola e alho, c/ sal,",Cereais e derivados,116,2.46,20.9,2.03,2.14
C0131G,"Espeto de queijo de muçarela de búfala, grelhado, s/ óleo,",Leite e derivados,311,21.4,3.35,23.5,0.00
C0335B,"Cenoura, s/ casca, refogada (c/ óleo, cebola e alho), c/ sal, Daucus carota L.,",Vegetais e derivados,52,1.55,6.29,1.47,3.85
C0325F,"Carne, boi, capa de contra-filé, s/ gordura, grelhada, c/ óleo e cebola, c/ sal,",Carnes e derivados,230,33.4,0.37,10.5,0.11
C0347B,"Inhame, s/ casca, assado, s/ óleo, c/ sal, Colocasia esculenta,",Vegetais e derivados,92,2.38,19.6,0.15,1.66
C0243E,"Peixe, água salgada, pescada, branca, cozido, c/ camarão, c/ molho de tomate (tomate, c/ óleo, cebola e alho), c/ sal,",Pescados e Frutos do mar,113,16.2,0.69,4.91,0.43
C0240A,"Sanduíche, cachorro quente (c/ pão hot dog e salsicha), c/ catchup, mostarda e maionese,",Cereais e derivados,227,7.43,26.2,9.93,1.41
C0588N,"Papa de carne moída bovina (patinho), feijão carioca, batata, abóbora (jerimum) e cenoura, c/ caldo de carne, c/ cebola e azeite de oliva, c/ sal,",Alimentos para fins especiais,110,12.2,3.94,4.64,1.86
C0714F,"Carne, frango, inteiro, s/ pele, grelhada/assada, s/ óleo, c/ sal, Gallus gallus,",Carnes e derivados,179,27.9,0.00,7.47,0.00
C0913A,"Arroz doce, c/ açúcar e canela, (arroz integral cozido, leite integral, c/ açúcar e canela),",Cereais e derivados,123,2.39,24.3,1.50,1.41
C0183B,"Salada, espinafre, folha, cozida, c/ molho vinagrete (tomate, cebola, salsinha, vinagre e óleo), s/ sal, Tetragonia expansa,",Vegetais e derivados,44,1.55,2.50,2.72,1.63
C0175T,"Salada, lentilha, c/ azeite de oliva, c/ sal, (lentilha cozido, tomate, cebola, pepino, salsa, suco de limão, c/ azeite de oliva, c/ sal),",Leguminosas e derivados,85,4.32,8.63,2.80,4.00
C0054A,"Biscoito, doce, wafer, recheio sabor nozes, Bauducco,",Cereais e derivados,525,4.63,67.2,26.5,0.00
C0996B,"Palmito, Juçara, conserva, drenado, Euterpe edulis,",Vegetais e derivados,22,1.79,1.18,0.40,3.15
C0197B,"Salada, cebola, cozida, c/ molho vinagrete (tomate, cebola, salsinha, vinagre e óleo), s/ sal, Allium cepa L.,",Vegetais e derivados,59,1.49,6.42,2.63,1.73
C0041N,"Queijo, requeijão, zero % gordura, Danúbio,",Alimentos para fins especiais,68,12.5,4.15,0.10,0.00
C1027F,"Carne, frango, miúdo, fígado, a milanesa, c/ sal, (carne, frango, miúdo, fígado, farinha de trigo, farinha de rosca, ovo, frito (c/ óleo de soja), c/ sal), Gallus gallus domesticus,",Carnes e derivados,260,20.6,15.6,12.7,0.71
C1172A,"Crumble de maçã, assado, vegano, (massa para crumble (farinha de trigo, aveia em flocos, granola, canela em pó, c/ óleo de milho, c/ açúcar mascavo), maçã, nozes, suco de laranja e limão, canela em pó),",Cereais e derivados,223,4.97,32.7,7.14,3.95
C0207E,"Peixe, água salgada, sardinha, filé, cozido, drenado, s/ óleo, c/ sal, Sardinella brasiliensis,",Pescados e Frutos do mar,121,23.1,0.00,3.18,0.00
C0518B,"Salada, couve crua, c/ óleo de soja, c/ sal,",Vegetais e derivados,124,2.55,1.08,11.6,2.76
C0162N,"Papa de peito de frango, batata, abóbora cabotian (japonesa), c/ caldo de frango, c/ cebola e azeite de oliva, c/ sal,",Alimentos para fins especiais,95,11.9,4.10,3.29,0.89
C0920F,"Peru, inteiro, assado, c/ manteiga, c/ sal,",Carnes e derivados,186,24.9,0.54,9.31,0.00
C0360F,"Carne, boi, acém moída, cozida, c/ vegetais - cenoura, chuchu, vagem, c/ óleo, cebola e alho, c/ sal,",Carnes e derivados,153,17.7,1.61,8.24,0.70
C0596N,"Papa de peixe (pescada branca), abóbora (jerimum), batata doce e couve, c/ caldo de peixe, c/ cebola, s/ óleo, c/ sal,",Alimentos para fins especiais,75,7.09,6.57,1.94,1.52
C0135A,"Milho, pipoca, p/ micro-ondas, natural, cru, Hikari,",Cereais e derivados,424,7.80,46.5,20.6,11.0
C0529E,"Peixe, água doce, Tucunaré, filé, assado, s/ óleo, s/ sal, Cichla ocellaris,",Pescados e frutos do mar,223,25.9,0.77,2.38,0.00
C0719F,"Carne, frango, inteiro, refogada (c/ óleo, cebola e alho), s/ sal (média de amostras c/ e s/ pele), Gallus gallus,",Carnes e derivados,237,24.0,0.61,15.3,0.14
C0074C,"Ciriguela, in natura, Spondias purpurea L.,",Frutas e derivados,76,1.40,15.0,0.36,3.90
C0848B,"Tempurá de legumes e camarão, frito, c/ sal, (camarão, cebola, pimentão, cenoura, vagem, cebolinha, farinha de trigo e ovo, frito (c/ óleo de soja), c/ sal),",Vegetais e derivados,145,2.27,8.68,10.8,1.77
C0360B,"Mandioca (aipim, macaxeira), s/ casca, cozida, assada, s/ óleo, s/ sal, Manihot esculenta Crantz,",Vegetais e derivados,184,0.98,42.9,0.37,2.71
C0288A,"Sanduíche,  queijo quente, pão francês, c/ queijo prato, c/ maionese,",Cereais e derivados,318,13.4,28.3,16.5,1.19
C0877A,"Sanduíche, pão de milho, c/ presunto e queijo processado,",Cereais e derivados,239,11.8,37.3,4.08,3.01
C0205N,"Papa de feijão preto, ovo e macarrão, c/ caldo de frango, c/ cebola, s/ óleo, s/ sal,",Alimentos para fins especiais,78,5.25,6.70,2.66,3.21
C0214K,"Bolo, chocolate, com recheio de coco , (farinha de trigo, açúcar, cacau em pó, ovo, fermento químico e coco),",Produtos açucarados,394,0.22,15.6,2.72,0.71
C0178N,"Papa de carne bovina moída (patinho), fubá e couve, c/ caldo de frango, c/ cebola e óleo de soja, s/ sal,",Alimentos para fins especiais,91,2.07,14.2,2.53,1.52
C0842F,"Carne, frango, coxa, c/ pele, assada, s/ óleo, c/ sal,",Carnes e derivados,207,28.4,0.06,10.3,0.00
C0369A,"Sanduíche, peito de frango grelhado (c/ pão de hambúrguer), c/ maionese,",Cereais e derivados,237,17.3,26.1,6.87,1.33
C0239A,"Macarrão, trigo, integral, à bolonhesa, c/ sal, (macarrão integral, carne bovina - patinho moído, tomate, cebola, alho, c/ óleo de soja),",Cereais e derivados,121,5.46,19.0,1.84,3.20
C0908A,"Macarrão, trigo integral cozido, com ovo mexido, c/ toucinho defumado (bacon), s/ sal,",Cereais e derivados,163,7.79,16.6,6.68,2.46
C0047B,"Cenoura, s/ casca, cozida, drenada, s/ óleo, s/ sal, Daucus carota L.,",Vegetais e derivados,17,0.54,2.13,0.19,2.18
C0434B,"Salada,  c/ arroz polido, s/ óleo, s/ sal, (arroz polido, aipo (salsão), pimentão verde e vermelho, salsa, azeitona preta, vinagre de maçã, s/ óleo, s/ sal),",Vegetais e derivados,87,1.75,16.3,1.32,1.47
C0050G,"Queijo, petit suisse, sabor morango,",Leite e derivados,123,5.79,18.5,2.84,
C0046T,"Soja, extrato, c/ suco de maracujá, Glycine max L.,Tonyu,",Leguminosas e derivados,65,1.50,11.8,1.20,0.34
C0184K,"Chocolate, ao leite, c/ avelã,",Produtos açucarados,559,7.14,51.5,35.5,2.30
C0133K,"Fruta cristalizada (média de diferentes tipos),",Produtos açucarados,330,0.34,81.2,0.07,1.60
C0209A,"Arroz, polido, cozido, c/ óleo, cebola e alho, c/ sal,",Cereais e derivados,138,2.40,27.9,1.59,1.27
C0130E,"Peixe, água salgada, atum, assado/grelhado, s/ óleo, c/ sal, Thunnus thynnus,",Pescados e Frutos do mar,149,34.5,0.00,1.17,0.00
C0319F,"Carne, boi, capa de contra-filé, c/ gordura, grelhada, c/ molho branco (farinha de trigo, manteiga e leite), c/ sal,",Carnes e derivados,281,25.6,3.38,18.3,0.05
C0423N,"Creme de goiaba, c/ iogurte integral, s/ açúcar,",Alimentos para fins especiais,53,2.12,6.49,1.29,3.47
C0221T,"Bolinho de vagem, frito (c/ óleo de soja), caseiro, c/ sal, (vagem, farinha de trigo, ovo, queijo parmesão, cebola, alho, frito (c/ óleo de soja), c/ sal),",Leguminosas e derivados,148,4.94,13.6,7.70,2.10
C1049A,"Pão, c/ farinha de arroz, s/ glúten, (farinha de arroz, ovo, leite, óleo de soja, sal e fermento biológico),",Cereais e derivados,267,4.31,49.6,5.65,0.47
C0170N,"Papa de arroz polido, abobrinha e ovo, c/ caldo de frango, c/ cebola e azeite de oliva, c/ sal,",Alimentos para fins especiais,93,4.39,6.75,5.19,0.70
C1025B,"Lasanha, abobrinha, c/ molho bolonhesa, caseira, c/ sal, (abobrinha grelhada, c/ queijo muçarela, c/ molho bolonhesa (carne moída - patinho, tomate, cebola, alho, c/ óleo de soja), c/ sal),",Vegetais e derivados,102,7.86,2.77,6.02,2.52
C0827B,"Tabule, c/ trigo para quibe, s/ sal, (trigo para quibe, cebola, suco de limão, pepino, tomate, salsa, hortelã, c/ azeite de oliva, s/ sal),",Vegetais e derivados,77,2.04,8.11,3.55,2.34
C0875A,"Pizza, palmito e requeijão, (massa (farinha de trigo, óleo, fermento biológico, sal e açúcar), muçarela, palmito, requeijão, c/ molho de tomate (tomate, c/ óleo, cebola e alho, c/ sal), c/ azeite de oliva),",Cereais e derivados,234,8.55,31.4,7.80,1.98
C0238F,"Carne, frango, peito, filé, à milanesa (farinha de trigo, ovo e farinha de rosca), frita em imersão (c/óleo de soja), s/ sal, Gallus gallus,",Carnes e derivados,286,25.7,14.7,13.7,0.96
C0741F,"Carne, frango, asa, c/ pele, assada, s/ óleo, s/ sal, Gallus gallus,",Carnes e derivados,234,23.2,0.00,15.6,0.00
C0061F,"Carne, boi, contra-filé, s/ gordura, crua (média de várias amostras), Bos taurus,",Carnes e derivados,153,24.0,0.87,6.00,0.00
C0942A,"Macarrão de arroz, com legumes e carne bovina, c/ molho shoyu, (macarrão de arroz, carne bovina (coxão mole), acelga, broto de feijão, pimentão, cenoura, brócolis, cogumelo Paris, cebola, cebolinha, c/ óleo de gergelim, c/ molho shoyu),",Cereais e derivados,118,8.34,10.9,4.22,1.32
C0872A,"Panqueca, peito de frango e requeijão, s/ molho, (massa - leite, farinha de trigo e ovo, c/ peito de frango refogado (c/ óleo, cebola e alho), c/ sal),",Cereais e derivados,216,19.4,9.86,10.9,0.33
C0478B,"Pimentão, verde, assado, s/ óleo, c/ sal, Capsicum annuum L.,",Vegetais e derivados,21,0.94,2.89,0.28,1.65
C0959A,"Granola, cacau, caseira, (aveia em flocos, semente de girassol, coco, mel, amêndoa, c/ óleo de milho, c/ cacau em pó),",Cereais e derivados,462,11.1,36.4,28.1,9.24
C0013H,"Bebida, chá, preto, infusão 5%, s/ açúcar,",Bebidas,3,0.00,0.63,0.00,0.00
C0478F,"Enroladinho de salsicha, caseiro, frito (c/ óleo de soja), (massa de pastel, salsicha, óleo para fritura),",Carnes e derivados,461,8.30,43.8,27.9,0.59
C0014R,"Flan, coco, em pó, Ducoco,",Alimentos industrializados,404,0.38,95.8,2.17,1.86
C0073A,"Bolo, chocolate, recheio sabor chocolate, Bauducco,",Cereais e derivados,435,6.37,53.2,21.9,0.00
C0180T,"Salada, lentilha, c/ azeite de oliva, s/ sal, (lentilha cozida, tomate, cebola, pepino, salsa, suco de limão, c/ azeite de oliva, s/ sal),",Leguminosas e derivados,85,4.33,8.65,2.81,4.01
C0094F,"Carne, cabrito, perna, crua (média de diferentes amostras), Capra hirbus,",Carnes e derivados,109,21.3,0.00,2.69,0.00
C0190A,"Cuscuz de milho, cozido, c/ sal,",Cereais e derivados,112,2.16,23.2,0.68,2.05
C0636A,"Rondele, c/ carne moída refogada, c/ molho de tomate, caseiro, c/ sal, (massa com farinha de trigo, carne bovina, acém moído, refogada, c/ molho de tomate  (tomate, c/ óleo, cebola e alho), c/ sal),",Cereais e derivados,159,13.1,10.3,7.00,1.26
C0068C,"Pitanga, in natura, Eugenia uniflora L.,",Frutas e derivados,37,0.84,6.58,0.20,2.67
C0123K,"Waffle, (farinha de trigo, amido de milho, leite, manteiga, ovos, fermento químico, c/ sal, c/ açúcar),",Produtos açucarados,339,8.13,49.4,11.8,1.42
C0067K,"Pudim, morango, em pó, preparado, Oetker,",Produtos açucarados,111,2.80,19.2,2.50,
C0684F,"Carne, porco, bisteca, grelhada/assada, s/ óleo, c/ sal, Sus ssp,",Carnes e derivados,271,28.8,0.00,17.3,0.00
C0308E,"Salmon tartare, (salmão cru, alcaparra, cebola, picles pepino, mostarda, salsa, cebolinha, gema, molho inglês, molho pimenta, c/ azeite, c/ sal),",Pescados e Frutos do mar,168,13.5,3.42,11.1,0.25
C0541F,"Carne, frango, inteiro, ensopado, salsa, c/ molho de tomate (tomate, c/ óleo, cebola e alho), c/ pimenta-do-reino, s/ sal,",Carnes e derivados,157,18.8,1.65,8.23,0.83
C0308F,"Carne, boi, acém, s/ gordura, cozida, c/ molho de tomate (tomate, c/ óleo, cebola e alho), c/ sal, Bos taurus,",Carnes e derivados,183,22.2,1.32,9.74,0.50
C0567B,"Salada, chuchu, cebola, s/ óleo, s/ sal,",Vegetais e derivados,21,0.50,3.70,0.15,1.39
C1161A,"Massa, rocambole, vegana, s/ sal, (farinha de arroz, trigo sarraceno (trigo mourisco), lentilha, salsinha e cebolinha, pimenta do reino, c/ óleo de soja, cebola e alho, s/ sal),",Cereais e derivados,188,5.42,36.1,1.75,3.29
C0973B,"Salada, beterraba cozida, c/ molho vinagrete (tomate, cebola, salsa, vinagre, azeite de oliva), c/ sal,",Vegetais e derivados,34,1.19,4.28,0.90,1.93
C0471B,"Pimentão, vermelho, cozido, drenado, s/ óleo, s/ sal, Capsicum annuum L.,",Vegetais e derivados,28,1.20,4.45,0.17,1.83
C0309N,"Papa de feijão carioca, batata, abóbora (jerimum) e cenoura, c/ caldo de frango, c/ cebola e azeite de oliva, c/ sal,",Alimentos para fins especiais,72,2.95,6.40,2.98,4.06
C0775F,"Carne, frango, coração, cozida (líquido do cozimento excluído), s/ óleo, c/ sal, Gallus gallus,",Carnes e derivados,241,20.8,0.00,17.6,0.00
C0049F,"Carne, boi, quarto dianteiro, crua (média de diferentes cortes), Bos taurus,",Carnes e derivados,149,19.7,0.07,7.79,0.00
C0298E,"Cestinha de frutos do mar, c/ massa filo assada com manteiga, c/ sal, (massa filo assada com manteiga, frutos do mar - camarão, lula e polvo, salsa, pimenta do reino, c/ óleo, cebola e alho, c/ sal),",Pescados e Frutos do mar,228,16.3,26.1,6.06,1.87
C0162F,"Carne, porco, costela, crua, Sus ssp.,",Carnes e derivados,251,18.0,0.05,19.8,0.00
C0673N,"Papa de ameixa, batata doce e banana, s/ açúcar,",Alimentos para fins especiais,84,0.97,18.8,0.12,2.47
C0002F,"Almôndega, carne, ave, industrializada, crua, c/ sal,",Carnes e derivados,202,12.8,7.09,13.6,
C0393A,"Sanduíche, pão forma integral, c/ queijo minas, alface americana, tomate, peito de peru defumado, pepino, c/ molho de iogurte,",Cereais e derivados,140,9.02,11.8,5.96,1.70
C0440B,"Salada, bacalhau com batata, c/ azeite de oliva, s/ sal, (bacalhau dessalgado cozido, batata cozida, pimentão verde e vermelho, alho, salsa, c/ azeite de oliva, s/ sal),",Vegetais e derivados,137,10.3,4.87,8.27,1.07
C0115E,"Peixe, água doce, filé, cozido, c/ molho de tomate (tomate, c/ óleo, cebola e alho), c/ sal (média de 7 espécies),",Pescados e Frutos do mar,143,18.4,3.23,6.26,0.05
C0542N,"Papa de carne bovina moída (patinho), cará e brócolis, c/ caldo de carne, c/ cebola, s/ óleo, c/ sal,",Alimentos para fins especiais,99,13.8,4.04,2.76,1.32
C0383A,"Sanduíche, baguete, c/ queijo muçarela, alface, tomate e mortadela,",Cereais e derivados,223,10.6,25.2,8.63,1.30
C0936F,"Carne, frango, coxa, c/ pele, assada, c/ molho de alecrim (vinagre de maçã, alecrim, pimenta-do-reino, c/ azeite de oliva, c/ açúcar), c/ sal,",Carnes e derivados,232,25.7,1.00,13.9,0.17
C0586A,"Panqueca, c/ frios, c/ molho de tomate, caseira, c/ sal, (massa - leite, farinha de trigo e ovo, c/ muçarela, presunto, c/ molho de tomate (tomate, c/ óleo, cebola e alho), c/ sal),",Cereais e derivados,205,12.7,10.8,12.2,0.78
C1147A,"Cuscuz de milho, cozido, c/ manteiga, c/ sal,",Cereais e derivados,175,1.98,21.0,8.85,1.85
C0489E,"Bobó de peixe, c/ sal, (mandioca (aipim, macaxeira), peixe água doce - tilápia, tomate, salsinha e cebolinha, pimentão, leite de coco, azeite de dendê, c/ caldo de camarão, c/ óleo de soja, cebola e alho, c/ sal),",Pescados e frutos do mar,110,5.37,8.92,5.70,0.88
C0601N,"Papa de peixe (pescada branca) e batata, c/ caldo de peixe, c/ cebola e azeite de oliva, s/ sal,",Alimentos para fins especiais,90,8.55,4.04,4.29,0.62
C0054R,"Pudim, coco, mistura p/ (média de diferentes marcas),",Alimentos industrializados,385,,93.2,1.41,0.68
C0182N,"Papa de peito de frango, batata baroa (mandioquinha, salsa) e cenoura, c/ caldo de frango, c/ cebola e c/ óleo de soja, c/ sal,",Alimentos para fins especiais,94,11.6,4.12,3.21,0.88
C0049G,"Queijo, fundido,",Leite e derivados,302,27.4,0.10,21.4,
C0062G,"Queijo, pasteurizado (média de diferentes amostras),",Leite e derivados,310,10.5,4.12,27.9,
C0585A,"Panqueca, c/ peito de frango refogado, s/ molho, caseira, c/ sal, (massa - leite, farinha de trigo e ovo, c/ peito de frango refogado (c/ óleo, cebola e alho, c/ sal),",Cereais e derivados,203,21.3,12.3,7.48,0.44
C0099E,"Peixe, água doce, Tilápia, filé s/ pele, cozido, s/ óleo, c/ sal, Oreochromis niloticus,",Pescados e Frutos do mar,112,23.1,0.00,2.12,0.00
C0090N,"Adoçante, aspartame, em pó,",Alimentos para fins especiais,365,2.17,89.1,0.00,0.00
C0439F,"Carne, boi, paleta, s/ gordura, cozida, c/ brócolis e cenoura, c/ óleo, cebola e alho, c/ sal,",Carnes e derivados,139,19.8,1.05,5.95,0.94
C0609A,"Macarrão, trigo, c/ molho de tomate (tomate, c/ óleo, cebola e alho) e frutos do mar (camarão, lula e mexilhão), c/ óleo, cebola e alho, c/ sal,",Cereais e derivados,130,7.12,16.4,3.34,2.89
C0150B,"Brócolis, flor, cozido, drenado, s/ óleo, c/ sal, Brassica oleracea L. var. italica,",Vegetais e derivados,27,2.71,1.16,0.54,3.28
C0524N,"Papa de carne bovina moída (patinho), macarrão e brócolis, c/ caldo de carne, c/ cebola, s/ óleo, c/ sal,",Alimentos para fins especiais,112,15.5,4.99,3.12,0.94
C0163B,"Brócolis, flor, refogado (c/ óleo, cebola e alho), s/ sal, Brassica oleracea L. var. italica,",Vegetais e derivados,50,4.17,2.51,1.91,3.08
C0070F,"Carne, boi, maminha, crua, Bos taurus,",Carnes e derivados,144,21.0,0.67,6.31,0.00
C0383F,"Carne, boi, flanco, s/ gordura, cozida, c/ óleo, cebola e alho, c/ sal,",Carnes e derivados,191,28.0,0.57,8.48,0.12
C0015K,"Doce, leite, lata, Moça,",Produtos açucarados,309,6.40,57.5,5.90,0.00
C0380A,"Sanduíche, pão forma tradicional, c/ presunto, queijo muçarela, c/ cream cheese,",Cereais e derivados,236,13.7,20.1,11.0,1.03
C0372B,"Salada, legumes cozidos, c/ molho de salada, c/ sal, (couve-flor, cenoura, vagem, c/ molho de salada - salsa, vinagre de maçã, azeite de oliva, c/ sal),",Vegetais e derivados,51,0.99,2.55,3.70,2.01
C0160C,"Suco, açaí, c/ xarope de guaraná e glucose,",Frutas e derivados,59,0.36,9.87,1.83,0.86
C0436A,"Rabanada, (pão francês, leite, ovo de galinha, c/ açúcar, frito (c/ óleo de soja)),",Cereais e derivados,314,5.83,36.9,15.8,0.65
C0748A,"Pastel de forno integral, recheado c/ frango e requeijão, assado, (farinha de trigo integral, manteiga, ovo, peito de farngo refogado (c/ óleo, cebola e alho), requeijão, c/ sal),",Cereais e derivados,462,11.3,35.5,30.6,0.02
C0282N,"Papa de peixe (pescada branca) e batata, c/ caldo de frango, c/ cebola, s/ óleo, c/ sal,",Alimentos para fins especiais,73,8.67,4.23,2.27,0.65
C0037F,"Carne, boi, flanco, s/ gordura, cozida, s/ sal, Bos taurus,",Carnes e derivados,187,29.4,0.01,7.77,0.00
C0431N,"Papa de carne bovina moída (acém) e abóbora cabotian (japonesa), c/ caldo de carne, c/ cebola e óleo de soja, c/ sal,",Alimentos para fins especiais,118,11.0,3.67,6.35,1.02
C0052L,"Lanche brasileiro (bolo trigo, s/ cobertura e s/ recheio, c/ café, infusão 10%, c/ açúcar),",Miscelâneas,141,2.48,19.7,5.79,0.23
C0145H,"Bebida, água, rede pública, torneira,",Bebidas,0,0.00,0.00,0.00,0.00
C0562B,"Salada, chuchu, cebola, c/ azeite de oliva, c/ sal,",Vegetais e derivados,85,0.80,4.36,6.78,1.47
C0178F,"Hambúrguer, bovino, industrializado, frito,",Carnes e derivados,258,20.0,6.32,17.0,
C0793B,"Farofa, couve, s/ sal, (farinha de mandioca (aipim, macaxeira), couve, c/ óleo, cebola e alho, s/ sal),",Vegetais e derivados,259,1.77,45.5,6.78,4.68
C0694B,"Berinjela recheada, c/ peito de frango, c/ sal, (berinjela grelhada, c/ peito de frango refogado, c/ molho de tomate (tomate, c/ óleo, cebola e alho), c/ sal),",Vegetais e derivados,72,9.35,2.15,2.39,2.37
C0059A,"Biscoito, salgado, cream cracker , integral, Marilan,",Cereais e derivados,440,11.4,63.8,14.4,4.80
C0748F,"Carne, frango, asa, c/ pele, refogada (c/ óleo, cebola e alho), c/ sal, Gallus gallus,",Carnes e derivados,244,20.2,0.61,17.9,0.13
C0474A,"Sanduíche, pão branco tradicional, c/ peito de peru defumado,",Cereais e derivados,209,13.3,31.6,2.93,1.67
C0221F,"Barreado, s/ sal, (carne bovina patinho, toucinho, cebola, louro, manjerona, pimenta-do-reino, s/ óleo, s/ sal),",Carnes e derivados,159,18.3,0.09,9.53,0.15
C0396N,"Papa de carne bovina moída (patinho), fubá e couve, c/ caldo de carne, c/ cebola e óleo de soja, s/ sal,",Alimentos para fins especiais,129,13.8,6.92,4.88,0.91
C0437A,"Crepe, c/ banana, c/ chocolate ao leite, (massa - farinha de trigo, leite, ovo, óleo de soja e sal, banana nanica e chocolate ao leite),",Cereais e derivados,250,5.21,31.8,11.1,1.25
C0204F,"Presunto, peru, cozido, lanche (média de várias amostras),",Carnes e derivados,102,15.2,3.44,3.04,
C0657B,"Salada, trigo em grão, c/ azeite de oliva, s/ sal, (trigo em grão cozido, tomate, cebola, salsa, suco de limão, c/ azeite de oliva, s/ sal),",Vegetais e derivados,79,2.33,9.68,2.78,3.17
C0121F,"Carne, frango, coxa, c/ pele, crua, Gallus gallus,",Carnes e derivados,158,17.6,0.36,9.56,0.00
C0272N,"Papa de peixe (pescada branca), abóbora (jerimum), batata-doce e couve c/ caldo de frango, c/ cebola e azeite de oliva, c/ sal,",Alimentos para fins especiais,93,7.16,6.55,3.92,1.52
C0012U,"Castanha de caju, crua, s/ sal, Anacardium occidentale L.,",Sementes e Oleaginosas,582,18.2,26.9,43.8,3.30
C0125C,"Suco natural, laranja e acerola, s/ açúcar,",Frutas e derivados,28,0.61,6.05,0.09,0.17
C0778B,"Canela, em pó, Cinnamomum aromaticum,",Vegetais e derivados,243,3.99,27.5,1.24,53.1
C0015E,"Molusco, mexilhão, Unha de Velho, cozido, c/ leite de coco, s/ sal, Tagelus plebeus,",Pescados e Frutos do mar,144,14.0,6.90,6.75,0.00
C0371N,"Papa de arroz polido, feijão carioca e carne bovina moída (acém), c/ caldo de frango, c/ cebola e azeite de oliva, s/ sal,",Alimentos para fins especiais,131,10.2,7.73,6.05,2.26
C0464E,"Bolinho de peixe, caseiro, frito (c/ óleo de soja), (batata inglesa, filé de merluza, tomate, ovo de galinha, farinha de trigo, c/ sal, frito (c/ óleo de soja)),",Pescados e Frutos do mar,246,9.55,20.0,13.9,1.30
C0936B,"Charuto de repolho, c/ carne moída refogada , c/ molho de tomate, s/ sal, (repolho branco, recheado com arroz e carne bovina, patinho moído, refogada, c/ molho de tomate  (tomate, c/ óleo, cebolha e alho), s/ sal),",Vegetais e derivados,95,6.53,7.65,3.92,1.30
C0038J,"Omelete, vegetais, s/ sal, (ovo de galinha, c/ vegetais - cenoura, abobrinha, tomate, brócolis, salsa, cebolinha, c/ óleo, cebola e alho, s/ sal),",Ovos e derivados,129,8.39,2.73,9.18,0.79
C1028B,"Salada, repolho roxo, cru, c/ azeite de oliva, c/ sal,",Vegetais e derivados,57,1.18,3.06,3.74,1.61
C0528B,"Salada, pepino, cebola, c/ azeite de oliva, c/ sal,",Vegetais e derivados,78,0.93,2.70,6.74,1.23
C1016B,"Salada, primavera, s/ sal, (alface americana, cebola, tomate, pepino, brócolis e couve-flor cozidos, manga, hortelã, c/ azeite de oliva, s/ sal),",Vegetais e derivados,53,1.19,3.78,3.23,1.93
C0903B,"Milho, cuscuz, cozido, c/ leite de coco, c/ açúcar,",Vegetais e derivados,114,1.79,17.8,3.63,1.66
C0609N,"Papa de peixe (pescada branca) e cará, c/ caldo de peixe, c/ cebola, s/ óleo, s/ sal,",Alimentos para fins especiais,82,8.65,6.14,2.31,1.06
C0995B,"Palmito, Pupunha, conserva, drenado, Bactris gasipaes,",Vegetais e derivados,31,2.46,2.96,0.45,2.55
C0779F,"Carne, frango, fígado, cozida (líquido do cozimento excluído), s/ óleo, c/ sal,",Carnes e derivados,146,22.5,2.09,5.34,0.00
C0398N,"Papa de carne bovina moída (patinho), fubá e couve, c/ caldo de carne, c/ cebola, s/ óleo, c/ sal,",Alimentos para fins especiais,112,13.9,7.05,2.88,0.94
C0026C,"Maracujá, amarelo, polpa, in natura, Passiflora edulis,",Frutas e derivados,74,1.99,11.1,2.10,1.14
C0200A,"Biscoito, doce, maisena,",Cereais e derivados,437,8.07,73.1,12.0,2.10
C0372N,"Papa de arroz polido, feijão carioca e carne, c/ caldo de frango, c/ cebola, s/ óleo, c/ sal,",Alimentos para fins especiais,113,10.3,7.73,4.05,2.26
C0292E,"Frutos do mar com legumes, c/ sal, (frutos do mar - camarão, lula, mexilhão e polvo, legumes - cenoura, vagem, couve-flor, brócolis e champginon paris, tomate, pimentão, salsa, suco de limão, c/ óleo, cebola e alho, c/ pimenta-do-reino, c/ sal),",Pescados e Frutos do mar,68,9.39,2.47,2.01,1.28
C0022U,"Noz, pecan, torrada, s/ sal,",Sementes e Oleaginosas,742,9.50,4.15,74.3,9.40
C0653F,"Carne, boi, acém, s/ gordura, à milanesa (ovo e farinha de rosca), frita (c/ óleo de soja), s/ sal, Bos taurus,",Carnes e derivados,264,24.0,7.50,15.3,0.48
C0354N,"Papa de peito de frango, abóbora cabotian (japonesa) e chuchu, c/ caldo de carne, c/ cebola, s/ óleo, c/ sal,",Alimentos para fins especiais,72,11.8,2.85,1.35,0.90
C0435E,"Peixe, água salgada, pescada, à milanesa (farinha de rosca e ovo), frito (c/ óleo de soja), s/ sal, Macrodon oncylodon,",Pescados e Frutos do mar,286,21.9,14.0,15.7,0.96
C0416E,"Peixe, água salgada, sardinha, filé, cozido, ao molho branco (farinha de trigo, manteiga e leite), s/ sal, Sardinella brasiliensis,",Pescados e Frutos do mar,159,19.7,2.48,7.80,0.05
C0301A,"Sanduíche, pão forma tradicional, c/ presunto, c/ maionese,",Cereais e derivados,228,9.41,26.7,9.01,1.34
C0153G,"Mingau, c/ farinha de trigo, c/ açúcar, (farinha de trigo, leite integral, manteiga, canela e açúcar),",Leite e derivados,178,3.74,29.4,4.91,0.45
C0015R,"Gelatina, em pó (média de diferentes sabores),",Alimentos industrializados,393,8.36,89.9,0.04,0.04
C0556A,"Arroz de forno, c/ arroz integral, s/ sal, (arroz integral, c/ cenoura, milho e ervilha em conserva, cenoura, azeitona, muçarela, c/ molho de tomate (tomate, c/ óleo, cebola e alho), c/ óleo, cebola e alho, s/ sal),",Cereais e derivados,127,3.58,15.9,4.94,2.44
C0142N,"Papa de carne bovina (músculo), feijão preto, batata, abóbora (jerimum) e cenoura, c/ caldo de frango, c/ cebola e óleo de soja, c/ sal,",Alimentos para fins especiais,98,10.6,3.37,4.20,2.13
C0852B,"Torta de batata com frango, s/ sal, (batata inglesa, leite, amido de milho, ovo, manteiga, peito de frango, tomate, salsa e queijo parmesão, c/ óleo, cebola e alho, s/ sal),",Vegetais e derivados,133,10.3,8.80,6.01,1.04
C0202B,"Acelga, refogada (c/ óleo, cebola e alho), c/ sal,",Vegetais e derivados,35,1.60,3.48,1.31,1.26
C0425N,"Papa de mamão e pera, s/ açúcar,",Alimentos para fins especiais,44,0.57,8.89,0.25,1.83
C0267N,"Papa de fígado bovino e cará, c/ caldo de frango, c/ cebola e óleo de soja, c/ sal,",Alimentos para fins especiais,135,12.8,7.66,5.68,1.01
C0050C,"Caju, suco, concentrado, envasado,",Frutas e derivados,45,0.40,10.1,0.20,0.63
C0885A,"Macarrão, carbonara, c/ sal, (macarão, trigo, cozido, ovo de galinha, c/ toucinho defumado (bacon), c/ queijo parmesão, c/ pimenta-do-reino, c/ sal,",Cereais e derivados,268,12.9,12.0,18.5,0.71
C0711B,"Salada, pimentão verde, amarelo, vermelho assados,  c/ molho de salada - salsa, vinagre, azeite de oliva, c/ sal,",Vegetais e derivados,47,1.11,3.64,2.78,1.67
C0023J,"Ovo, galinha, inteiro, cozido, c/ sal,",Ovos e derivados,125,10.3,1.38,8.66,0.00
C0040R,"Maria mole, morango, em pó, Oetker,",Alimentos industrializados,393,18.1,76.1,1.50,1.16
C0618A,"Suflê, chuchu, c/ molho branco, c/ sal, (chuchu, ovo de galinha, farinha de rosca, salsa, c/ molho branco (farinha de trigo, manteiga e leite), c/ óleo, cebola e alho, c/ sal),",Cereais e derivados,127,4.28,9.65,7.71,0.69
C0639N,"Papa de feijão preto, batata doce, abóbora cabotian (japonesa) e cenoura, c/ caldo de carne, c/ cebola, s/ óleo, c/ sal,",Alimentos para fins especiais,49,2.82,5.88,0.43,4.96
C0025C,"Manga, polpa, in natura, Mangifera indica L.,",Frutas e derivados,64,0.53,13.8,0.31,2.14
C0111E,"Peixe, água doce, filé, refogado (c/ óleo, cebola e alho), c/ sal (média de 7 espécies),",Pescados e Frutos do mar,149,19.4,0.98,7.36,0.51
C0279F,"Carne, boi, quarto traseiro, c/ gordura, grelhada, c/ molho de tomate (tomate, c/ óleo, cebola e alho), s/ sal,",Carnes e derivados,194,11.6,10.2,11.6,1.02
C0642A,"Rondele, ricota, c/ molho de tomate, caseiro, c/ sal, (massa com farinha de trigo, c/ ricota, c/ molho de tomate (tomate, c/ óleo, cebola e alho), c/ sal),",Cereais e derivados,104,7.30,12.0,5.14,1.25
C0485F,"Ensopado, c/ linguiça calabresa e batata, c/ sal, (linguiça calabresa, batata, salsa, cebolinha, c/ molho de tomate (tomate, c/ óleo, cebola e alho), c/ sal),",Carnes e derivados,134,7.64,4.92,9.00,1.26
C0333A,"Sanduíche, pão francês, c/ peito de peru defumado, queijo minas frescal, c/ maionese,",Cereais e derivados,247,12.1,25.3,10.7,1.00
C0038K,"Chocolate, amargo (média de diferentes marcas),",Produtos açucarados,577,7.79,35.0,42.6,10.9
C0365F,"Carne, boi, acém moída, cozida, c/ azeitona, milho verde, ovo cozido, c/ óleo, cebola e alho, s/ sal,",Carnes e derivados,192,18.9,2.54,11.4,1.07
C0229C,"Suco natural, araçá, c/ açúcar,",Frutas e derivados,38,0.42,8.12,0.08,1.80
C0045L,"Xarope, frutas,",Miscelâneas,260,0.00,65.1,0.00,0.00
C0155N,"Papa de peito de frango, batata baroa (mandioquinha, batata salsa) e abobrinha, c/ caldo de frango, c/ cebola e azeite de oliva, s/ sal,",Alimentos para fins especiais,96,11.8,4.52,3.21,0.85
C1085A,"Sanduíche, pão forma integral, c/ manteiga, c/ sal,",Cereais e derivados,390,7.68,30.9,25.3,3.78
C0382E,"Caldeirada de peixe e frutos do mar, s/ sal, (peixe, água salgada, cação, camarão, lula, polvo, mexilhão, tomate, pimentão, coentro, suco de limão, c/ pimenta-do-reino e pimenta vermelha, c/ caldo de peixe, c/ óleo, cebola e alho, s/ sal),",Pescados e Frutos do mar,75,12.1,2.29,1.85,0.45
C0481N,"Papa de carne bovina moída (patinho), macarrão e brócolis, c/ caldo de frango, c/ cebola e azeite de oliva, s/ sal,",Alimentos para fins especiais,126,15.1,4.75,5.01,0.93
C0045B,"Brócolis, flor, cozido, drenado, s/ óleo, s/ sal, Brassica oleracea var. italica,",Vegetais e derivados,27,2.71,1.16,0.54,3.28
C0634N,"Papa de feijão carioca, batata doce, abóbora cabotian (japonesa) e cenoura, c/ caldo de carne, c/ cebola, s/ óleo, s/ sal,",Alimentos para fins especiais,59,2.75,7.56,1.00,4.58
C0009R,"Chantily, em pó, Ducoco,",Alimentos industrializados,492,3.99,73.4,20.2,0.32
C0388A,"Sanduíche, pão forma integral, c/ queijo minas, alface americana, cenoura crua, tomate, c/ maionese,",Cereais e derivados,145,7.43,13.5,6.30,2.16
C0269C,"Mirtilo, desidratado, Vaccinium myrtillus L.,",Frutas e derivados,333,2.50,71.5,2.50,7.50
C0375N,"Papa de macarrão, batata e couve, c/ caldo de frango, c/ cebola e óleo de soja, c/ sal,",Alimentos para fins especiais,72,2.22,9.85,2.31,1.41
C0105G,"Vitamina, leite de vaca integral c/ banana, mamão e maçã, c/ aveia, flocos, s/ açúcar,",Leite e derivados,83,2.67,12.5,2.15,1.29
C0701N,"Macarrão, trigo, intantâneo, cozido, drenado, light (com redução de lipídeos) (preparado conforme a embalagem),",Alimentos para fins especiais,145,3.17,22.3,4.35,2.02
C0039E,"Peixe, água salgada, atum, sólido, conserva em óleo, Coqueiro,",Pescados e Frutos do mar,147,26.2,1.37,4.10,0.00
C0545N,"Papa de carne bovina (músculo), feijão preto, batata, abóbora (jerimum) e cenoura, c/ caldo de carne, c/ cebola e óleo de soja, s/ sal,",Alimentos para fins especiais,98,10.6,3.39,4.23,2.13
C0763B,"Escondidinho de frango, s/ sal, (mandioca (aipim, macaxeira), peito de frango, tomate, salsa e queijo parmesão, c/ óleo, cebola e alho, s/ sal),",Vegetais e derivados,163,9.29,15.2,6.93,1.16
C0579B,"Salada, alface crespa, c/ azeite de oliva, c/ sal,",Vegetais e derivados,137,1.15,0.00,14.4,1.40
C0036N,"Queijo, minas, frescal, light,",Alimentos para fins especiais,161,18.7,0.41,9.40,0.00
C0246T,"Quibe vegetariano com lentilha, assado, s/ sal, (trigo para quibe, proteína de soja texturizada (hidratados com caldo de legumes), aveia em flocos, lentilha, alho, cebola, hortelã, pimenta do reino, s/ sal),",Leguminosas e derivados,166,15.3,20.0,1.48,5.56
C1040B,"Fécula de batata, crua,",Vegetais e derivados,340,6.90,77.3,0.34,5.90
C0488B,"Pimentão, vermelho, refogado (c/ óleo, cebola e alho), c/ sal, Capsicum annuum L.,",Vegetais e derivados,59,2.07,7.75,1.48,3.07
C0256A,"Sanduíche, americano (pão forma tradicional), c/ presunto, queijo muçarela, alface, tomate, ovo frito, c/ maionese,",Cereais e derivados,212,11.8,13.4,12.2,0.88
C0060F,"Carne, boi, contra-filé, c/ gordura, crua (média de várias amostras), Bos taurus,",Carnes e derivados,196,19.9,0.02,12.9,0.00
C0100T,"Feijão, fradinho, cozido (50% grão e 50% caldo), c/ óleo, cebola e alho, c/ sal, Vigna unguiculata (L.) Walp.,",Leguminosas e derivados,74,4.99,5.71,1.82,7.23
C0163H,"Bebida, café - infusão 10%, c/ substituto do leite -  bebida vegetal à base de amênoia (meio a meio), c/ açúcar,",Bebidas,35,0.52,7.21,0.49,0.09
C0247T,"Massa, pizza, grão de bico, vegana, assada, caseira, c/ sal, (grão de bico, aveia em flocos, alho em pó, água, cúrcuma, fermento biológico, azeite de oliva, c/ sal),",Leguminosas e derivados,234,8.80,25.0,9.51,6.41
C0504E,"Peixe, água doce, Arraia (Raia), filé, frito (c/ óleo de soja), c/ sal, Paratrygon eiereba e Potamotrygon motoro,",Pescados e frutos do mar,131,19.9,0.38,5.57,0.00
C0585F,"Caldeirada de cabrito, s/ sal, (carne de cabrito, tomate, pimentão, alecrim, vinho branco, c/ caldo de vegetais, c/ óleo, cebola e alho, c/ pimenta-do-eino e pimenta vermelha, s/ sal),",Carnes e derivados,95,14.0,1.82,2.90,0.77
C0868A,"Sushi, c/ pepino, manga e salmão grelhado, (arroz para sushi (c/ vinagre de arroz, açúcar e sal), alga nori, pepino, manga e salmão grelhado),",Cereais e derivados,135,8.05,17.3,2.71,4.70
C0033N,"Pão, trigo, forma, diet/light,",Alimentos para fins especiais,242,11.5,45.6,0.53,4.21
C0277B,"Jiló, c/ casca, cozido, drenado, s/ óleo,  s/ sal, Solanum gilo,",Vegetais e derivados,27,1.68,1.64,0.26,5.79
C0423F,"Carne, boi, músculo, s/ gordura, cozida, c/ cenoura e ervilha, c/ molho de tomate (tomate, c/ óleo, cebola e alho), c/ sal,",Carnes e derivados,138,17.6,3.29,5.67,1.54
C0295A,"Sanduíche, pão francês, c/ salame, c/ manteiga,",Cereais e derivados,383,14.2,33.6,21.0,1.45
C0280B,"Jiló, c/ casca, cozido, drenado, c/ óleo de soja, c/ sal, Solanum gilo,",Vegetais e derivados,48,1.64,1.59,2.64,5.64
C0620N,"Papa de carne bovina moída (patinho), arroz branco e brócolis, c/ caldo de frango, c/ cebola e azeite de oliva, s/ sal,",Alimentos para fins especiais,124,13.2,6.38,4.88,1.05
C0325N,"Papa de feijão carioca, batata, abóbora (jerimum) e cenoura, c/ caldo de frango, c/ cebola e óleo de soja, s/ sal,",Alimentos para fins especiais,72,2.95,6.42,2.98,4.06
C0084B,"Cebolinha, verde, cozida, s/ óleo, s/ sal, Allium fistulosum L.,",Vegetais e derivados,10,0.89,0.92,0.15,0.68
C0029G,"Leite, cabra, desnatado, fluído,",Leite e derivados,63,3.12,4.55,3.60,0.00
C0817B,"Sopa/creme, cenoura, c/ sal, (cenoura, c/ caldo de vegetais, c/ molho branco (farinha de trigo, manteiga e leite), c/ óleo e cebola, c/ sal),",Vegetais e derivados,48,1.20,3.97,2.84,1.11
C0108F,"Carne, frango, coxa, c/ pele, assada, s/ óleo, s/sal, Gallus gallus,",Carnes e derivados,207,28.5,0.06,10.4,0.00
C1074B,"Alho, em pó, Allium sativum L.,",Vegetais e derivados,346,16.6,63.7,0.73,9.00
C0264E,"Paella valenciana, c/ sal, (arroz polido, frango, frutos do mar - camarão, lula, polvo, mexilhão, tomate, pimentão, ervilha, açafrão, c/ óleo, cebola e alho, c/ pimenta do reino, c/ sal),",Pescados e Frutos do mar,118,10.8,12.3,2.60,1.01
C0007M,"Sanduíche, Cheeseburguer, McDonald´s,",Fast food,267,13.0,26.7,11.8,1.10
C0344E,"Crustáceo, camarão, s/ casca, refogado, s/ sal, Penaeus brasiliensis,",Pescados e Frutos do mar,93,17.1,0.61,2.42,0.14
C0713F,"Carne, frango, caipira, inteiro, cozida, s/ óleo, c/ sal (média de amostras c/ e s/ pele), Gallus gallus,",Carnes e derivados,206,26.7,0.00,11.1,0.00
C0059G,"Queijo, muçarela (média de diferentes amostras),",Leite e derivados,320,23.8,1.97,24.1,0.00
C0086F,"Carne, búfalo, crua (média de diferentes cortes), Bubalis bubalis Murrah,",Carnes e derivados,104,21.3,0.00,2.07,0.00
C0106T,"Grão de bico, cozido, dreando, s/ óleo, c/ sal, Cicer arietinum L.,",Leguminosas e derivados,114,7.48,13.2,1.84,7.42
C0475F,"Carne, frango, empanado, tipo nuggets, congelado, assado (s/ óleo),",Carnes e derivados,303,18.5,27.3,12.8,2.34
C0600N,"Papa de peixe (pescada branca) e batata, c/ caldo de peixe, c/ cebola e óleo de soja, s/ sal,",Alimentos para fins especiais,90,8.55,4.04,4.29,0.62
C0606F,"Carne, boi, miolo de alcatra, grelhada/assada, s/ óleo, c/ sal, Bos taurus,",Carnes e derivados,231,31.8,0.00,11.6,0.00
C0724A,"Arroz com frango e pequi, c/ arroz integral, c/ sal, (arroz integral, frango, pequi, salsa, c/ óleo, cebola e alho, c/ pimenta-do-reino, c/ sal),",Cereais e derivados,181,11.9,9.37,10.2,2.52
C0179N,"Papa de carne bovina moída (patinho), fubá e couve, c/ caldo de frango, c/ cebola e azeite de oliva, s/ sal,",Alimentos para fins especiais,91,2.07,14.2,2.53,1.52
C0599F,"Carne, boi, filé mignon, s/ gordura, à milanesa (ovo e farinha de rosca), frita (c/ óleo de soja), c/ sal, Bos taurus,",Carnes e derivados,274,26.2,7.46,15.4,0.48
C0031T,"Grão-de-bico, conserva, dreando, Cicer arietinum L.,Jurema,",Leguminosas e derivados,115,6.20,16.0,1.70,5.50
C0377E,"Camarão com requeijão, c/ sal, (camarão, tomate, salsa, suco de limão, requeijão, queijo parmesão, c/ pimenta-do-reino, c/ óleo, cebola e alho, c/ sal),",Pescados e Frutos do mar,153,13.2,2.00,10.1,0.42
C0739A,"Harumaki (rolinho primavera), frutos do mar, frito, c/ sal, (massa com farinha trigo, recheado - camarão, lula e polvo, requeijão, c/ cebola e alho, frito (c/ óleo de soja), c/ sal),",Cereais e derivados,311,12.6,16.3,21.6,0.52
C0054N,"Milho, pipoca, p/ micro-ondas, light, cru,",Alimentos para fins especiais,356,8.70,51.3,9.30,16.0
C0337B,"Cenoura, s/ casca, sauté (c/ margarina e salsa), c/ sal, Daucus carota L.,",Vegetais e derivados,62,1.20,4.86,3.56,3.06
C1044A,"Macarrão cremoso, c/ sal, (macarrão de trigo, queijo muçarela, queijo parmesão, presunto, creme de leite, requeijão, c/ sal),",Cereais e derivados,177,7.11,16.8,8.82,0.60
C1041A,"Macarrão, trigo, c/ sardinha em conserva, salsa, c/ molho de tomate (tomate, c/ óleo, cebola e alho), s/ sal,",Cereais e derivados,141,5.43,18.4,4.84,1.15
C0654F,"Carne, boi, acém, s/ gordura, à milanesa (ovo e farinha de rosca), frita (c/ óleo de soja), c/ sal, Bos taurus,",Carnes e derivados,263,23.8,7.46,15.2,0.48
C0956F,"Carne, frango, sobrecoxa, s/ pele, assada, s/ óleo, c/ sal,",Carnes e derivados,224,29.0,0.00,12.0,0.00
C0265C,"Banana madura, rodelas, desidratada, Musa sp.,",Frutas e derivados,366,4.25,82.0,0.63,7.50
C0136G,"Queijo, gouda,",Leite e derivados,356,24.9,2.22,27.4,0.00
C0441B,"Salada, bacalhau com batata, s/ óleo, s/ sal, (bacalhau dessalgado cozido, batata cozida, pimentão verde e vermelho, alho, salsa, s/ óleo, s/ sal),",Vegetais e derivados,91,10.9,5.16,2.79,1.13
C0092H,"Bebida, café descafeinado - infusão 10% - intenso, c/ leite (meio a meio),  ""média"", c/ açúcar,",Bebidas,61,1.57,3.26,1.78,0.43
C0320E,"Roupa velha de peixe, c/ sal, (bacalhau dessalgado, tomate, pimentão, salsa, c/ óleo, cebola e alho, c/ pimenta-do-reino, c/ sal,",Pescados e Frutos do mar,125,19.5,2.23,4.13,0.38
C1023A,"Cereal matinal, milho, c/ acholatado, em pó,",Cereais e derivados,374,6.23,81.5,1.54,4.67
C0261E,"Caruru (camarão com quiabo), (quiabo, camarão fresco, castanha de caju, amendoim, tomate, pimentão, gengibre, azeite de dendê, c/ óleo, cebola e alho, c/ sal,",Pescados e Frutos do mar,109,3.57,3.58,8.47,2.14
C0377B,"Salada, vegetais crus, c/ óleo de soja, c/ sal, (alface, tomate, cebola, c/ óleo de soja, c/ sal),",Vegetais e derivados,61,1.13,2.41,4.89,1.68
C0222K,"Algodão, doce,",Açúcares e doces,402,0.00,99.7,0.32,0.00
C0532F,"Carne, frango, caipira, inteiro, c/ pele, cozida, salsa, c/ óleo, cebola e alho, c/ pimenta-do-reino, c/ sal,",Carnes e derivados,235,22.4,0.77,15.7,0.23
C0250E,"Crustáceo, siri, azul, cozido, s/ óleo, s/ sal,",Pescados e Frutos do mar,78,17.9,0.00,0.74,0.00
C0822B,"Efó, c/ sal, (língua de vaca, camarão, castanha de caju, amendoim, leite de coco, gengibre, salsa, azeite de dendê, c/ óleo, cebola e alho, c/ sal),",Vegetais e derivados,284,7.82,4.41,25.8,1.75
C0146C,"Suco natural, melão, c/ açúcar,",Frutas e derivados,32,0.32,7.30,0.08,0.63
C0724B,"Legumes gratinados, c/ molho branco, c/ queijo parmesão, c/ sal, (vagem, chuchu, abobrinha, brócolis, cenoura, couve-flor, c/ molho branco (farinha de trigo, manteiga e leite), queijo parmesão, c/ sal),",Vegetais e derivados,116,5.51,6.29,7.21,1.60
C0520B,"Salada, couve crua, c/ molho de salada - salsa, vinagre de maçã, azeite de oliva, c/ sal,",Vegetais e derivados,57,2.71,1.47,3.84,2.90
C0038T,"Salsicha, soja, crua, Glycine max L.,",Leguminosas e derivados,186,16.9,13.8,6.90,0.64
C0570F,"Frango ao molho pardo (frango de cabidela), (frango inteiro, ensopado, c/ tomate, pimentão, sangue de frango, cheiro verde, c/ vinagre de maçã, c/ óleo, cebola e alho, c/ sal),",Carnes e derivados,149,20.3,1.13,6.99,0.34
C0404A,"Trigo para quibe, cru, Triticum spp.,",Cereais e derivados,336,12.3,62.4,1.33,12.5
C0077B,"Nabo, c/ casca, cru, Brassica rapa,",Vegetais e derivados,18,0.91,2.59,0.06,1.88
C0238B,"Taioba, folha, cozida, drenada, s/ óleo, c/ sal, Xanthosoma sagittifolium Schott,",Vegetais e derivados,41,3.24,1.78,1.19,5.04
C0185B,"Salada, repolho, branco, cru, c/ molho vinagrete (tomate, cebola, salsinha, vinagre e óleo), s/ sal, Brassica oleracea L. var. capitata,",Vegetais e derivados,44,1.05,3.15,2.64,1.65
C0418E,"Peixe, água salgada, abadejo, filé, cozido, ao c/ molho de tomate (tomate, c/ óleo, cebola e alho), s/ sal, Genypterus blacodes,",Pescados e Frutos do mar,67,13.0,0.36,1.40,0.51
C0229A,"Macarrão, trigo, integral, cozido, drenado, s/ sal,",Cereais e derivados,123,4.90,22.9,0.56,3.51
C0362A,"Sanduíche, pão forma integral, c/ peito de peru defumado, queijo prato, c/ margarina,",Cereais e derivados,271,15.3,18.7,14.5,2.20
C0334A,"Sanduíche, pão francês, c/ peito de peru defumado e queijo minas,",Cereais e derivados,236,14.1,28.5,7.07,1.19
C0497N,"Papa de carne bovina moída (patinho), cará e brócolis, c/ caldo de frango, c/ cebola e óleo de soja, c/ sal,",Alimentos para fins especiais,115,13.7,3.87,4.72,1.26
C0506A,"Arroz à grega, c/ arroz integral, c/ sal, (arroz integral, c/ cenoura, vagem, pimentão verde, uva passa, c/ óleo, cebola e alho, c/ sal),",Cereais e derivados,118,2.20,20.3,2.63,2.27
C0198F,"Peru, congelado, cru,",Carnes e derivados,89,18.0,0.03,1.83,0.00
C0136T,"Arrumadinho de charque (carne seca, carne de sol, jaba), (feijão fradinho, charque (carne seca, carne de sol, jaba) dessalgado, farinha de mandioca, c/ molho vinagrete (tomate, cebola, salsinha e vinagre), c/ óleo, cebola e alho, c/ sal),",Leguminosas e derivados,207,13.8,18.9,7.57,4.02
C0336F,"Carne, boi, contra-filé de costela, grelhada, c/ molho branco (farinha de trigo, manteiga e leite), s/ sal,",Carnes e derivados,282,25.6,3.45,18.4,0.05
C0208A,"Arroz, polido, cozido, c/ óleo, cebola e alho, s/ sal,",Cereais e derivados,139,2.41,28.0,1.59,1.28
C0053J,"Ovo, galinha, mexido, c/ margarina, s/ sal,",Ovos e derivados,167,12.0,2.26,12.3,0.00
C0477N,"Papa de carne bovina moída (patinho) e abóbora cabotian (japonesa), c/ caldo de frango, c/ cebola, s/ óleo, s/ sal,",Alimentos para fins especiais,103,14.6,3.66,3.09,1.05
C0076B,"Mostarda, folha, crua, Brassica juncea (L.),",Vegetais e derivados,26,2.12,2.24,0.50,2.18
C0404F,"Carne, boi, maminha, grelhada, c/ óleo, cebola e alho, s/ sal,",Carnes e derivados,234,29.3,0.57,12.4,0.12
C0042T,"Soja, extrato, bebida (média de diferentes sabores), Glycine max L.,",Leguminosas e derivados,56,1.76,9.54,1.16,0.12
C0034G,"Leite, vaca, c/ chocolate, Toddynho,",Leite e derivados,85,2.00,13.9,2.40,0.00
C0441E,"Peixe, água salgada, filé/posta, à milanesa (ovo e farinha de rosca), frito (c/ óleo de soja), s/ sal (média de várias espécies),",Pescados e Frutos do mar,283,23.3,14.7,14.4,0.96
C0193K,"Sorvete, na casquinha, industrializado (média de diferentes sabores),",Produtos açucarados,222,3.35,26.3,11.3,0.95
C0190K,"Brigadeiro, c/ chocolate ao leite, caseiro, (leite condensado, chocolate, c/ manteiga),",Produtos açucarados,388,5.90,57.7,14.7,0.29
C0844F,"Paçoca de pinhão, c/ sal, (pinhão, carne bovina e suína, bacon, linguiça calabresa, cheiro verde, pimenta do reino, c/ óleo, cebola e alho, c/ sal),",Carnes e derivados,247,12.5,17.9,12.7,5.64
C0690N,"Papa de feijão preto, abobrinha e beterraba, c/ caldo de carne, c/ cebola, s/ óleo, c/ sal,",Alimentos para fins especiais,34,2.19,3.83,0.25,3.82
C0027K,"Marmelada,",Produtos açucarados,278,0.40,66.7,0.14,4.07
C0544B,"Salada, pimentão verde, amarelo e vermelho crus, s/ óleo, s/ sal,",Vegetais e derivados,24,1.05,3.49,0.24,1.66
C0555N,"Papa de carne bovina (músculo), feijão carioca, batata, abóbora (jerimum) e cenoura, c/ caldo de carne, c/ cebola, s/ óleo, s/ sal,",Alimentos para fins especiais,84,10.7,3.88,2.43,1.87
C0593N,"Papa de peixe (pescada branca), abóbora (jerimum), batata doce e couve, c/ caldo de peixe, c/ cebola e óleo de soja, c/ sal,",Alimentos para fins especiais,93,7.07,6.55,3.94,1.52
C0019C,"Laranja, Lima, in natura, Citrus sinensis (L.) Osbeck,",Frutas e derivados,43,0.95,8.37,0.25,1.98
C0339F,"Carne, boi, contra-filé de costela, grelhada, c/ molho de mostarda (creme de leite, suco de limão e mostarda), s/ sal,",Carnes e derivados,283,24.8,2.31,19.4,0.03
C0253T,"Omelete vegano, grãomelete (farinha de grão de bico, água, tomate, cheiro verde, c/ óleo de girassol, c/ sal),",Leguminosas e derivados,155,7.61,21.7,2.55,7.47
C0717F,"Carne, frango, inteiro, à milanesa (ovo e farinha de rosca), frita (c/ óleo de soja), s/ sal (média de amostras c/ e s/ pele), Gallus gallus,",Carnes e derivados,285,21.4,5.98,19.4,0.38
C0576A,"Lasanha, legumes, (massa com farinha trigo, c/ vegetais - cenoura, vagem, abobrinha, muçarela, c/ molho de tomate (tomate, c/ óleo, cebola e alho) c/ sal,",Cereais e derivados,94,3.14,15.0,1.99,1.64
C0424N,"Papa de feijão carioca, batata doce, abóbora cabotian (japonesa) e cenoura, c/ caldo de frango, c/ cebola e óleo de soja, s/ sal,",Alimentos para fins especiais,76,2.91,7.27,2.99,4.18
C0586N,"Papa de carne moída bovina (patinho), feijão carioca, batata, abóbora (jerimum) e cenoura, c/ caldo de carne, c/ cebola e óleo de soja, c/ sal,",Alimentos para fins especiais,110,12.2,3.94,4.64,1.86
C0997A,"Arroz de leite, (arroz integral, leite integral, c/ óleo, cebola e alho, c/ sal),",Cereais e derivados,104,2.58,17.0,2.51,1.61
C0662N,"Papa de carne bovina moída (acém), fubá e espinafre, c/ caldo de carne, c/ cebola e azeite de oliva, s/ sal,",Alimentos para fins especiais,129,10.8,7.22,6.10,1.15
C0014J,"Ovo, galinha, integral, desidratada, pasteurizada,",Ovos e derivados,554,44.0,9.00,38.0,0.00
C1063B,"Quiabada, c/ charque bovino (carne seca, carne de sol, jaba),  c/ linguiça calabresa, c/ sal, (quiabo, charque bovino (carne seca, carne de sol, jaba), linguiça calabresa, tomate, pimentão, coentro, cominho, salsinha e cebolinha, c/ óleo de soja, cebola e alho, c/ sal),",Vegetais e derivados,123,10.5,2.92,6.88,1.89
C0042G,"Leite, vaca, integral, em pó, enriquecido c/ vitaminas A e E,",Leite e derivados,501,25.4,39.2,26.9,0.00
C0487F,"Entrevero de pinhão, c/ sal, (pinhão, carne bovina e suína, bacon, linguiça, pimentão verde e vermelho, tomate, molho shoyu, c/ óleo, cebola e alho, c/ sal),",Carnes e derivados,221,15.5,11.8,11.6,3.66
C0236F,"Carne, frango, peito, s/ pele, frita (c/ óleo de soja), s/ sal,",Carnes e derivados,188,30.4,0.00,7.36,0.00
C0332N,"Papa de carne bovina (músculo), feijão preto, batata baroa (mandioquinha, salsa) e abóbora cabotian (japonesa), c/ caldo de frango, c/ cebola e azeite de oliva, c/ sal,",Alimentos para fins especiais,107,10.6,5.52,4.21,2.11
C0241C,"Suco natural, carambola, s/ açúcar,",Frutas e derivados,19,0.35,3.78,0.07,0.81
C0166A,"Pastel, c/ recheio de carne, frito, caseiro, (massa - farinha de trigo, margarina, água e sal, carne moída refogada, c/ óleo, cebola e alho, c/ sal, frito (c/ óleo de soja)),",Cereais e derivados,395,10.1,42.8,20.1,0.99
C1164A,"Panqueca nordestina, Bruaca, (farinha de trigo, leite, açúcar, extrato de baunilha, fermento químico, c/ manteiga),",Cereais e derivados,182,5.55,52.3,3.56,1.03
C0975B,"Salada, acelga, c/ molho vinagrete (tomate, cebola, salsa, vinagre, azeite de oliva), c/ sal,",Vegetais e derivados,30,1.38,3.61,0.92,1.10
C0519B,"Salada, couve crua, c/ molho de salada - salsa, suco de limão, azeite de oliva, c/ sal,",Vegetais e derivados,58,2.74,1.59,3.84,2.94
C0152F,"Carne, peru, coxa, s/ pele, crua, Meleagris gallopavo,",Carnes e derivados,133,16.5,0.07,7.43,0.00
C0056F,"Carne, boi, bucho, cru, Bos taurus,",Carnes e derivados,132,20.5,0.00,5.50,0.00
C0100E,"Peixe, água doce, Tucunaré, filé, congelado, cozido, s/ óleo, s/ sal, Cichla monoculus,",Pescados e Frutos do mar,111,23.0,0.00,2.11,0.00
C1074A,"Pão, c/ farinha de trigo, vegano, caseiro, (farinha de trigo, água, açúcar, óleo de soja, fermento biológico e sal),",Cereais e derivados,339,7.79,58.1,7.98,1.81
C0093N,"Refresco em pó, não preparado, diet,",Alimentos para fins especiais,327,0.45,81.3,0.04,0.10
C0117C,"Suco natural, melancia e acerola, s/ açúcar,",Frutas e derivados,22,0.51,4.46,0.10,0.40
C0189T,"Molho, soja, shoyu (média de diferentes tipos),",Leguminosas e derivados,59,3.47,9.91,0.24,1.75
C0589N,"Papa de carne moída bovina (patinho), feijão carioca, batata, abóbora (jerimum) e cenoura, c/ caldo de carne, c/ cebola e azeite de oliva, s/ sal,",Alimentos para fins especiais,110,12.2,3.96,4.64,1.87
C0075K,"Sagu, framboesa, mistura p/, preparada,",Produtos açucarados,128,0.00,32.0,,
C0749B,"Sopa/creme, espinafre, c/ sal, (espinafre, c/ caldo de vegetais, c/ molho branco (farinha de trigo, manteiga e leite), c/ óleo e cebola, c/ sal),",Vegetais e derivados,50,1.72,3.75,2.86,1.00
C0191F,"Linguiça, tipo calabresa, fininha, Seara,",Carnes e derivados,256,18.0,1.00,20.0,
C0612A,"Macarrão, trigo, c/ molho de tomate (tomate, c/ óleo, cebola e alho), c/ peito de frango, queijo parmesão, c/ óleo, cebola e alho, c/ sal,",Cereais e derivados,139,7.76,18.4,3.54,1.16
C0234A,"Macarrão, trigo, integral, c/ molho de tomate (tomate, c/ óleo, cebola e alho), s/ sal,",Cereais e derivados,114,4.27,19.1,1.50,3.32
C0615B,"Salada, alface americana, tomate, palmito, azeitona preta, s/ óleo, s/ sal,",Vegetais e derivados,52,1.27,1.28,3.87,2.45
C0198T,"Feijoada, c/ sal, (feijão preto, carnes suínas (orelha, rabo, pé, costela dessalgada, lombo), toucinho defumado (bacon), paio, linguiça, c/ óleo de soja, cebola, alho, c/ sal),",Leguminosas e derivados,131,9.55,6.62,6.21,5.13
C0534A,"Arroz com nozes, c/ arroz integral, c/ sal, (arroz integral, c/ noz, c/ óleo, cebola e alho, c/ sal),",Cereais e derivados,204,4.22,18.9,11.7,2.94
C0100K,"Suspiro, merengue, caseiro,",Produtos açucarados,377,5.00,89.3,0.00,0.00
C1078B,"Colorífico, urucum, corante colorau, pó, Bixa orellana L.,",Vegetais e derivados,318,8.67,40.9,6.14,32.1
C0269B,"Abóbora, moranga, s/ casca, cozida, c/ molho de tomate (tomate, c/ óleo, cebola e alho), c/ salsa, c/ pimenta-do-reino, s/ sal, Curcubita spp.,",Vegetais e derivados,33,1.42,2.42,1.34,2.58
C0564F,"Lagarto recheado com presunto e queijo, (carne, boi, lagarto, cozida, c/ presunto e queijo, c/ molho de tomate (tomate, c/ óleo, cebola e alho), s/ sal),",Carnes e derivados,187,23.8,1.23,9.52,0.51
C0446F,"Carne, boi, patinho, s/ gordura, grelhada, c/ molho de mostarda (creme de leite, suco de limão e mostarda), s/ sal,",Carnes e derivados,208,29.0,2.36,9.22,0.03
C0083G,"Vitamina, leite de vaca integral c/ banana, mamão e maçã, c/ açúcar,",Leite e derivados,90,1.72,16.9,1.59,0.69
C0012H,"Bebida, chá, lata/garrafa, pêssego,",Bebidas,34,0.00,8.44,0.00,0.00
C0252T,"Hómus, c/ grão de bico, s/ sal, (grão de bico, tahini (pasta de gergelim), azeite de oliva, salsinha e cebolinha, suco de limão, pimenta do reino, s/ sal),",Leguminosas e derivados,275,7.65,11.4,20.7,6.67
C0799B,"Hortelã, in natura, Mentha spicata,",Vegetais e derivados,40,3.29,1.60,0.73,6.80
C1060B,"Cúrcuma, em pó, Curcuma longa,",Vegetais e derivados,291,9.68,44.4,3.25,22.7
C0047J,"Ovos Benedict, c/ presunto, s/ sal, (pão forma tradicional, ovo cozido, presunto, molho holandês, salsa, c/ pimenta-do-reino, s/ sal),",Ovos e derivados,221,10.1,13.5,13.9,0.77
C1075A,"Sanduíche, hambúrguer de grão de bico (pão vegano), alface e tomate, c/ maionese vegana,",Cereais e derivados,236,6.18,28.5,10.00,3.80
C0223C,"Suco, néctar, manga,",Frutas e derivados,53,0.11,12.8,0.06,0.30
C0118N,"Papa de peito de frango, batata doce e abobrinha, c/ caldo de frango, c/ cebola, c/ azeite de oliva, c/ sal,",Alimentos para fins especiais,109,12.1,7.34,3.23,1.27
C0204A,"Yakisoba, s/ sal, (filé mignon bovino, peito de frango, cenoura, vagem, couve-flor, acelga, macarrão instantâneo, caldo de frango, amido de milho, molho shoyu, c/ óleo de soja, c/ óleo de gergelim, s/ sal),",Cereais e derivados,122,7.52,17.2,2.61,1.06
C0014L,"Molho, pimenta, Kenko,",Miscelâneas,8,0.47,1.40,0.00,0.44
C0111T,"Vagem, refogada (c/ óleo, cebola e alho), c/ sal, Phaseolus vulgaris,",Leguminosas e derivados,47,2.58,4.39,1.40,3.43
C0817F,"Carne, boi, maminha, frita (c/ óleo de soja), s/ sal, Bos taurus,",Carnes e derivados,205,28.3,0.00,10.2,0.00
C0242B,"Mostarda, folha, cozida, drenada, s/ óleo, c/ sal, Brassica juncea (L.),",Vegetais e derivados,28,2.21,2.34,0.53,2.28
C0202K,"Geladinho (sacolé, dindim), c/ suco concentrato, leite integral, amido de milho, c/ açúcar,",Produtos açucarados,88,2.69,12.6,2.92,0.03
C0182T,"Soja, extrato, bebida (tipo iogurte) (média de diferentes amostras),",Leguminosas e derivados,49,2.82,8.23,0.58,0.00
C0935F,"Carne, porco, lombo, grelhada/assada, c/ manteiga, c/ molho de abacaxi e mel, c/ pimenta-do-reino, s/ sal,",Carnes e derivados,207,26.9,4.10,9.13,0.21
C0481F,"Carne, porco, lombo, assada, recheada - cebola, damasco, cogumelo paris, c/ cebola, c/ sal,",Carnes e derivados,174,25.8,6.82,4.59,1.23
C0159N,"Papa de peito de frango, batata, abóbora cabotian (japonesa), c/ caldo de frango, c/ cebola e óleo de soja, s/ sal,",Alimentos para fins especiais,95,11.9,4.10,3.29,0.89
C0351N,"Papa de peito de frango, abóbora cabotian (japonesa) e chuchu, c/ caldo de carne, c/ cebola e óleo de soja, c/ sal,",Alimentos para fins especiais,90,11.7,2.73,3.34,0.87
C0896F,"Linguiça, calabresa, cozida, s/ óleo, c/ sal,",Carnes e derivados,280,14.6,2.67,20.7,0.67
C0022R,"Gelatina, limão, em pó, Ducoco,",Alimentos industrializados,392,8.86,89.2,0.00,0.08
C0278E,"Ceviche de peixe, água salgada, pescada, c/ sal, (peixe, água salgada, pescada, cru, c/ cebola, suco de limão, pepino, tomate, pimenta jalapeño, coentro, salsa, c/ azeite de oliva, c/ pimenta do reino, c/ sal),",Pescados e Frutos do mar,99,12.0,1.58,4.85,0.46
C0489B,"Salada, beterraba cozida, c/ óleo de soja, c/ sal,",Vegetais e derivados,106,1.11,3.85,9.14,1.85
C0628F,"Carne, boi, lagarto, refogada (c/ óleo, cebola e alho), s/ sal, Bos taurus,",Carnes e derivados,178,27.8,0.61,7.17,0.14
C0039L,"Molho, holandês, c/ sal, caseiro, (gema de ovo, manteiga, suco de limão, c/ pimenta-do-reino, c/ sal),",Miscelâneas,580,5.32,1.36,61.4,0.15
C0107F,"Carne, frango, coração, grelhado, s/ óleo, s/ sal, Gallus gallus,",Carnes e derivados,201,22.4,0.61,12.1,0.00
C0311F,"Goulash, c/ sal, (carne, bovina, acém, s/ gordura, cozida, c/ batata e cenoura, c/ molho de tomate (tomate, c/ óleo, cebola e alho), c/ sal),",Carnes e derivados,130,14.3,3.07,6.51,1.05
C0095N,"Queijo, pasteurizado, teor reduzido de lipídeos,",Alimentos para fins especiais,175,24.6,3.50,7.00,0.00
C0078T,"Lentilha, cozida, drenada, c/ óleo, cebola e alho, c/ sal, Lens culinaris,",Leguminosas e derivados,107,7.04,13.0,1.63,6.22
C0747F,"Carne, frango, asa, c/ pele, refogada (c/ óleo, cebola e alho), s/ sal, Gallus gallus,",Carnes e derivados,245,20.2,0.61,17.9,0.14
C0259C,"Jenipapo, in natura (média c/ e s/ casca), Genipa americana L.,",Frutas e derivados,79,0.82,17.6,0.33,1.10
C0069F,"Carne, boi, língua, crua, Bos taurus,",Carnes e derivados,216,17.1,1.34,15.8,0.00
C0240C,"Suco natural, carambola, c/ açúcar,",Frutas e derivados,39,0.37,8.70,0.07,0.81
C0201A,"Biscoito, salgado, cream cracker,",Cereais e derivados,440,11.1,66.4,13.8,2.67
C0613N,"Papa de carne bovina moída (acém), arroz branco e brócolis, c/ caldo de carne, c/ cebola, c/ óleo de soja, s/ sal,",Alimentos para fins especiais,311,10.1,6.30,27.0,0.99
C1096B,"Farofa, vegana, c/ farinha de mandioca (aipim, macaxeira), c/ sal, (farinha de mandioca (aipim, macaxeira), tofu, pimentão, tomate, cenoura, azeitona preta, salsinha e cebolinha, páprica, c/ óleo de soja, cebola e alho, c/ sal),",Vegetais e derivados,178,2.06,27.3,6.03,3.36
C0631F,"Carne, boi, lagarto, cozida, c/ molho de tomate (tomate, c/ óleo, cebola e alho), c/ sal, Bos taurus,",Carnes e derivados,185,26.5,0.82,8.30,0.51
C0080G,"Vitamina, leite de vaca integral c/ morango, s/ açúcar,",Leite e derivados,54,2.27,5.59,2.34,0.53
C0004H,"Bebida alcoólica, destilada (gim, rum, vodka, whisky) (teor alcoólico 39%),",Bebidas,275,0.00,0.00,0.00,0.00
C0447E,"Peixe, água salgada, pescada, frito (c/ óleo de soja), s/ sal, Macrodon oncylodon,",Pescados e Frutos do mar,148,16.7,0.00,9.00,0.00
C0828A,"Pão, trigo, batata, assado, c/ recheio, de requeijão,",Cereais e derivados,294,9.29,41.6,9.66,1.55
C0472N,"Papa de carne bovina moída (patinho) e abóbora cabotian (japonesa), c/ caldo de frango, c/ cebola e azeite de oliva, c/ sal,",Alimentos para fins especiais,118,14.2,3.56,5.00,1.02
C0242F,"Carne, frango, peito, s/ pele, cozida, c/ molho branco (leite, manteiga e farinha de trigo), s/ sal, Gallus gallus,",Carnes e derivados,162,26.3,3.23,4.87,0.05
C0855B,"Bolo de mandioca (aipim, macaxeira) com frango, c/ sal, (mandioca (aipim, macaxeira), ovo, manteiga, peito de frango, tomate, salsa e queijo parmesão, c/ óleo, cebola e alho, c/ sal),",Vegetais e derivados,166,10.0,15.1,6.97,1.23
C0237F,"Carne, frango, peito, s/ pele, frita (c/ óleo de soja), c/ sal,",Carnes e derivados,187,30.3,0.00,7.33,0.00
C0668A,"Sopa, milho, fubá, c/ couve, c/ linguiça calabresa, s/ sal, (milho, fubá, couve, linguiça calabresa, c/ caldo de frango, c/ óleo, cebola e alho, s/ sal),",Cereais e derivados,83,3.66,9.40,3.13,1.30
C0077E,"Peixe, água salgada, sardinha, frita, s/ sal, Sardinella brasiliensis,",Pescados e Frutos do mar,252,33.4,1.13,12.7,0.00
C0211N,"Papa de feijão carioca, ovo e macarrão, c/ caldo de frango, c/ cebola, s/ óleo, s/ sal,",Alimentos para fins especiais,85,5.33,7.68,3.07,2.66
C0938F,"Estrogonofe, carne moída, c/ palmito, c/ sal, (carne moída (acém), palmito, molho de tomate, creme de leite, mostarda, c/ óleo, cebola e alho, c/ sal),",Carnes e derivados,165,11.9,2.87,11.6,1.02
C0235T,"Sopa, feijão preto, c/ macarrão, c/ vegetais, s/ sal, (feijão preto, c/ macarrão, c/ batata, abóbora (jerimum), repolho e chuchu, c/ caldo de carne, c/ óleo, cebola e alho, s/ sal),",Leguminosas e derivados,59,2.67,7.60,1.13,3.81
C1118A,"Pão, mandioca (aipim, macaxeira) e inhame, caseiro, (mandioca (aipim, macaxeira), inhame, polvilho, óleo de girassol, salsinha e cebolinha, orégano, c/ sal),",Cereais e derivados,236,0.95,39.6,7.90,1.24
C0391B,"Salada, folhas, c/ azeite de oliva, c/ sal, (alface lisa, alface roxa, rúcula, c/ azeite de oliva, c/ sal),",Vegetais e derivados,60,1.60,0.27,5.38,2.13
C0169E,"Peixe, água salgada, pescada, cozido, c/ molho branco (farinha de trigo, manteiga e leite), c/ sal, Macrodon oncylodon,",Pescados e Frutos do mar,133,17.1,2.17,6.19,0.05
C0536A,"Arroz com nozes, c/ arroz polido, c/ sal, (arroz polido, c/ noz, c/ óleo, cebola e alho, c/ sal),",Cereais e derivados,222,4.17,24.5,11.4,2.24
C0256N,"Papa de peito de frango e batata baroa (mandioquinha, batata salsa), c/ caldo de frango, c/ cebola, s/ óleo, s/ sal,",Alimentos para fins especiais,110,13.2,6.34,3.36,0.71
C0551F,"Carne, frango, inteiro, ensopado, c/ tomate, pimentão, quiabo, salsa, c/ óleo, cebola e alho, c/ pimenta-do-reino, s/ sal,",Carnes e derivados,115,13.7,2.01,5.57,1.13
C0683A,"Pizza, queijo muçarela com peito de peru, caseira, (massa (farinha de trigo, óleo, fermento biológico, sal e açúcar), muçarela com peito de peru, c/ molho de tomate (tomate, c/ óleo, cebola e alho, c/ sal), c/ azeite de oliva),",Cereais e derivados,278,12.3,37.5,8.49,1.42
C0892F,"Dobradinha, c/ feijão branco, bucho bovino, c/ óleo, cebola e alho, c/ sal,",Carnes e derivados,110,12.0,7.35,3.13,2.22
C0564B,"Salada, chuchu, cebola, c/ molho de salada - salsa, suco de limão, azeite de oliva, c/ sal,",Vegetais e derivados,57,0.94,4.72,3.45,1.55
C0765A,"Sanduíche, pão sírio, c/ alface, tomate, cenoura, c/ molho de iogurte,",Cereais e derivados,157,5.38,28.7,1.86,1.98
C0424A,"Esfirra, frango, caseira, assada, (farinha de trigo, água, leite, ovo, margarina, suco de limão, peito de frango, c/ açúcar, c/ óleo e cebola, c/ sal),",Cereais e derivados,265,16.8,38.3,4.67,1.40
C0738A,"Harumaki (rolinho primavera), camarão, frito, c/ sal, (massa com farinha trigo, recheado - camarão, requeijão, c/ cebola e alho, frito (c/ óleo de soja), c/ sal),",Cereais e derivados,302,11.1,15.9,21.5,0.52
C0132A,"Trigo, farinha, integral, crua (média de diferentes amostras),",Cereais e derivados,313,11.6,57.3,1.31,12.8
C0001C,"Abacate, polpa, in natura, Persea americana Mill,",Frutas e derivados,76,1.15,1.81,6.21,4.03
C0512N,"Papa de carne bovina moída (acém), batata e abóbora cabotian (japonesa), c/ caldo de carne, c/ cebola, s/ óleo, s/ sal,",Alimentos para fins especiais,106,10.5,6.58,3.99,1.19
C0549B,"Salada, pimentão verde, amarelo e vermelho crus, cebola, c/ molho vinagrete (tomate, cebola, salsa, vinagre e azeite de oliva), s/ sal,",Vegetais e derivados,39,1.03,3.77,1.89,1.55
C0705B,"Picles, pepino, azedo,",Vegetais e derivados,10,0.33,1.06,0.20,1.20
C0687N,"Papa de feijão preto, abobrinha e beterraba, c/ caldo de carne, c/ cebola e óleo de soja, c/ sal,",Alimentos para fins especiais,54,2.46,3.93,2.31,3.84
C0203T,"Acarajé, c/ sal, (feijão fradinho, camarão seco, pimenta malagueta, frito, c/ azeite de dendê, cebola, c/ sal),",Leguminosas e derivados,270,8.31,9.71,19.8,9.32
C0228B,"Abóbora, pescoço, s/ casca, s/ semente, cozida, drenada, s/ óleo, c/ sal,",Vegetais e derivados,26,0.73,4.15,0.13,2.50
C0645F,"Carne, boi, coxão mole, s/ gordura, à milanesa (ovo e farinha de trigo), frita (c/ óleo de soja), c/ sal, Bos taurus,",Carnes e derivados,287,24.9,7.46,17.4,0.48
C0073G,"Vitamina, leite de vaca integral c/ banana, c/ açúcar,",Leite e derivados,87,2.39,14.1,2.32,0.43
C0112F,"Carne, frango, peito, c/ pele, assada, s/ óleo, s/ sal, Gallus gallus,",Carnes e derivados,203,33.4,0.00,7.65,0.00
C0198A,"Rosquinha, doce, frita, c/ açúcar e canela, (farinha de trigo, leite, ovo, amido de milho, sal, fermento químico, óleo para fritura, açúcar e canela),",Cereais e derivados,351,6.54,64.5,7.19,1.21
C0769B,"Bobó de camarão, c/ sal, (mandioca (aipim, macaxeira), camarão, tomate, cheiro verde, pimentão, leite de coco, azeite de dendê, c/ caldo de camarão, c/ óleo, cebola e alho, c/ sal),",Vegetais e derivados,108,4.54,10.5,4.60,2.18
C0187B,"Salada, agrião, c/ molho vinagrete (tomate, cebola, salsinha, vinagre e óleo), s/ sal,",Vegetais e derivados,46,2.48,1.82,2.85,1.69
C0630B,"Salada, repolho roxo cru, c/ molho de salada - salsa, vinagre de maçã, azeite de oliva, c/ sal,",Vegetais e derivados,51,1.23,3.24,3.37,1.61
C0087C,"Tamarindo, in natura, Tamarindus indica L.,",Frutas e derivados,294,3.21,66.1,0.46,6.45
C0016T,"Grão de bico, cru, Cicer arietinum L.,",Leguminosas e derivados,339,21.0,43.1,5.46,16.7
C0214F,"Salsicha, frango, não aquecida, Sadia,",Carnes e derivados,182,13.4,4.15,12.4,
C0761B,"Escondidinho, c/ charque (carne seca, carne de sol, jaba) , c/ sal, (mandioca (aipim, macaxeira), charque (carne seca, carne de sol, jaba) refogada, tomate, salsa e queijo parmesão, manteiga, c/ óleo, cebola e alho, c/ sal),",Vegetais e derivados,200,11.0,15.5,10.1,1.21
C0883A,"Mexido, (arroz polido, feijão preto (50% grão e 50% caldo), carne moída acém, ovo mexido, c/ óleo, cebola e alho, c/ sal),",Cereais e derivados,149,8.74,13.5,6.22,1.82
C0036G,"Leite, vaca, desnatado, fluído (média de diferentes amostras),",Leite e derivados,37,3.12,5.14,0.40,0.00
C0358N,"Papa de carne bovina moída (patinho), fubá e espinafre, c/ caldo de frango, c/ cebola e óleo de soja, s/ sal,",Alimentos para fins especiais,90,1.99,14.3,2.51,1.42
C0957B,"Tacacá, c/ sal, (folha de jambu, camarão salgado seco, tucupi, alho, pimenta-de-cheiro, chicória, goma de mandioca, s/ óleo, c/ sal),",Vegetais e derivados,44,6.94,3.17,0.36,0.21
C0366N,"Papa de arroz polido, feijão preto e carne bovina moída (acém), c/ caldo de frango, c/ cebola, s/ óleo, c/ sal,",Alimentos para fins especiais,108,10.2,6.94,3.72,2.70
C0109T,"Bebida, substituto do leite - extrato de soja, natural, c/ chocolate em pó, s/ açúcar,",Bebidas,78,3.28,12.1,1.80,0.16
C0068L,"Molho para salada, c/ mostarda e mel, caseiro, c/ sal, (mostarda, mel, vinagre de maçã, azeite de oliva, pimenta-do-reino, c/ sal),",Miscelâneas,190,0.12,24.3,10.4,0.15
C0656N,"Papa de carne bovina moída (patinho), fubá e espinafre, c/ caldo de carne, c/ cebola e azeite de oliva, s/ sal,",Alimentos para fins especiais,130,13.8,6.97,4.86,0.81
C0397B,"Salada, folhas, c/ azeite de oliva, c/ sal, (alface americana, alface roxa, agrião, c/ azeite de oliva, c/ sal),",Vegetais e derivados,60,1.41,0.42,5.48,1.65
C0249C,"Suco, néctar, laranja, c/ suco de maçã, c/ açúcar,",Frutas e derivados,46,0.25,11.0,0.05,0.12
C0104B,"Abobrinha, italiana, c/ casca, refogada (c/ óleo, cebola e alho), s/ sal, Curcubita pepo L.,",Vegetais e derivados,26,1.07,2.81,0.82,1.38
C0660N,"Papa de carne bovina moída (acém), fubá e espinafre, c/ caldo de carne, c/ cebola e azeite de oliva, c/ sal,",Alimentos para fins especiais,128,10.7,7.05,6.11,0.80
C0184T,"Feijão, preto, drenado, s/ óleo, c/ sal, Phaseolus vulgaris L.,",Leguminosas e derivados,295,22.4,37.6,1.28,21.5
C0093A,"Cereais, mistura p/ mingau (média de diferentes sabores),",Cereais e derivados,370,5.18,82.9,1.31,3.20
C0680F,"Carne, boi, costela, ensopada (c/ óleo, cebola e alho), c/ sal, Bos taurus,",Carnes e derivados,330,15.1,1.00,29.7,0.13
C0523A,"Arroz com frutos do mar, c/ arroz integral, s/ sal, (arroz integral, c/ camarão, lula, mexilhão, tomate, pimentão amarelo e vermelho, c/ óleo, cebola e alho, s/ sal),",Cereais e derivados,108,8.72,11.4,2.65,1.56
C1097B,"Farofa, vegana, c/ farinha de mandioca (aipim, macaxeira), s/ sal, (farinha de mandioca (aipim, macaxeira), tofu, pimentão, tomate, cenoura, azeitona preta, salsinha e cebolinha, páprica, c/ óleo de soja, cebola e alho, s/ sal),",Vegetais e derivados,179,2.10,27.4,6.07,3.47
C0702N,"Macarrão, trigo, intantâneo, cozido, light, c/ molho de tomate (tomate, c/ óleo de soja, cebola e alho), c/ sal,",Alimentos para fins especiais,124,2.75,16.8,4.60,2.19
C0477A,"Sanduíche, pão forma integral, c/ peito de peru defumado,",Cereais e derivados,202,13.9,28.2,3.02,3.31
C0173T,"Salada, feijão fradinho, c/ azeite de oliva, c/ sal, (feijão fradinho cozido, tomate, cebola, salsa, suco de limão, c/ azeite de oliva, c/ sal),",Leguminosas e derivados,96,4.62,9.78,3.10,5.38
C0692B,"Berinjela recheada, c/ muçarela, c/ carne bovina, c/ sal, (berinjela grelhada, c/ muçarela, carne bovina, patinho moído, refogado, c/ molho de tomate (tomate, c/ óleo, cebola e alho), c/ sal),",Vegetais e derivados,106,9.63,1.96,6.11,2.16
C0108C,"Suco, laranjada, c/ açúcar,",Frutas e derivados,43,0.28,10.5,0.03,0.00
C0586B,"Salada, alface lisa, c/ óleo de soja, c/ sal,",Vegetais e derivados,139,1.44,0.08,14.3,1.99
C0248A,"Sanduíche, cheeseburguer, hambúrguer bovino grelhado (c/ pão hambúrguer), c/ queijo prato,",Cereais e derivados,272,13.6,27.6,11.5,1.24
C0300B,"Batata, doce, s/ casca, sauté (c/ margarina e salsa), s/ sal,",Vegetais e derivados,136,0.79,18.9,5.79,2.54
C0017B,"Cará, s/ casca, cru, Dioscorea alata L.,",Vegetais e derivados,88,2.28,15.7,0.14,7.27
C0955F,"Carne, frango, sobrecoxa, c/ pele, assada, s/ óleo, c/ sal, Frango sobrecoxa c/ pele assada,",Carnes e derivados,250,28.6,0.00,15.1,0.00
C0352F,"Carne, boi, costela, assada, s/ óleo, c/ sal,",Carnes e derivados,360,28.5,0.00,27.4,0.00
C0222A,"Salada, macarrão, trigo, c/ ovos, c/ vinagrete (tomate, cebola, salsa, vinagre e azeite de oliva), c/ sal,",Cereais e derivados,118,2.78,19.6,3.01,0.86
C0448N,"Papa de carne bovina moída (acém), abóbora (jerimum) e chuchu, c/ caldo de carne, c/ cebola, c/ azeite de oliva, c/ sal,",Alimentos para fins especiais,113,10.8,2.84,6.25,0.83
C0665F,"Carne, boi, paleta, s/ gordura, frita (c/ óleo de soja), c/ sal, Bos taurus,",Carnes e derivados,242,27.2,0.00,14.7,0.00
C0602A,"Macarrão, trigo, integral, c/ presunto, ervilha, queijo parmesão, c/ molho branco (farinha de trigo, manteiga e leite), c/ sal,",Cereais e derivados,157,6.86,18.1,5.83,2.30
C0284A,"Sanduíche, queijo quente, pão branco tradicional, c/ queijo prato e manteiga,",Cereais e derivados,343,14.5,24.5,20.5,1.34
C0394E,"Peixe, água salgada, abadejo, filé, ensopado (c/ cebola, tomate e pimentão), c/ óleo, s/ sal, Genypterus blacodes,",Pescados e Frutos do mar,109,14.2,0.46,5.44,0.51
C0624B,"Salada, rabanete, c/ molho de salada - salsa, suco de limão, azeite de oliva, c/ sal,",Vegetais e derivados,45,1.17,1.57,3.39,1.76
C0537B,"Salada, pimentão verde, cru, c/ molho de salada - salsa, vinagre de maçã, azeite de oliva, c/ sal,",Vegetais e derivados,51,0.95,2.88,3.57,1.53
C0872F,"Carne, ovelha, cozido, c/ óleo de soja, c/ sal,",Carnes e derivados,251,25.5,0.00,16.5,0.00
C0911B,"Batata baroa (mandioquinha, batata salsa), cozida, drenada, s/ óleo, c/ sal, Chaerophyllum bulbosum,",Vegetais e derivados,77,0.85,17.1,0.17,1.75
C0674F,"Carne, boi, músculo, s/ gordura, cozida, c/ molho de tomate (tomate, c/ óleo, cebola e alho), c/ sal, Bos taurus,",Carnes e derivados,163,25.2,0.82,6.38,0.51
C0205E,"Peixe, água salgada, sardinha, assado/grelhado, s/ óleo, c/ sal, Sardinella brasiliensis,",Pescados e Frutos do mar,156,32.0,0.40,2.97,0.00
C0780F,"Carne, frango, fígado, refogada (c/ óleo, cebola e alho), s/ sal,",Carnes e derivados,161,22.7,2.71,6.58,0.14
C0056L,"Lanche brasileiro (leite integral, c/ biscoito de maisena),",Miscelâneas,140,4.20,19.0,5.13,0.42
C0134N,"Papa de feijão preto, macarrão e chicória, c/ caldo de frango, c/ cebola, s/ óleo, c/ sal,",Alimentos para fins especiais,54,3.23,7.09,0.40,4.66
C0486B,"Pimentão, verde, refogado (c/ óleo, cebola e alho), c/ sal, Capsicum annuum L.,",Vegetais e derivados,52,1.83,5.74,1.70,3.07
C0179K,"Cobertura de maracujá, p/ bolo, (leite condesando, creme de leite e suco de maracujá),",Produtos açucarados,175,2.31,17.1,10.8,0.14
C0213C,"Avocado, polpa, in natura, Persea americana,",Frutas e derivados,161,2.00,1.83,14.7,6.70
C0163N,"Papa de peito de frango, batata, abóbora cabotian (japonesa), c/ caldo de frango, c/ cebola e azeite de oliva, s/ sal,",Alimentos para fins especiais,95,11.9,4.08,3.29,0.88
C0299N,"Papa de carne bovina (músculo), feijão carioca, batata, abóbora (jerimum) e cenoura, c/ caldo de frango, c/ cebola e azeite de oliva, c/ sal,",Alimentos para fins especiais,101,10.7,3.85,4.40,1.86
C0073E,"Peixe, água salgada, sardinha, filé, conserva, em óleo,",Pescados e Frutos do mar,277,18.1,0.01,22.8,0.00
C0004T,"Feijão, fradinho (corda), cru, Vigna unguiculata (L.) Walp.,",Leguminosas e derivados,302,20.2,38.3,2.37,23.6
C0300F,"Carne, boi, contra-filé, grelhado/frito, c/ molho de mostarda (creme de leite, suco de limão e mostarda), c/ sal,",Carnes e derivados,295,22.9,2.07,21.8,0.03
C0125G,"Mingau, farinha de cereais, c/ leite integral, Neston,",Leite e derivados,147,5.65,23.6,2.92,1.70
C0158E,"Peixe, água salgada, pescada, branca, à milanesa (ovo e farinha de rosca), frito (c/ óleo de soja), c/ sal, Cynoscion spp.,",Pescados e Frutos do mar,289,21.4,13.6,16.3,0.96
C0015A,"Arroz,  farinha, Orysa sativa L.,Colombo,",Cereais e derivados,356,6.90,79.7,1.10,0.00
C0050H,"Bebida, chá, infusão, c/ açúcar (média de várias ervas),",Bebidas,26,0.02,6.42,0.02,0.00
C0967F,"Carne, bovina, picanha, c/ gordura, grelhada, c/ óleo, c/ sal, Bos taurus ,",Carnes e derivados,308,25.0,0.01,23.1,0.00
C0075C,"Cupuaçu, in natura, Theobroma grandiflorum (Willd. ex Sprengel) Schumann,",Frutas e derivados,53,1.11,8.06,1.25,2.42
C0405E,"Peixe, água salgada, filé/posta, ensopado (c/ cebola, tomate e pimentão), c/ óleo, s/ sal (média de várias espécies),",Pescados e Frutos do mar,153,19.4,0.58,8.07,0.51
C0092C,"Banana, pacova, in natura, Musa acuminata Colla x Musa balbisiana Colla, Grupo AAB,",Frutas e derivados,115,1.69,25.3,0.11,2.80
C0940F,"Sopa, peito de frango e requeijão, s/ sal, (peito de frango, requeijão, c/ caldo de vegetais, salsa, c/ óleo, cebola e alho, s/ sal),",Carnes e derivados,154,12.5,4.46,9.38,1.03
C0688N,"Papa de feijão preto, abobrinha e beterraba, c/ caldo de carne, c/ cebola e óleo de soja, s/ sal,",Alimentos para fins especiais,241,2.17,3.77,23.2,3.79
C0030L,"Catchup, tomate, molho, Catchup, tomato, sauce,",Miscelâneas,123,1.12,29.3,0.11,0.32
C0019R,"Gelatina, cereja, em pó, Oetker,",Alimentos industrializados,394,7.80,90.8,,0.00
C0004G,"Molho branco (molho bechamel), s/ sal, (leite integral, farinha de trigo refinada, manteiga, s/ sal),",Leite e derivados,156,4.06,12.0,10.1,0.19
C0011K,"Chocolate, pó,",Produtos açucarados,404,8.20,84.8,3.50,0.00
C0668F,"Carne, boi, paleta, s/ gordura, cozida, c/ molho de tomate (tomate, c/ óleo, cebola e alho), s/ sal, Bos taurus,",Carnes e derivados,164,24.1,0.83,6.97,0.51
C0262F,"Carne, boi, quarto traseiro, s/ gordura, cozida, c/ óleo, cebola e alho, s/ sal,",Carnes e derivados,206,28.7,0.61,9.78,0.14
C0323N,"Papa de feijão preto, batata doce, abóbora cabotian (japonesa) e cenoura, c/ caldo de frango, c/ cebola, s/ óleo, s/ sal,",Alimentos para fins especiais,48,2.83,5.89,0.40,4.96
C0149N,"Papa de peito de frango, batata e cenoura, c/ caldo de frango, c/ cebola e azeite de oliva, s/ sal,",Alimentos para fins especiais,95,13.3,2.59,3.34,0.74
C0755A,"Sanduíche, pão forma integral, c/ queijo minas, alface e tomate,",Cereais e derivados,189,9.51,22.9,5.96,3.06
C0548F,"Carne, frango, inteiro, ensopado, c/ quiabo, salsa, c/ molho de tomate (tomate, c/ óleo, cebola e alho), c/ pimenta-do-reino, c/ sal,",Carnes e derivados,138,16.3,1.68,7.11,1.16
C0337N,"Papa de carne bovina (músculo), feijão carioca, batata baroa (mandioquinha, salsa) e abóbora cabotian (japonesa), c/ caldo de frango, c/ cebola e óleo de soja, s/ sal,",Alimentos para fins especiais,110,10.7,6.01,4.41,1.85
C0509A,"Arroz caipira, c/ arroz polido, c/ sal, (arroz polido, c/ frango, tomate, toucinho defumado (bacon), c/ óleo, cebola e alho, c/ sal),",Cereais e derivados,184,11.0,16.1,8.11,1.04
C0984F,"Quibe com carne bovina, c/ quinoa, assado, c/ sal , (quinoa, alho, cebola, carne bovina moída (patinho), hortelã, pimenta do reino, c/ sal),",Carnes e derivados,163,21.5,7.44,5.01,1.25
C0001K,"Achocolatado, em pó (média diferentes amostras),",Produtos açucarados,397,4.07,85.6,2.89,5.96
C0157N,"Papa de peito de frango, batata baroa (mandioquinha, batata salsa) e abobrinha, c/ caldo de frango, c/ cebola, s/ óleo, s/ sal,",Alimentos para fins especiais,72,12.1,2.65,1.21,0.95
C0137N,"Papa de feijão carioca, macarrão e chicória, c/ caldo de frango, c/ cebola, c/ óleo de soja, c/ sal,",Alimentos para fins especiais,65,3.37,8.64,1.00,3.92
C0169N,"Papa de peito de frango, inhame e beterraba, c/ caldo de frango, c/ cebola, s/ óleo, s/ sal,",Alimentos para fins especiais,81,12.1,5.09,1.19,0.87
C0167F,"Carne, porco, pernil, assada, s/ óleo, s/ sal, Sus ssp.,",Carnes e derivados,267,32.1,3.30,13.9,0.00
C0305B,"Batata, doce, s/ casca, frita (c/ óleo de soja), c/ sal,",Vegetais e derivados,254,1.36,32.4,12.2,4.36
C0661F,"Carne, boi, charque (carne seca, carne de sol, jaba), dessalgada, refogada (c/ óleo, cebola e alho), s/ sal, Bos taurus,",Carnes e derivados,254,34.7,0.61,12.5,0.14
C0050T,"Soja, grão, descascada, cozida, s/ sal, Glycine max L. Merril,",Leguminosas e derivados,125,11.3,7.33,5.31,1.11
C0005F,"Almôndega, carne, frango, crua, c/ sal, Sadia,",Carnes e derivados,202,12.8,7.09,13.6,
C0068A,"Bolo, mármore, mistura p/, preparado, Oetker,",Cereais e derivados,323,6.60,48.2,11.5,0.00
C0015F,"Carne, avestruz, filet mingon, crua, Struthio camelus African Black,",Carnes e derivados,153,27.8,1.91,3.83,0.00
C0491F,"Carne, boi, lingua, cozida, recheada, c/ linguiça calabresa, c/ molho de tomate (tomate, c/ óleo, cebola e alho), c/ sal,",Carnes e derivados,256,17.1,0.91,20.4,0.50
C0294A,"Sanduíche, hambúrguer bovino grelhado (c/ pão hambúrguer), c/ alface, tomate, ovo frito, c/ maionese,",Cereais e derivados,215,10.8,21.5,9.29,1.19
C0098H,"Bebida, café descafeinado - infusão 6% - suave, c/ leite desnatado (meio a meio), ""média"", c/ açúcar,",Bebidas,47,1.56,3.15,0.28,0.26
C1018A,"Biscoito de mentirinha, caseiro, (farinha de trigo, ovo e açúcar),",Cereais e derivados,261,7.38,47.7,4.34,0.60
C0152K,"Merengue, c/ frutas vermelhas, (merengue, framboesa, mirtilo, amora, morango, creme de leite, c/ açúcar),",Produtos açucarados,216,2.57,39.9,4.94,1.11
C0247E,"Sopa/creme, camarão, s/ sal, (camarão, creme de leite, tomate, salsa, c/ caldo de camarão, c/ molho branco (farinha de trigo, manteiga e leite), c/ óleo, cebola e alho, s/ sal),",Pescados e Frutos do mar,98,7.84,4.32,5.44,0.25
C0137K,"Bala, frutas,",Produtos açucarados,394,0.00,98.0,0.20,0.00
C0040K,"Chocolate, amargo, dark & soft, 50% cacau, Lacta,",Produtos açucarados,577,7.79,35.0,42.6,10.9
C0036E,"Peixe, água salgada, abadejo, filé, congelado, grelhado, s/ óleo, s/ sal,",Pescados e Frutos do mar,121,27.3,0.04,1.30,0.00
C0546B,"Salada, pimentão verde, amarelo e vermelho crus, cebola, c/ óleo de soja, c/ sal,",Vegetais e derivados,56,1.11,3.87,3.65,1.65
C0110K,"Marrom glacê, (purê de castanha portuguesa, c/ açúcar),",Produtos açucarados,282,1.10,67.7,0.20,2.50
C0031D,"Maionese, molho, tradicional,",Gorduras e óleos,306,0.58,7.90,30.5,0.00
C0283N,"Papa de peixe (pescada branca) e batata, c/ caldo de frango, c/ cebola, s/ óleo, s/ sal,",Alimentos para fins especiais,73,8.68,4.25,2.27,0.65
C0400A,"Amaranto, grão, cru, Amaranthus cruentus L.,",Cereais e derivados,365,13.6,58.5,7.02,6.70
C0900F,"Linguiça, calabresa, cozida, c/ óleo de soja, c/ sal,",Carnes e derivados,325,14.6,2.67,25.2,0.67
C0859F,"Salsicha, aquecida,",Carnes e derivados,278,9.77,4.91,24.3,0.00
C0755F,"Carne, boi, fígado, à milanesa (ovo e farinha de rosca), frita (c/ óleo de soja), c/ sal, Bos taurus,",Carnes e derivados,271,20.4,13.5,15.0,0.48
C0099T,"Feijão, fradinho, cozido (50% grão e 50% caldo), c/ óleo, cebola e alho, s/ sal, Vigna unguiculata (L.) Walp.,",Leguminosas e derivados,76,4.99,6.34,1.82,7.23
C0289C,"Mangaba, polpa, s/ casca, Hancornia speciosa, Hancornia speciosa,",Frutas e derivados,59,1.00,5.58,1.99,7.50
C0516B,"Salada, cenoura cozida, cebola, c/ molho vinagrete (tomate, cebola, salsa, vinagre e azeite de oliva), s/ sal,",Vegetais e derivados,41,0.88,3.81,2.02,1.89
C0149T,"Quibe vegetariano com cenoura, c/ sal, (trigo para quibe e proteína de soja texturizada (hidratados com caldo de legumes), alho, cebola, cenoura, hortelã, c/ pimenta-do-reino, c/ sal),",Leguminosas e derivados,123,13.5,13.8,0.57,4.09
C0629A,"Ravioli, c/ carne moída refogada, c/ molho de tomate, caseiro, c/ sal, (massa com farinha de trigo, carne bovina, patinho moído, refogada, c/ molho de tomate (tomate, c/ óleo, cebolha e alho), c/ sal),",Cereais e derivados,149,6.96,22.5,3.07,1.67
C0810B,"Mussaká, c/ proteína texturizada de soja, c/ sal, (berinjela grelhada, c/ molho branco (farinha de trigo, manteiga e leite), c/ molho de tomate, c/ proteína texturizada de soja, queijo parmesão, salsa, cebolinha, pimenta-do-reino, c/ sal),",Vegetais e derivados,109,6.07,7.42,5.51,2.58
C0527N,"Papa de carne bovina moída (patinho), cenoura e batata baroa (mandioquinha, batata salsa), c/ caldo de carne, c/ cebola e óleo de soja, c/ sal,",Alimentos para fins especiais,114,13.2,4.41,4.69,0.92
C0077C,"Graviola, in natura, Psidium guajava L.,",Frutas e derivados,65,0.85,13.9,0.21,1.91
C0676A,"Pizza, lombo canadense, caseira, (massa (farinha de trigo, óleo, fermento biológico, sal e açúcar), lombo canadense, muçarela, c/ molho de tomate (tomate, c/ óleo, cebola e alho, c/ sal), c/ azeite de oliva),",Cereais e derivados,290,14.7,37.0,8.88,1.42
C0738B,"Sopa de entulho, c/ vegetais, c/ feijão vermelho, c/ sal, (cenoura, repolho, nabo, batata e feijão vermelho, c/ caldo de vegetais, c/ óleo, cebola e alho, c/ sal),",Vegetais e derivados,40,1.95,5.04,0.90,2.10
C0843B,"Tapioca, c/ banana, açúcar e canela,",Vegetais e derivados,248,0.60,60.9,0.05,0.96
C0487N,"Papa de carne bovina moída (patinho), cenoura e batata baroa (mandioquinha, batata salsa), c/ caldo de frango, c/ cebola e azeite de oliva, s/ sal,",Alimentos para fins especiais,114,13.2,4.43,4.67,0.92
C0650N,"Papa de peito de frango, batata baroa (mandioquinha, salsa) e abobrinha, c/ caldo de carne, c/ cebola e azeite de oliva, s/ sal,",Alimentos para fins especiais,283,11.5,4.34,24.2,0.79
C0031H,"Refrigerante, tipo guaraná, regular, c/ açúcar,",Bebidas,40,0.00,10.00,0.00,0.00
C0923F,"Bife à cavalo, c/ sal, (carne bovina contra-filé, ovo, c/ óleo, c/ sal),",Carnes e derivados,284,23.5,0.00,21.0,0.00
C0021N,"Molho, parmesan, light, Kenko,",Alimentos para fins especiais,397,1.14,3.48,41.7,1.40
C0499N,"Papa de carne bovina moída (patinho), cará e brócolis, c/ caldo de frango, c/ cebola e azeite de oliva, s/ sal,",Alimentos para fins especiais,116,13.7,3.89,4.72,1.26
C0025K,"Maria mole, coco,",Produtos açucarados,310,3.81,72.9,0.19,0.67
C0299B,"Batata, doce, s/ casca, cozida, drenada, c/ óleo de soja, c/ sal,",Vegetais e derivados,111,0.83,19.8,2.55,2.66
C0539F,"Carne, frango, caipira, inteiro, s/ pele, cozida, salsa, c/ molho de tomate (tomate, c/ óleo, cebola e alho), c/ pimenta-do-reino, s/ sal,",Carnes e derivados,163,21.3,1.80,7.64,0.83
C0431E,"Peixe, água salgada, atum, à milanesa (farinha de rosca e ovo), frito (c/ óleo de soja), s/ sal, Thunnus thynnus,",Pescados e Frutos do mar,296,31.8,14.1,12.2,0.96
C0177T,"Salada, feijão fradinho, s/ óleo, s/ sal, (feijão fradinho cozido, tomate, cebola, salsa, suco de limão, s/ óleo, s/ sal),",Leguminosas e derivados,75,4.75,10.1,0.56,5.54
C0621A,"Suflê, batata baroa (mandioquinha, salsa), c/ molho branco, c/ queijo parmesão, c/ sal, (batata baroa (mandioquinha, salsa), ovo de galinha, farinha de rosca, salsa, queijo parmesão, c/ molho branco (farinha de trigo, manteiga e leite), c/ óleo, cebola e alho, c/ sal),",Cereais e derivados,139,5.05,11.4,8.03,0.79
C0544F,"Carne, frango, inteiro, ensopado, c/ tomate, pimentão, batata, salsa, c/ óleo, cebola e alho, c/pimenta-do-reino, c/ sal,",Carnes e derivados,127,14.9,3.02,5.98,0.75
C0151T,"Quibe vegetariano com tomate e pimentão, c/ sal, (trigo para quibe e proteína de soja texturizada (hidratados com caldo de legumes), alho, cebola, tomate, pimentão, hortelã, c/ pimenta-do-reino, c/ sal),",Leguminosas e derivados,124,13.6,14.0,0.57,3.93
C0211E,"Peixe, água salgada, sardinha, filé, cozido, c/ molho branco (farinha de trigo, manteiga e leite), c/ sal, Sardinella brasiliensis,",Pescados e Frutos do mar,133,19.7,2.68,4.88,0.05
C0410F,"Carne, boi, maminha, grelhada, c/ manteiga, s/ sal,",Carnes e derivados,287,27.7,0.16,19.3,0.00
C0117A,"Macarrão, trigo, seco, cru (média de diferentes marcas),",Cereais e derivados,359,10.2,74.7,1.64,2.61
C0534N,"Papa de carne bovina moída (patinho), abóbora (jerimum) e chuchu, c/ caldo de carne, c/ cebola e óleo de soja, s/ sal,",Alimentos para fins especiais,113,14.0,2.75,4.93,0.83
C0638F,"Carne, bovina, patinho, s/ gordura, refogada (c/ óleo, cebola e alho), c/ sal, Bos taurus,",Carnes e derivados,164,27.8,0.61,5.58,0.13
C0811B,"Mussaká, c/ proteína texturizada de soja, s/ sal, (berinjela grelhada, c/ molho branco (farinha de trigo, manteiga e leite), c/ molho de tomate, c/ proteína texturizada de soja, queijo parmesão, salsa, cebolinha, pimenta-do-reino, s/ sal),",Vegetais e derivados,88,4.59,7.59,3.82,2.59
C0012D,"Margarina, c/ óleo interesterificado (65% lipídeos), c/ sal,",Gorduras e óleos,604,,0.00,67.1,
C0128F,"Carne, frango, fígado, crua, Gallus gallus,",Carnes e derivados,113,17.4,1.61,4.13,0.00
C0100G,"Bebida, leite integral, c/ chocolate em pó (10%), s/ açúcar,",Bebidas,98,3.46,13.8,3.26,0.00
C0697N,"Papa de feijão carioca, abobrinha e beterraba, c/ caldo de carne, c/ cebola, s/ óleo, s/ sal,",Alimentos para fins especiais,47,2.60,5.62,0.70,3.70
C0041A,"Biscoito, doce, banana/aveia/mel, Gran´dia,",Cereais e derivados,454,7.60,73.6,13.8,2.30
C0132N,"Papa de feijão carioca, macarrão e chicória, c/ caldo de frango, c/ cebola, c/ óleo de soja, s/ sal,",Alimentos para fins especiais,82,3.33,8.50,2.99,3.88
C0537F,"Carne, frango, caipira, inteiro, c/ pele, cozida, salsa, c/ molho de tomate (tomate, c/ óleo, cebola e alho), c/ pimenta-do-reino, s/ sal,",Carnes e derivados,196,17.3,1.66,13.2,0.83
C1064A,"Pastel, c/ recheio de frango, queijo e milho, frito, caseiro, (massa - farinha de trigo, margarina, água e sal, peito de frango cozido, queijo muçarela, milho verde, c/ sal, frito (c/ óleo de soja)),",Cereais e derivados,522,13.7,29.0,26.8,1.09
C0038D,"Óleo, coco,",Gorduras e óleos,892,0.00,0.00,99.1,0.00
C0993B,"Salada, vegetais cozidos - brócolos, cenoura, couve-flor, c/ molho vinagrete (tomate, cebola, salsa, vinagre, azeite de oliva), c/ sal,",Vegetais e derivados,28,1.44,1.85,1.10,2.35
C0468E,"Pasta de atum, caseira, c/ sal, (atum em conserva, maionese, mostarda, cebola, salsa, cebolinha, pimenta-do-reino, c/ sal),",Pescados e Frutos do mar,183,10.6,6.47,12.7,0.52
C0489F,"Carne, porco, pernil, assada, c/ tucupi, pimenta-de-cheiro, jambu, chicória (coentro bravo), cebola, alho, c/ sal,",Carnes e derivados,196,22.9,3.90,9.69,0.66
C0141K,"Sorvete, industrializado (média de diferentes sabores),",Produtos açucarados,210,3.50,25.7,10.1,0.93
C0841F,"Carne, pato, inteiro, cozido, assado, s/ óleo, c/ sal,",Carnes e derivados,126,28.7,0.92,0.88,0.00
C0002C,"Abacaxi, polpa, in natura, Ananas comosus L.,",Frutas e derivados,50,0.68,10.5,0.33,1.12
C0053C,"Pera, ´Williams´, c/ casca, in natura, Pyrus communis L.,",Frutas e derivados,53,0.57,11.0,0.11,3.01
C0860F,"Carne, porco, cozida, s/ óleo, s/ sal,",Carnes e derivados,189,36.2,0.00,4.90,0.00
C1082B,"Quibe com batata, vegetariano, c/ sal, (trigo para quibe (hidratado com caldo de legumes), alho, cebola, batata, hortelã, pimenta do reino, c/ sal),",Vegetais e derivados,53,1.81,9.30,0.42,2.45
C0735A,"Bruschetta, c/ tomate, c/ sal, (pão italiano, tomate, azeite de oliva, alho, manjericão, c/ sal),",Cereais e derivados,238,6.90,36.2,6.65,2.62
C0517N,"Papa de carne bovina moída (patinho) e abóbora cabotian (japonesa), c/ caldo de carne, c/ cebola e azeite de oliva, s/ sal,",Alimentos para fins especiais,118,14.2,3.58,5.03,1.02
C0063H,"Bebida, café, infusão 8% - médio, c/ açúcar,",Bebidas,31,0.53,7.16,0.05,0.00
C0209F,"Salame, hamburguês, porco, Sadia,",Carnes e derivados,323,27.7,3.32,22.1,
C0903A,"Macarrão, carbonara, s/ sal, (macarrão, trigo, cozido, ovo de galinha, c/ toucinho defumado (bacon), c/ queijo parmesão, c/ pimenta-do-reino, s/ sal),",Cereais e derivados,269,12.9,12.0,18.6,0.72
C0591F,"Caldeirada de cordeiro, c/ sal, (carne cordeiro, tomate, pimentão, alecrim, vinho branco, c/ caldo de vegetais, c/ óleo, cebola e alho, c/ pimenta-do-reino e pimenta vermelha, c/ sal),",Carnes e derivados,117,14.6,1.72,5.18,0.58
C0540A,"Arroz com coco, c/ arroz polido, s/ sal, (arroz polido, c/ coco e leite de coco, c/ óleo, cebola e alho, s/ sal),",Cereais e derivados,180,2.36,21.0,9.28,1.57
C0142T,"Bebida, substituto do leite - extrato de soja, natural, c/ achocolatado em pó, s/ açúcar,",Bebidas,77,2.86,12.2,1.73,0.76
C0675F,"Carne, boi, peito, s/ gordura, cozida, s/ óleo, c/ sal, Bos taurus,",Carnes e derivados,330,22.1,0.00,26.9,0.00
C0084E,"Peixe, água salgada, anchova, filé, defumado,  Pomatus saltatrix,",Pescados e Frutos do mar,226,22.3,0.00,15.2,0.00
C0367B,"Salada, legumes cozidos, c/ molho para salada, c/ sal, (batata, cenoura, chuchu, c/ molho de salada - salsa, vinagre de maçã, azeite de oliva, c/ sal),",Vegetais e derivados,60,0.84,5.36,3.51,1.61
C0493B,"Salada, beterraba cozida, c/ molho vinagrete (tomate, cebola, salsa, vinagre, azeite de oliva), s/ sal,",Vegetais e derivados,42,1.15,4.34,1.82,1.83
C0086E,"Peixe, água doce, Corimba, cru, Prochilodus lineatus,",Pescados e Frutos do mar,123,17.4,0.00,5.99,0.00
C0244A,"Sanduíche, hambúrguer bovino grelhado (c/ pão hambúrguer), c/ catchup, mostarda e maionese,",Cereais e derivados,226,8.06,27.4,9.14,1.50
C0029T,"Feijão, vermelho, cozido, s/ óleo, s/ sal, Phaseolus vulgaris L.,",Leguminosas e derivados,106,8.67,13.0,0.50,7.40
C0573A,"Canelone, c/ ricota e espinafre, s/ molho, caseiro, c/ sal, (massa com trigo, c/ ricota e espinafre, c/ sal),",Cereais e derivados,112,6.65,14.0,2.97,1.22
C0042L,"Molho de iogurte picante, c/ sal, caseiro, (iogurte natural, creme de leite, cream cheese, vinho branco, páprica, molho de pimenta, suco de limão, c/ azeite de oliva, c/ pimenta-do-reino e pimenta vermelha, c/ sal),",Miscelâneas,188,4.22,4.38,16.6,0.33
C0199F,"Presunto, porco, cozido, p/ lanche (média de várias amostras),",Carnes e derivados,121,15.1,2.32,5.70,
C0160K,"Bombom, chocolate ao leite, Alpino, Nestlê,",Produtos açucarados,548,6.15,59.0,31.5,1.92
C0270N,"Papa de fígado bovino e cará, c/ caldo de frango, c/ cebola, s/ óleo, c/ sal,",Alimentos para fins especiais,118,12.8,7.81,3.68,1.06
C0043E,"Peixe, água salgada, bacalhau, salgado, cru,",Pescados e Frutos do mar,127,28.8,0.00,1.32,0.00
C0816A,"Prato de comida brasileiro (região Nordeste), 90 g de arroz, polido, cozido + 140 g de feijão, preto, cozido (50% grão e 50% caldo) + 35 g de carne, boi, quarto traseiro, s/ gordura + 80 g de milho, cuscuz, cozido - c/ óleo, cebola e alho, c/ sal),",Cereais e derivados,118,5.96,15.1,2.78,4.08
C0055C,"Carambola, c/ casca, in natura, Averrhoa carambola L.,",Frutas e derivados,47,0.87,9.45,0.18,2.03
C0050F,"Carne, boi, quarto traseiro, crua (média de diferentes cortes), Bos taurus,",Carnes e derivados,155,21.0,0.19,7.82,0.00
C0744A,"Pastel de forno, recheado c/ frango e requeijão, assado, (farinha de trigo, manteiga, ovo, peito de farngo refogado (c/ óleo, cebola e alho), requeijão, c/ sal),",Cereais e derivados,469,10.9,36.9,30.6,1.31
C0406E,"Peixe, água salgada, abadejo, filé, cozido, ao molho branco (farinha de trigo, manteiga e leite), s/ sal, Genypterus blacodes,",Pescados e Frutos do mar,90,13.7,2.74,2.68,0.05
C0329N,"Papa de feijão carioca, batata doce, abóbora cabotian (japonesa) e cenoura, c/ caldo de frango, c/ cebola, s/ óleo, s/ sal,",Alimentos para fins especiais,58,2.94,7.29,0.99,4.18
C0695F,"Carne, porco, costela, assada, c/ molho de tomate (tomate, c/ óleo, cebola e alho), s/ sal, Sus ssp,",Carnes e derivados,330,24.5,0.83,25.3,0.51
C0923A,"Panetone, c/ frutas cristalizadas, caseiro, (farinha de trigo, manteiga, ovo, fermento biológico, frutas cristalizadas, c/ sal, c/ açúcar),",Cereais e derivados,413,7.74,73.3,9.46,1.81
C0407B,"Salada, vegetais crus, c/ azeite de oliva, c/ sal, (tomate, cebola, c/ azeite de oliva, c/ sal),",Vegetais e derivados,64,1.12,3.05,4.90,1.60
C0035K,"Torta, mousse , limão, Sadia,",Produtos açucarados,206,4.12,28.7,8.27,0.11
C0662B,"Salada, almeirão, cru, s/ óleo, s/ sal,",Vegetais e derivados,20,1.78,1.08,0.29,3.04
C0360N,"Papa de carne bovina moída (patinho), fubá e espinafre, c/ caldo de frango, c/ cebola, s/ óleo, c/ sal,",Alimentos para fins especiais,44,1.87,7.53,0.36,1.51
C0210T,"Pasta de feijão vermelho, Frijoles, c/ pimenta-do-reino, c/ óleo, cebola e alho, c/ sal,",Leguminosas e derivados,114,8.38,13.0,1.58,7.19
C0420N,"Creme de frutas vermelhas, c/ morango, framboesa, mirtilo e amora, c/ iogurte integral, s/ açúcar,",Alimentos para fins especiais,48,2.23,6.20,1.25,1.66
C0035L,"Flor de sal,",Miscelâneas,0,0.00,0.00,0.00,0.00
C0506F,"Sopa, carne bovina, c/ macarrão, c/ vegetais, s/ sal, (carne bovina (músculo), c/ macarrão, c/ cenoura, chuchu e abóbora, c/ caldo de carne, c/ óleo, cebola e alho, s/ sal),",Vegetais e derivados,89,7.55,5.36,3.94,0.85
C0021U,"Mix de castanhas, caramelizada,",Sementes e Oleaginosas,579,14.0,33.0,42.3,5.77
C0228A,"Macarrão, trigo, integral, cru,",Cereais e derivados,352,14.0,65.4,1.61,10.0
C0991F,"Almôndega, carne bovina, grelhada, caseira, s/ sal, (carne bovina moída patinho, farinha de rosca, salsinha e cebolinha, pimenta do reino, cebola, c/ óleo de soja, s/ sal),",Carnes e derivados,245,30.3,8.02,10.1,0.70
C0368N,"Papa de arroz polido, feijão carioca e carne bovina moída (acém), c/ caldo de frango, c/ cebola e azeite de oliva, c/ sal,",Alimentos para fins especiais,131,10.2,7.71,6.05,2.26
C0056E,"Peixe, água salgada, pescada, filé, frito, s/ sal,",Pescados e Frutos do mar,146,28.4,0.00,3.57,0.00
C0159F,"Carne, porco, bisteca, frita (c/ óleo de soja), s/ sal, Sus ssp.,",Carnes e derivados,298,33.3,0.05,18.3,0.00
C0018F,"Carne, bovina, quarto dianteiro, s/ gordura, cozida, s/ óleo, s/ sal, Bos taurus,",Carnes e derivados,189,26.5,1.12,8.70,0.00
C0977B,"Salada, cenoura cozida, cebola, c/ molho vinagrete (tomate, cebola, salsa, vinagre, azeite de oliva), c/ sal,",Vegetais e derivados,30,0.82,3.38,0.98,2.03
C0337F,"Carne, boi, contra-filé de costela, grelhada, c/ molho branco (farinha de trigo, manteiga e leite), c/ sal,",Carnes e derivados,281,25.6,3.38,18.3,0.05
C0691N,"Papa de feijão preto, abobrinha e beterraba, c/ caldo de carne, c/ cebola, s/ óleo, s/ sal,",Alimentos para fins especiais,40,2.52,4.64,0.29,4.25
C0800B,"Açafrão, pistilo, in natura, Crocus sativus,",Vegetais e derivados,352,11.4,61.5,5.85,3.90
C0027D,"Óleo, girassol, Helianthus annus L.,",Gorduras e óleos,900,0.00,0.00,100.0,0.00
C0855A,"Macarrão, trigo, c/ salsicha, salsa, cebolinha, c/ molho de tomate (tomate, c/ óleo, cebola e alho), c/ sal,",Cereais e derivados,134,4.52,18.7,4.37,1.12
C0477F,"Bolinho de mandioca (aipim, macaxeira), recheada c/ carne moída, caseiro, frito, (mandioca (aipim, macaxeira), carne moída (acém) refogada (c/ óleo, cebola e alho), óleo para fritura, c/ sal),",Carnes e derivados,175,2.65,21.8,8.22,1.58
C0429E,"Peixe, água salgada, filé/posta, cozido, c/ molho de tomate (tomate, c/ óleo, cebola e alho), s/ sal (média de várias espécies),",Pescados e Frutos do mar,108,17.7,0.47,3.79,0.51
C0537A,"Arroz com nozes, c/ arroz polido, s/ sal, (arroz polido, c/ noz, c/ óleo, cebola e alho, s/ sal),",Cereais e derivados,222,4.18,24.7,11.4,2.24
C0083K,"Sagu, mandioca, preparado c/ suco de uva, c/ açúcar,",Produtos açucarados,88,0.03,22.0,,0.18
C0217N,"Papa de carne bovina moída (acém), cenoura e batata baroa (mandioquinha, batata salsa), c/ caldo de frango, c/ cebola, s/ óleo, s/ sal,",Alimentos para fins especiais,96,10.2,4.55,3.92,0.93
C0731F,"Carne, boi, de primeira (alcatra, contrafilé, coxão mole, filé mignon, lagarto, patinho), cozida/grelhada/assada, c/ molho de tomate (tomate, c/ óleo, cebola e alho), c/ sal, Bos taurus,",Carnes e derivados,182,27.1,0.82,7.72,0.51
C0436B,"Salada, atum, c/ azeite de oliva, s/ sal, (atum, milho e ervilha em conserva, cenoura crua, cheiro verde, c/ azeite de oliva, s/ sal),",Vegetais e derivados,89,11.9,5.48,1.70,1.82
C0343N,"Papa de carne bovina moída (acém), arroz e brócolis, c/ caldo de frango, c/ cebola, c/ azeite de oliva, c/ sal,",Alimentos para fins especiais,128,11.6,5.10,6.52,0.98
C0398B,"Salada, folhas, c/ óleo de soja, c/ sal, (alface americana, alface roxa, agrião, c/ óleo de soja, c/ sal),",Vegetais e derivados,60,1.41,0.42,5.48,1.65
C0188K,"Biscoito, tipo goiabinha, c/ farinha integral, c/ recheio de goiaba, (farinha de trigo, farinha de trigo integral, açúcar, manteiga, ovo, casca de limão e goiabada),",Produtos açucarados,477,7.11,76.5,15.4,1.88
C0508B,"Salada, cenoura cozida, c/ molho de salada - salsa, vinagre de maçã, azeite de oliva, c/ sal,",Vegetais e derivados,47,0.62,2.29,3.51,2.06
C0402A,"Chia, semente, seca, Salvia hispanica L.,",Cereais e derivados,443,16.5,7.72,30.7,34.4
C0640A,"Rondele, muçarela, c/ molho de tomate, caseiro, c/ sal, (massa com farinha de trigo, c/ muçarela, c/ molho de tomate (tomate, c/ óleo, cebola e alho), c/ sal),",Cereais e derivados,205,12.4,10.7,12.3,1.20
C0122E,"Peixe, água salgada, abadejo, filé, congelado, assado, s/ óleo, c/ sal, Genypterus blacodes,",Pescados e Frutos do mar,105,23.4,0.00,1.23,0.00
C0111A,"Lasanha, pronta, industrializada (média diferentes sabores),",Cereais e derivados,132,5.77,12.2,6.39,1.50
C0852A,"Sanduíche, pão forma integral, c/ queijo minas, alface americana, cenoura crua, tomate, c/ maionese,",Cereais e derivados,165,7.19,13.6,8.61,2.09
C1071A,"Bolo de cenoura, c/ cobertura de chocolate e leite de coco, caseiro, (farinha de trigo, cenoura, açúcar, ovo, óleo de soja, cacau em pó, leite de coco e fermento químico),",Cereais e derivados,354,6.25,55.9,10.8,4.04
C0490E,"Farinha de piracuí, farinha de pescado (região AM),",Pescados e frutos do mar,349,70.2,0.00,7.60,0.00
C0567N,"Papa de fígado bovino e cará, c/ caldo de carne, c/ cebola, s/ óleo, s/ sal,",Alimentos para fins especiais,118,12.8,7.82,3.71,1.06
C0033R,"Maria mole, chocolate, em pó, Oetker,",Alimentos industrializados,378,21.6,66.9,1.80,4.03
C0037L,"Molho, inglês,",Miscelâneas,78,0.00,19.5,0.00,0.00
C0759A,"Sanduíche, pão forma integral, c/ ricota e temperos, alface e tomate,",Cereais e derivados,163,8.70,23.0,3.34,3.06
C0570B,"Salada, couve-flor, cozida, c/ molho de salada - salsa, suco de limão, azeite de oliva, c/ sal,",Vegetais e derivados,48,1.31,1.72,3.52,1.97
C0350F,"Carne, boi, contra-filé, s/ gordura, grelhada, c/ manteiga, s/ sal,",Carnes e derivados,246,32.3,0.74,12.6,0.00
C0048G,"Queijo, coalho,",Leite e derivados,335,23.7,1.94,25.9,0.00
C0982B,"Salada, repolho verde cru, c/ molho vinagrete (tomate, cebola, salsa, vinagre, azeite de oliva), c/ sal,",Vegetais e derivados,27,1.09,2.70,0.95,1.83
C0172K,"Bombom, chocolate ao leite, c/ recheio de banana, Caribe, Garoto,",Produtos açucarados,403,2.07,71.1,11.5,3.80
C0321F,"Carne, boi, capa de contra-filé, c/ gordura, grelhada, c/ molho de mostarda (creme de leite, suco de limão e mostarda), s/ sal,",Carnes e derivados,283,24.8,2.31,19.4,0.03
C0209K,"Geladinho (sacolé, dindim), c/ leite integral, leite condensado, leite de coco e coco ralado,",Produtos açucarados,230,4.91,28.0,10.8,0.67
C0378B,"Salada, vegetais crus, c/ molho de salada, c/ sal, (alface, tomate, cebola, c/ molho de salada - salsa, suco de limão, azeite de oliva, c/ sal),",Vegetais e derivados,53,1.24,2.80,3.68,1.72
C0090G,"Queijo, cheddar,",Leite e derivados,404,22.9,3.09,33.3,0.00
C0203K,"Geladinho (sacolé, dindim), c/ suco concentrado, leite integral e leite condensado,",Produtos açucarados,136,4.22,20.3,4.16,0.01
C0550B,"Salada, pimentão verde, amarelo e vermelho, cebola, crus, s/ óleo, s/ sal,",Vegetais e derivados,24,1.07,3.54,0.25,1.68
C0109C,"Suco natural, abacaxi, s/ açúcar,",Frutas e derivados,17,0.23,3.60,0.11,0.38
C0595F,"Carne, boi, filé mignon, s/ gordura, grelhada/assada, s/ óleo, c/ sal, Bos taurus,",Carnes e derivados,210,32.7,0.00,8.79,0.00
C0047N,"Refrigerante, c/ adoçante (média de diferentes sabores),",Alimentos para fins especiais,0,0.00,0.11,0.00,0.00
C0109K,"Maçã do amor, (maçã, c/ casca, c/ calda de açúcar),",Produtos açucarados,114,0.30,26.3,0.42,1.76
C0012G,"Iogurte, integral, ameixa,",Leite e derivados,67,2.99,10.0,1.63,0.23
C0041K,"Chocolate, amargo, Garoto,",Produtos açucarados,577,7.79,35.0,42.6,10.9
C0277E,"Ceviche de peixe, água doce, corvina, s/ sal, (peixe, água doce, corvina, cru, c/ cebola, suco de limão, pepino, tomate, pimenta jalapeño, coentro, salsa, c/ azeite de oliva, c/ pimenta do reino, s/ sal),",Pescados e Frutos do mar,95,13.1,1.62,3.89,0.47
C0104E,"Peixe, água doce, filé, grelhado/assado, s/ óleo, c/ sal (média de 7 espécies),",Pescados e Frutos do mar,140,23.2,0.00,5.26,0.00
C0568F,"Carne, galinha da angola, carne e pele, crua, Numida meleagris,",Carnes e derivados,152,23.4,0.00,6.45,0.00
C0265E,"Paella valenciana, s/ sal, (arroz polido, frango, frutos do mar - camarão, lula, polvo, mexilhão, tomate, pimentão, ervilha, açafrão, c/ óleo, cebola e alho, c/ pimenta do reino, s/ sal),",Pescados e Frutos do mar,118,10.8,12.3,2.60,1.00
C0891A,"Macarrão, c/ molho bolonhesa, c/ sal, (macarrão - espaguete, carne bovina - patinho moído, tomate, cebola, alho, c/ óleo de soja, c/ sal),",Cereais e derivados,114,4.91,21.6,0.89,0.77
C0160E,"Peixe, água salgada, pescada, branca, cozido, c/ molho branco (farinha de trigo, manteiga e leite), c/ sal, Cynoscion spp.,",Pescados e Frutos do mar,136,16.8,1.89,6.76,0.05
C0126A,"Canjica, milho, branca, crua,",Cereais e derivados,343,6.99,75.3,0.69,3.94
C0197C,"Uva, passa, coberta, c/ chocolate, ao leite,",Frutas e derivados,372,4.43,64.3,9.81,4.37
C0681A,"Pizza, 5 queijos, caseira, (massa (farinha de trigo, óleo, fermento biológico, sal e açúcar), muçarela, gorgonzola, requeijão, provolone e parmesão, c/ molho de tomate (tomate, c/ óleo, cebola e alho, c/ sal), c/ azeite de oliva),",Cereais e derivados,321,13.1,35.0,13.9,1.49
C0696F,"Carne, porco, costela, assada, c/ molho de tomate (tomate, c/ óleo, cebola e alho), c/ sal, Sus ssp,",Carnes e derivados,328,24.4,0.82,25.2,0.51
C0199K,"Geladinho (sacolé, dindim), c/ suco em pó, água, amido de milho, c/ açúcar,",Produtos açucarados,37,0.04,9.09,0.01,0.02
C0420F,"Carne, boi, miolo de alcatra, s/ gordura, grelhada, c/ molho de tomate (tomate, c/ óleo, cebola e alho), c/ sal,",Carnes e derivados,210,25.9,3.03,10.3,0.50
C0630F,"Carne, boi, lagarto, cozida, c/ molho de tomate (tomate, c/ óleo, cebola e alho), s/ sal, Bos taurus,",Carnes e derivados,186,26.6,0.83,8.34,0.51
C0109B,"Repolho, roxo, refogado (c/ óleo, cebola e alho), s/ sal, Brassica oleracea var. capitata,",Vegetais e derivados,45,1.80,5.81,1.24,1.75
C0874A,"Pão, trigo, ciabatta,",Cereais e derivados,269,10.1,47.8,1.90,3.00
C0519A,"Arroz com peixe, c/ arroz integral, s/ sal, (arroz integral, c/ peixe (água salgada, cação), tomate, pimentão amarelo e vermelho, c/ óleo, cebola e alho, s/ sal),",Cereais e derivados,102,6.31,11.5,3.02,1.75
C0009M,"Sanduíche, Whopper, c/ queijo, Burguer King,",Fast food,248,11.2,15.7,15.3,1.00
C0474F,"Carne, frango, empanado, tipo nuggets, congelado, frito (c/ óleo de soja),",Carnes e derivados,339,15.4,22.7,20.3,1.95
C0065C,"Mexerica, ´Murcote´, in natura, Citrus reticulata Blanco x Citrus sinensis (L.) Osbeck,",Frutas e derivados,58,0.88,11.8,0.13,3.07
C0488A,"Sanduíche, pão forma tradicional, c/ margarina, s/ sal,",Cereais e derivados,359,6.80,34.9,20.9,1.91
C0072G,"Vitamina, leite de vaca integral c/ banana, s/ açúcar,",Leite e derivados,71,2.51,9.61,2.45,0.44
C0052D,"Óleo, milho, assado, Zea mays,",Gorduras e óleos,900,0.00,0.00,100.0,0.00
C0098C,"Mamão, doce, em calda, drenado,",Frutas e derivados,215,0.19,52.7,0.07,1.31
C0139B,"Tucupi, com pimenta-de-cheiro, s/ óleo, s/ sal,",Vegetais e derivados,29,2.06,4.51,0.28,0.23
C0082T,"Feijão, guandu, grão, seco, cozido (50% grão e 50% caldo), s/ óleo, cebola e alho, c/ sal, Cajanus cajan,",Leguminosas e derivados,89,6.76,13.7,0.65,5.83
C0440E,"Peixe, água salgada, sardinha, filé, à milanesa (farinha de rosca e ovo), frito (c/ óleo de soja), s/ sal, Sardinella brasiliensis,",Pescados e Frutos do mar,316,24.8,14.3,17.5,0.96
C0214B,"Aipo (salsão), cozido, drenado, s/ óleo, c/ sal,",Vegetais e derivados,19,0.83,3.33,0.08,1.05
C0281B,"Jiló, c/ casca, assado, s/ óleo, s/ sal, Solanum gilo,",Vegetais e derivados,28,1.75,1.71,0.28,6.03
C0483E,"Peixe, água doce, Pirarucu, cultivado em Rondonia, cozido (a partir do peixe fresco), c/ cebolinha, alho, colorau (urucum), pimenta-do-reino, c/ sal (média de peixes com diferentes pesos e cortes), Arapaima gigas,",Pescados e frutos do mar,133,25.4,0.08,3.39,0.04
C0056H,"Bebida alcoólica, conhaque,",Bebidas,207,0.00,0.30,0.00,0.00
C0040F,"Carne, boi, lingua, cozida, s/ sal, Bos taurus,",Carnes e derivados,308,21.3,0.00,24.8,0.00
C0216N,"Papa de carne bovina moída (acém), cenoura e batata baroa (mandioquinha, batata salsa), c/ caldo de frango, c/ cebola, s/ óleo, c/ sal,",Alimentos para fins especiais,96,10.2,4.53,3.92,0.92
C0118T,"Feijão, fradinho (corda), cozido, drenado, s/ óleo, s/ sal, Vigna unguiculata (L.) Walp.,",Leguminosas e derivados,113,7.57,14.3,0.89,8.84
C0876A,"Guioza, caseiro, (farinha de trigo, água, repolho, lombo suíno, cebolinha, c/ óleo de soja, c/ óleo de gergelim, c/ sal),",Cereais e derivados,224,10.7,29.7,6.70,1.29
C0709F,"Carne, porco, pernil, refogada (c/ óleo, cebola e alho), s/ sal, Sus ssp,",Carnes e derivados,252,26.7,0.61,15.9,0.14
C0352E,"Peixe, água salgada, atum, conserva em óleo (média sólido ou ralado),",Pescados e Frutos do mar,167,25.3,1.46,6.63,0.00
C0683N,"Papa de feijão carioca, abobrinha e beterraba, c/ caldo de frango, c/ cebola e azeite de oliva, s/ sal,",Alimentos para fins especiais,61,2.54,4.93,2.69,3.30
C0153A,"Pão, integral, c/ fibras, forma, Grão Sabor,",Cereais e derivados,268,11.3,46.2,3.31,4.32
C1143A,"Macarrão, trigo, c/ carne bovina músculo, salsa, pimenta-do-reino, c/ óleo de soja e alho, c/ sal,",Cereais e derivados,145,5.93,19.3,4.66,1.12
C0661A,"Panetone, frutas, caseiro, (farinha de trigo, manteiga, ovo, fermento biológico, mamão verde em calda, uva passa, c/ sal, c/ açúcar),",Cereais e derivados,391,8.24,66.6,9.63,2.39
C1057F,"Carne, porco, vísceras, cozido, c/ óleo de soja, s/ sal (média de diferentes tipos), Sus ssp.,",Carnes e derivados,217,22.0,1.49,13.6,0.00
C0869F,"Carne, boi, costela, cozida, c/ óleo, c/ sal,",Carnes e derivados,344,27.7,0.00,25.9,0.00
C1100B,"Salpicão vegano, c/ creme de inhame, c/ sal, (inhame, cenoura, uva passa, maçã, milho e ervilha em conserva, salsinha e cebolinha, pimenta do reino, alho, c/ sal),",Vegetais e derivados,144,3.58,21.8,3.97,3.60
C0258N,"Papa de peito de frango e batata baroa (mandioquinha, batata salsa), c/ caldo de frango, c/ cebola, s/ óleo, c/ sal,",Alimentos para fins especiais,93,13.3,6.47,1.36,0.75
C0821B,"Creme, abóbora, cabotian (japonesa), c/ carne bovina, s/ sal, (abóbora, cabotian (japonesa), carne bovina (músculo), salsa, c/ caldo de carne, c/ molho branco (farinha de trigo, manteiga e leite), c/ óleo, cebola e alho, s/ sal),",Vegetais e derivados,87,6.43,5.60,4.10,0.96
C0231E,"Peixe, água salgada, pescada, branca, assado/grelhado, c/ vegetais (cebola, cenoura, vagem, abobrinha), c/ óleo, c/ sal,",Pescados e Frutos do mar,135,16.5,0.82,7.13,0.45
C0470N,"Papa de peito de frango, fubá e couve, c/ caldo de frango, c/ cebola, s/ óleo, c/ sal,",Alimentos para fins especiais,92,12.3,6.93,1.40,0.94
C0147C,"Suco natural, morango, s/ açúcar,",Frutas e derivados,16,0.45,2.67,0.22,0.91
C0225T,"Feijão preto, c/ beterraba, c/ óleo, cebola e alho, s/ sal,",Leguminosas e derivados,306,3.59,5.60,1.61,6.53
C0088H,"Bebida alcoólica, leite de onça, (leite condensado, leite de coco, aguardente (cachaça)),",Bebidas,207,3.27,23.1,6.37,0.14
C0240F,"Carne, frango, peito, s/ pele, cozida, c/ molho de tomate (tomate, c/ óleo, cebola e alho), s/ sal, Gallus gallus,",Carnes e derivados,131,25.6,0.44,2.68,1.35
C0623N,"Papa de carne bovina moída (patinho), arroz branco e brócolis, c/ caldo de carne, c/ cebola e azeite de oliva, c/ sal,",Alimentos para fins especiais,125,13.2,6.36,4.90,1.04
C0460A,"Bolo, chocolate, simples, (farinha de trigo, açúcar, manteiga, achocolatado, ovo e fermento químico),",Cereais e derivados,407,6.22,53.3,18.5,1.43
C0476F,"Croquete, carne, caseiro, frito (c/ óleo de soja), (farinha de trigo, leite, margarina, carne bovina moída (acém), farinha de rosca, ovo, óleo para fritura, c/ sal),",Carnes e derivados,291,8.91,37.2,11.5,1.51
C1040F,"Carne, peru, coxa, ensopado (c/ tomate e pimentão), c/ óleo de soja, cebola e alho, c/ sal, Meleagris gallopavo,",Carnes e derivados,166,19.2,1.01,9.38,0.29
C0482E,"Peixe, água doce, Pirarucu, dessalgado, desfiado, s/ sal , (pirarucu desssalgado, cebolinha, colorau, pimenta-do-reino, c/ óleo, cebola e alho, s/ sal), Arapaima gigas,",Pescados e Frutos do mar,177,49.4,0.56,49.4,0.25
C0071K,"Pudim, coco, em pó, preparado, Oetker,",Produtos açucarados,114,2.80,19.0,3.00,0.10
C0550N,"Papa de carne bovina (músculo), feijão carioca, batata, abóbora (jerimum) e cenoura, c/ caldo de carne, c/ cebola e óleo de soja, c/ sal,",Alimentos para fins especiais,102,10.7,3.85,4.43,1.86
C0156N,"Papa de peito de frango, batata baroa (mandioquinha, batata salsa) e abobrinha, c/ caldo de frango, c/ cebola, s/ óleo, c/ sal,",Alimentos para fins especiais,79,11.9,4.64,1.21,0.88
C0695A,"Cuscuz, camarão, s/ sal, (farinha de milho, camarão, ervilha e palmito em conserva, salsa, cebolinha, azeitona, tomate, ovo cozido, molho de tomate (tomate, c/ óleo, cebola e alho), s/ sal),",Cereais e derivados,102,3.13,13.1,3.69,2.15
C0098N,"Suplemento nutricional, Sustagen, Nestlè,",Alimentos para fins especiais,387,23.8,65.1,3.50,0.00
C0090C,"Umbu, polpa, congelada,",Frutas e derivados,35,0.51,7.52,0.07,1.34
C0080N,"Pão, trigo, doce, c/ creme diet, (pão - farinha de trigo, leite em pó, água, margarina, fermento biológico, c/ açúcar, c/ sal, creme de confeiteiro diet - leite desnatado, gema de ovo, aspartame e amido de milho),",Alimentos para fins especiais,231,7.81,42.1,3.01,2.15
C0168E,"Peixe, água salgada, pescada, frito (c/ óleo de soja), c/ sal, Macrodon oncylodon,",Pescados e Frutos do mar,148,16.7,0.00,9.00,0.00
C0864A,"Sanduíche, cheeseburguer, hambúrguer bovino grelhado (c/ pão hambúrguer), c/ queijo muçarela e maionese,",Cereais e derivados,271,12.1,25.7,13.1,1.10
C0750A,"Pastel de forno integral, recheado c/ carne, caseiro, assado, (farinha de trigo integral, manteiga, ovo, carne moída (acém) refogada (c/ óleo, cebola e alho), c/ sal),",Cereais e derivados,467,12.2,36.6,29.9,1.32
C0046B,"Cará, s/ casca, cozida, drenada, s/ óleo, s/ sal, Dioscorea alata L.,",Vegetais e derivados,77,1.53,16.2,0.11,2.63
C0086N,"Pão, trigo, c/ fibras, forma, Diet Bread,",Alimentos para fins especiais,231,12.1,41.9,0.64,4.53
C0706A,"Canapé, c/ massa filo, c/ salmão defumado, (massa filo assada com manteiga, salmão defumado, creme de leite, suco de limão, casca de limão, dill, c/ pimenta-do-reino, c/ sal),",Cereais e derivados,246,10.1,22.9,12.3,1.48
C0399E,"Peixe, água salgada, pescada, ensopado (c/ cebola, tomate e pimentão), c/ óleo, s/ sal, Macrodon oncylodon,",Pescados e Frutos do mar,157,18.0,0.16,9.30,0.51
C0421B,"Salada, nabo, cenoura, chuchu, c/ molho vinagrete (tomate, cebola, salsa, vinagre e azeite de oliva), c/ sal,",Vegetais e derivados,32,0.64,3.14,1.53,1.66
C0567A,"Canelone, c/ peito de frango refogado, c/ molho de tomate, caseiro, c/ sal, (massa com farinha de trigo, peito de frango refogado, c/ molho de tomate (tomate, c/ óleo, cebola e alho), c/ sal),",Cereais e derivados,144,16.9,10.4,3.60,1.07
C0365N,"Papa de arroz polido, feijão preto e carne bovina moída (acém), c/ caldo de frango, c/ cebola e azeite de oliva, s/ sal,",Alimentos para fins especiais,125,10.2,6.95,5.72,2.70
C0038E,"Peixe, água salgada, atum, ralado, conserva em óleo, Coqueiro,",Pescados e Frutos do mar,188,23.6,1.23,9.80,0.00
C0930B,"Pequi, polpa, cozido, s/ óleo, c/ sal, Caryocar brasiliense,",Vegetais e derivados,336,2.23,2.63,33.0,9.87
C0157H,"Ponche de frutas, com álcool, (espumante, refrigerante de limão, vodka, abacaxi, uva, kiwi, maçã, laranja e pêssego em calda),",Bebidas,65,0.45,9.11,0.23,1.01
C0326F,"Carne, boi, capa de contra-filé, s/ gordura, grelhada, c/ óleo e cebola, s/ sal,",Carnes e derivados,231,33.4,0.41,10.6,0.12
C0992A,"Torta, frango, (massa - leite, farinha de trigo, ovo e fermento químico, frango, tomate, salsa, c/ óleo, cebola e alho, c/ pimenta-do-reino, c/ sal),",Cereais e derivados,207,14.5,14.6,9.96,0.65
C0341A,"Sanduíche, pão forma tradicional, c/ peito de peru defumado, queijo muçarela, c/ manteiga,",Cereais e derivados,282,14.9,21.5,14.9,1.12
C0498B,"Salada, beterraba cozida, cebola, s/ óleo, s/ sal,",Vegetais e derivados,31,1.38,5.08,0.10,2.04
C0467B,"Pimentão, amarelo, cozido, drenado, s/ óleo, s/ sal, Capsicum annuum L.,",Vegetais e derivados,30,1.39,4.40,0.35,2.07
C0099A,"Cereal matinal, Snow Flakes,",Cereais e derivados,375,3.70,88.2,0.60,1.00
C0832F,"Carne, boi, pulmão, cozido, s/ óleo, c/ sal,",Carnes e derivados,114,20.3,0.00,3.68,0.00
C0110A,"Lasanha, massa fresca, c/ ovos, industrializada, crua,",Cereais e derivados,217,7.01,43.5,1.34,1.61
C0064T,"Feijoada, s/ sal, (feijão preto, carnes suínas (orelha, rabo, pé, costela dessalgada, lombo), toucinho defumado (bacon), paio, linguiça, c/ óleo de soja, cebola, alho, s/ sal),",Leguminosas e derivados,131,9.59,6.65,6.23,5.15
C0340F,"Carne, boi, contra-filé de costela, grelhada,  c/ manteiga, c/ sal,",Carnes e derivados,348,27.7,0.00,26.2,0.00
C0846F,"Carne, porco, pé, cozido, s/ óleo, s/ sal,",Carnes e derivados,232,21.9,0.00,16.1,0.00
C0432N,"Papa de carne bovina moída (acém) e abóbora cabotian (japonesa), c/ caldo de carne, c/ cebola e óleo de soja, s/ sal,",Alimentos para fins especiais,118,11.0,3.69,6.36,1.02
C0401A,"Amaranto, grão, cozido, s/ óleo, s/ sal, Amaranthus cruentus L.,",Cereais e derivados,100,3.80,16.6,1.59,2.10
C0035H,"Bebida alcoólica, vinho, branco (média diferentes amostras),",Bebidas,90,0.08,2.94,0.00,0.00
C0112H,"Bebida, capuccino tradicional (leite desnatado, café descafeinado - infusão e canela em pó), s/ açúcar,",Bebidas,32,2.19,4.61,0.36,0.78
C0134G,"Iogurte, grego, c/ frutas, integral,",Leite e derivados,106,7.33,12.3,3.00,0.00
C0988B,"Salada, chuchu cozido, cebola, c/ molho vinagrete (tomate, cebola, salsa, vinagre, azeite de oliva), c/ sal,",Vegetais e derivados,33,0.79,4.48,0.95,1.48
C0702B,"Cogumelo, Shitake, cozido, s/ óleo, s/ sal, Lentinula edodes,",Vegetais e derivados,62,1.56,12.3,0.22,2.10
C0055N,"Milho, pipoca, micro-ondas, light, preparado,",Alimentos para fins especiais,398,9.74,57.5,10.4,17.9
C1039A,"Macarrão, trigo, c/ feijão preto, c/ óleo, cebola e alho, s/ sal,",Cereais e derivados,118,3.76,20.3,1.74,2.88
C0083A,"Cereais, barra, banana, Ritter,",Cereais e derivados,361,6.42,73.8,3.14,6.00
C0288N,"Papa de peixe (pescada branca) e cará, c/ caldo de frango, c/ cebola, s/ óleo, c/ sal,",Alimentos para fins especiais,82,8.74,6.13,2.29,1.06
C0009C,"Banana, maçã, in natura, Musa spp.,",Frutas e derivados,109,1.49,23.9,0.27,2.38
C0088R,"Gelatina, s/ sabor, em pó,",Alimentos industrializados,343,85.6,0.00,0.10,0.00
C0057B,"Salsa, cozida, drenada, s/ óleo, s/ sal, Petroselium spp.,",Vegetais e derivados,43,3.39,4.43,0.56,3.17
C0026R,"Gelatina, morango, em pó, Oetker,",Alimentos industrializados,394,7.00,91.4,0.00,0.00
C0089L,"Molho, mostarda, caseiro, s/ sal, (creme de leite, suco de limão, mostarda, s/ sal),",Miscelâneas,197,1.52,9.80,17.0,0.18
C0728F,"Carne, boi, de primeira (alcatra, contrafilé, coxão mole, filé mignon, lagarto, patinho), frita (c/ óleo de soja), c/ sal, Bos taurus,",Carnes e derivados,263,30.7,0.00,15.6,0.00
C0134C,"Suco, concentrado, preparado, maracujá, c/ açúcar,",Frutas e derivados,35,0.08,8.62,0.02,0.03
C0142F,"Carne, ovino, ovelha, crua (média de diferentes cortes), Ovis aries,",Carnes e derivados,146,19.8,0.00,7.45,0.00
C0326B,"Beterraba, refogada (c/ óleo, cebola e alho), s/ sal, Beta vulgaris L.,",Vegetais e derivados,67,2.35,9.35,1.31,3.95
C0013J,"Ovo, galinha, vermelho, inteiro, cru,",Ovos e derivados,134,10.2,2.58,9.16,0.00
C0546A,"Arroz com brócolis, c/ arroz polido, s/ sal, (arroz polido, c/ brócolis, c/ óleo, cebola e alho, s/ sal),",Cereais e derivados,118,2.52,20.5,2.46,1.85
C0233F,"Carne, frango, peito, s/ pele, cozida, drenada, c/ óleo de soja, c/ sal, Gallus gallus,",Carnes e derivados,186,29.7,0.00,7.94,0.00
C0145N,"Papa de feijão carioca, batata, abóbora (jerimum) e cenoura, c/ caldo de frango, c/ cebola e óleo de soja, c/ sal,",Alimentos para fins especiais,72,2.95,6.40,2.98,4.06
C0410E,"Peixe, água salgada, pescada, branca, cozido, ao molho branco, s/ sal, Peixe, água salgada, pescada, branca, cozido, ao molho branco (farinha de trigo, manteiga e leite), s/ sal, Cynoscion spp.,",Pescados e Frutos do mar,136,16.8,1.89,6.76,0.05
C0021B,"Cheiro verde (50% cebolinha verde, 50% salsa), cru,",Vegetais e derivados,33,2.78,3.19,0.43,2.65
C0023T,"Ervilha, enlatada, drenada, Pisum sativum L.,Jurema,",Leguminosas e derivados,100,6.30,15.6,0.20,5.10
C0740F,"Carne, frango, asa, c/ pele, cozida (líquido do cozimento excluído), s/ óleo, c/ sal, Gallus gallus,",Carnes e derivados,222,21.0,0.00,15.3,0.00
C0553B,"Salada, repolho, branco, cru, c/ molho de salada - salsa, suco de limão, azeite de oliva, c/ sal,",Vegetais e derivados,51,1.17,2.75,3.46,1.87
C1031F,"Carne, rã, coxa e dorso, frito (c/ óleo de soja), s/ sal, Rana catesbeiana,",Carnes e derivados,154,21.7,2.70,6.31,0.00
C0268A,"Sanduíche, misto quente, pão francês, c/ presunto, queijo muçarela, c/ manteiga,",Cereais e derivados,298,13.9,25.6,15.3,1.09
C0885F,"Hambúrguer, bovino, grelhado, à pizzaiolo (queijo muçarela, tomate, c/ molho de tomate (tomate, c/ óleo, cebola e alho), c/ orégano, c/ sal,",Carnes e derivados,199,12.6,9.67,12.2,0.26
C0566F,"Xinxim de bofe, c/ sal, (pulmão bovino, camarão, castanha de caju, amendoim, suco de limão, leite de coco, coentro, gengibre, c/ azeite de dendê, c/ óleo, cebola e alho, c/ pimenta-do-reino, c/ sal),",Carnes e derivados,177,15.7,0.71,10.9,1.96
C0301C,"Pera, cozida, c/ cobertura de chocolate,",Frutas e derivados,151,1.47,20.7,6.34,2.61
C0143K,"Bem casado, c/ recheio de doce de leite, c/ açúcar polvilhado, (farinha de trigo, ovo, leite, manteiga, fermento químico, c/ doce de leite, c/ açúcar),",Produtos açucarados,411,6.67,57.9,16.8,0.62
C0159H,"Bebida, café, infusão 10%, s/ açúcar, c/ farinha de mandioca,",Bebidas,179,1.18,41.6,0.24,3.01
C0990B,"Salada, brócolis, tomate, queijo minas, azeitona, cebola, c/ molho vinagrete (tomate, cebola, salsa, vinagre, azeite de oliva), s/ sal,",Vegetais e derivados,86,4.57,2.68,6.81,2.06
C0029C,"Morango, in natura, Fragaria vesca L.,",Frutas e derivados,30,0.82,4.87,0.40,1.67
C0053G,"Mingau, de aveia, (leite, aveia, c/ açúcar),",Leite e derivados,110,4.11,14.3,3.84,0.82
C0094C,"Banana, doce, em barra,",Frutas e derivados,304,2.17,71.8,0.05,3.83
C0367N,"Papa de arroz polido, feijão preto e carne bovina moída (acém), c/ caldo de frango, c/ cebola, s/ óleo, s/ sal,",Alimentos para fins especiais,108,10.2,6.96,3.72,2.71
C0496E,"Peixe, água doce, Arraia (Raia), filé, assado, s/ óleo, s/ sal, Paratrygon eiereba e Potamotrygon motoro,",Pescados e frutos do mar,98,22.5,0.42,0.68,0.00
C0378E,"Coquetel de camarão, c/ molho rosé, c/ sal, (camarão, suco de limão, páprica, alface americana, c/ pimenta do reino, c/ molho rosé (maionese, molho inglês, conhaque, catchup, creme de leite e temperos), c/ óleo, cebola e alho, c/ sal),",Pescados e Frutos do mar,131,10.3,2.53,8.35,0.55
C0357E,"Molusco, ostra, cozido, s/ óleo, c/ sal, Crassostrea rhizophora,",Pescados e Frutos do mar,97,15.7,3.16,2.33,0.00
C0611A,"Macarrão, trigo, integral, c/ molho de tomate (tomate, c/ óleo, cebola e alho) e frutos do mar (camarão, lula e mexilhão), c/ óleo, cebola e alho, c/ sal,",Cereais e derivados,111,5.70,17.2,1.45,2.91
C0051R,"Pudim, chocolate c/ coco, mistura p/, Ducoco,",Alimentos industrializados,386,2.00,87.8,2.31,2.83
C0625B,"Salada, rabanete, c/ molho de salada - salsa, vinagre de maçã, azeite de oliva, c/ sal,",Vegetais e derivados,44,1.14,1.45,3.38,1.72
C0610N,"Papa de peito de frango, fubá e couve, c/ caldo de carne, c/ cebola, s/ óleo, s/ sal,",Alimentos para fins especiais,92,12.3,6.95,1.43,0.95
C0220A,"Macarrão, trigo, c/ ovos, c/ molho branco (leite, manteiga e farinha de trigo), c/ sal,",Cereais e derivados,139,3.96,23.9,2.88,0.69
C0041D,"Óleo, girassol, cozido, Helianthus annus L.,",Gorduras e óleos,900,0.00,0.00,100.0,0.00
C0533B,"Salada, pepino, cebola, c/ molho vinagrete (tomate, cebola, salsa, vinagre e azeite de oliva), s/ sal,",Vegetais e derivados,37,0.97,3.30,1.96,1.25
C0230C,"Suco natural, araçá, s/ açúcar,",Frutas e derivados,19,0.40,3.20,0.08,1.80
C0560F,"Roupa velha de charque (carne seca, carne de sol, jaba) c/ sal, (charque (carne seca, carne de sol, jaba)  dessalgada, tomate, pimentão, salsa, c/ óleo, cebola e alho, c/ pimenta-do-reino, c/ sal),",Carnes e derivados,228,29.4,3.08,10.8,0.38
C0520F,"Carne, ovino, ovelha, perna, cozida, c/ batata, cenoura, chuchu, abobrinha, ervilha em vagem, c/ óleo, cebola e alho, c/ alecrim, c/ pimenta do reino, s/ sal,",Carnes e derivados,137,17.6,2.31,6.05,1.28
C0525E,"Peixe, água doce, Tambaqui, frito (c/ óleo de soja), s/ sal (média de cortes e amostras), Colossoma macropomum,",Pescados e frutos do mar,161,24.4,0.00,7.02,0.00
C0008J,"Ovo, galinha, gema, crua (média de várias amostras),",Ovos e derivados,329,15.7,4.28,27.6,0.00
C0279E,"Ceviche de peixe, água salgada, pescada, s/ sal, (peixe, água salgada, pescada, cru, c/ cebola, suco de limão, pepino, tomate, pimenta jalapeño, coentro, salsa, c/ azeite de oliva, c/ pimenta do reino, s/ sal),",Pescados e Frutos do mar,99,12.0,1.62,4.85,0.47
C0304E,"Hot Filadélfia (Hot Roll), (arroz para sushi (c/ vinagre de arroz, açúcar e sal), salmão, cream cheese, alga nori, ovo, farinha de trigo, farinha de rosca, frito, c/ óleo de soja),",Pescados e Frutos do mar,273,9.04,24.1,14.8,3.72
C0597B,"Salada, chicória, c/ azeite de oliva, c/ sal,",Vegetais e derivados,139,0.97,0.48,14.4,1.88
C0233T,"Sopa, feijão preto, c/ carne bovina, c/ macarrão, c/ vegetais, s/ sal, (feijão preto, c/ carne bovina músculo, c/ macarrão, c/ batata, abobrinha, repolho e chuchu, c/ caldo de carne, c/ óleo, cebola e alho, s/ sal),",Leguminosas e derivados,52,5.25,6.35,1.69,2.87
C0224K,"Fios de ovos, c/ calda de açúcar, caseiro (gema de ovo, água, extrato de baunilha, c/ açúcar),",Açúcares e doces,293,7.30,37.2,12.5,0.00
C0111G,"Iogurte, natural, desnatado, c/ granola, caseira (aveia em flocos, flocos de milho, semente de chia e linhaça, coco, mel, oleagionosas - noz, castanha de caju e Brasil, amêndoa e avelã, damasco seco, uva passa, c/ óleo de milho, c/ canela),",Leite e derivados,121,5.37,16.5,3.35,1.57
C0935B,"Charuto de repolho, c/ carne moída refogada, c/ molho de tomate, c/ sal, (repolho branco, recheado com arroz e carne bovina, patinho moído, refogada, c/ molho de tomate  (tomate, c/ óleo, cebola e alho), c/ sal),",Vegetais e derivados,94,6.52,7.63,3.90,1.30
C0659A,"Suflê, frango, c/ molho branco, c/ sal, (peito de frango, ovo de galinha, farinha de rosa, salsa, c/ molho branco (farinha de trigo, manteiga e leite), c/ óleo, cebola e alho, c/ sal),",Cereais e derivados,162,15.4,7.40,7.77,0.26
C0522N,"Papa de carne bovina moída (patinho), macarrão e brócolis, c/ caldo de carne, c/ cebola e óleo de soja, s/ sal,",Alimentos para fins especiais,127,15.1,4.75,5.04,0.93
C0500B,"Salada, cenoura, crua, c/ azeite de oliva, c/ sal,",Vegetais e derivados,127,0.99,4.04,11.3,2.64
C0522A,"Arroz com frutos do mar, c/ arroz integral, c/ sal, (arroz integral, c/ camarão, lula, mexilhão, tomate, pimentão amarelo e vermelho, c/ óleo, cebola e alho, c/ sal),",Cereais e derivados,107,9.27,10.8,2.68,1.37
C0786B,"Farofa, cenoura com ovos, c/ sal, (farinha de mandioca (aipim, macaxeira), cenoura, ovo, azeitona, salsa, c/ óleo, cebola e alho, c/ sal),",Vegetais e derivados,278,2.95,43.3,9.31,4.37
C0473E,"Peixe, água doce, Pirarucu, músculo dorsal/ventral, salgado, seco (média de várias amostras estado AM), Arapaima gigas,",Pescados e Frutos do mar,185,28.6,0.00,7.88,0.00
C0002K,"Achocolatado, em pó, Nescau,",Produtos açucarados,390,5.00,83.2,3.00,5.00
C0086T,"Fava, grão, seco, cozida (grão e água), s/ óleo, s/ sal, Vicia faba L.,",Leguminosas e derivados,67,5.51,8.37,0.30,4.51
C0265T,"Queijo vegetal, c/ tremoço, castanha de caju e polvilho, c/ sal, (tremoço, castanha de caju, água, alho em pó, suco de limão, óleo de girassol, polvilho, ágar ágar, c/ sal),",Leguminosas e derivados,138,4.38,10.7,7.97,2.82
C0654B,"Salada, vegetais cozidos, c/ molho vinagrete, c/ sal, (brócolis, cenoura e couve-flor cozidos, c/ molho vinagrete (tomate, cebola, salsa, vinagre e azeite de oliva, c/ sal),",Vegetais e derivados,31,1.41,1.99,1.47,2.28
C0272T,"Quibe de proteína de soja, c/ sal, (trigo para quibe, proteína de soja (hidratados com caldo de legumes), pimentão, tomate, alho, cebola, hortelã, pimenta do reino, c/ sal),",Miscelâneas,136,15.0,15.0,0.74,4.29
C0140A,"Milho, curau, cozido, (milho verde, amido de milho, leite em pó, c/ açúcar),",Cereais e derivados,79,2.36,13.5,1.64,0.46
C0601A,"Macarrão, trigo, c/ presunto, ervilha, c/ molho branco (farinha de trigo, manteiga e leite) (farinha de trigo, manteiga e leite), c/ sal,",Cereais e derivados,144,5.05,20.5,4.50,0.89
C0263N,"Papa de peito de frango e batata doce, c/ caldo de frango, c/ cebola e azeite de oliva, c/ sal,",Alimentos para fins especiais,134,13.7,11.3,3.40,1.46
C0152N,"Papa de peito de frango, batata baroa (mandioquinha, batata salsa) e abobrinha, c/ caldo de frango, c/ cebola e azeite de oliva, c/ sal,",Alimentos para fins especiais,96,11.8,4.50,3.21,0.84
C0419E,"Peixe, água salgada, atum, cozido,  c/ molho de tomate (tomate, c/ óleo, cebola e alho), s/ sal, Thunnus thynnus,",Pescados e Frutos do mar,118,25.1,0.05,1.89,0.51
C0169H,"Bebida alcóolica, gin tônica (refrigerante tônica, gin e suco de limão),",Bebidas,109,1.11,4.17,0.58,0.12
C0186N,"Papa de peito de frango, batata baroa (mandioquinha, batata salsa) e cenoura, c/ caldo de frango, c/ cebola, s/ óleo, c/ sal,",Alimentos para fins especiais,77,11.7,4.31,1.21,0.92
C0412A,"Sanduíche, bauru (pão francês, c/ presunto, queijo muçarela e tomate),",Cereais e derivados,220,12.9,24.0,7.78,1.25
C0676N,"Papa de feijão preto, abobrinha e beterraba, c/ caldo de frango, c/ cebola e óleo de soja, c/ sal,",Alimentos para fins especiais,54,2.47,3.93,2.28,3.84
C0165B,"Abóbora, moranga, s/ casca, s/ semente, cozida, drenada, s/ óleo, s/ sal,",Vegetais e derivados,17,1.22,1.57,0.14,2.42
C0922B,"Aspargo, cozido, s/ óleo, c/ sal,",Vegetais e derivados,24,2.39,2.10,0.22,1.99
C0498N,"Papa de carne bovina moída (patinho), cará e brócolis, c/ caldo de frango, c/ cebola e óleo de soja, s/ sal,",Alimentos para fins especiais,116,13.7,3.89,4.72,1.26
C1016F,"Carne, quelônio, Tracajá, ensopado (c/ tomate e pimentão), c/ óleo de soja, cebola e alho, c/ sal, Podocnemis unifilis,",Carnes e derivados,187,20.6,1.01,2.57,0.29
C0453F,"Carne, boi, peito, s/ gordura, grelhada, c/ molho de mostarda (creme de leite, suco de limão e mostarda), c/ sal,",Carnes e derivados,301,17.9,2.04,24.6,0.03
C0386E,"Frutos do mar ao leite de coco, s/ sal, (camarão, lula, polvo, mexilhão, tomate, pimentão, leite de coco, azeite de dendê, salsa, coentro, páprica, c/ pimenta do reino, c/ óleo, cebola e alho, s/ sal),",Pescados e Frutos do mar,138,13.2,2.42,8.22,0.50
C0029U,"Milkshake, paçoca de amendoim, c/ calda de cacau, vegano, (bebida vegetal à base de coco, água, bebida vegetal à base de amêndoa, amendoim, castanha de caju, amêndoa, óleo de coco, cacau em pó, melado, c/ açúcar mascavo),",Sementes e Oleaginosas,269,6.28,12.8,20.8,2.49
C0243C,"Suco natural, graviola, s/ açúcar,",Frutas e derivados,21,0.41,4.15,0.08,1.24
C0014K,"Doce, leite, cremoso (média de diferentes amostras),",Produtos açucarados,316,6.12,58.8,6.26,0.00
C0496A,"Sanduíche, pão francês, c/ carne suína refogada, c/ óleo, cebola e alho, c/ sal,",Cereais e derivados,292,19.5,30.4,9.94,1.43
C0843F,"Carne, frango, coxa, s/ pele, cozida, s/ óleo, c/ sal,",Carnes e derivados,159,26.6,0.00,5.82,0.00
C0435B,"Salada,  c/ arroz integral, s/ óleo, s/ sal, (arroz integral, aipo (salsão), pimentão verde e vermelho, salsa, azeitona preta, vinagre de maçã, s/ óleo, s/ sal),",Vegetais e derivados,76,1.79,12.5,1.55,1.94
C0113E,"Peixe, água doce, filé, ensopado (c/ cebola, tomate e pimentão), c/ óleo, c/ sal (média de 7 espécies),",Pescados e Frutos do mar,120,17.7,0.83,4.97,0.51
C0742F,"Carne, frango, asa, c/ pele, assada, s/ óleo, c/ sal, Gallus gallus,",Carnes e derivados,233,23.1,0.00,15.6,0.00
C0610A,"Macarrão, trigo, integral, c/ molho de tomate (tomate, c/ óleo, cebola e alho) e frutos do mar (camarão, lula e mexilhão), queijo parmesão, c/ óleo, cebola e alho, c/ sal,",Cereais e derivados,130,7.12,16.4,3.34,2.89
C0983A,"Ravioli verde, c/ recheio de muçarela de búfala e manjericão, c/ molho de tomate, c/ sal, (farinha de trigo, espinafre, queijo muçarela de búfala, manjericão, c/ molho de tomate (tomate, óleo, alho, cebola), c/ sal),",Cereais e derivados,147,5.93,22.1,3.53,1.70
C0596A,"Macarrão, trigo, c/ vegetais, c/ sal, (massa com trigo, pimentão vermelho e amarelo, abobrinha, brocólis, cenoura, c/ óleo, cebola e alho, c/ sal),",Cereais e derivados,100,2.89,19.0,1.12,1.30
C0047T,"Soja, extrato, c/ suco de morango, Glycine max L.,Tonyu,",Leguminosas e derivados,61,1.58,11.3,0.94,0.34
C0112G,"Iogurte, natural, desnatado, c/ aveia, flocos,",Leite e derivados,115,6.31,16.7,2.07,1.95
C1001B,"Cenoura e milho, refogado (c/ óleo, cebola e alho), c/ salsa, c/ sal,",Vegetais e derivados,81,3.33,12.5,1.33,2.91
C0723B,"Legumes à parmegiana, c/ sal, (abobrinha e berinjela, à milanesa (farinha de trigo, ovo e farinha de rosca, frita em imersão), c/ molho de tomate (tomate, c/ óleo, cebola e alho), muçarela, c/ sal),",Vegetais e derivados,140,5.40,8.10,8.94,2.59
C0075H,"Bebida, capuccino (leite integral, infusão café descafeinado e cacau em pó), s/ açúcar,",Bebidas,68,3.22,5.60,3.17,2.02
C0172N,"Papa de arroz polido, abobrinha e ovo, c/ caldo de frango, c/ cebola e óleo de soja, s/ sal,",Alimentos para fins especiais,93,4.39,6.75,5.19,0.70
C0079N,"Torta de frutas, light, (massa brisse light (farinha de trigo, margarina light, gema, leite desnatado, c/ sal), creme de confeiteiro diet (leite desnatado, gema de ovo adoçante, amido de milho), morango, manga e kiwi),",Alimentos para fins especiais,131,3.47,18.5,4.54,1.11
C0725A,"Arroz com frango e pequi, c/ arroz integral, s/ sal, (arroz integral, frango, pequi, salsa, c/ óleo, cebola e alho, c/ pimenta-do-reino, s/ sal),",Cereais e derivados,182,11.9,9.39,10.2,2.53
C0007C,"Banana, nanica, in natura, Musa spp.,",Frutas e derivados,91,1.32,20.1,0.21,1.70
C0563N,"Papa de fígado bovino e cará, c/ caldo de carne, c/ cebola e óleo de soja, c/ sal,",Alimentos para fins especiais,135,12.8,7.66,5.71,1.01
C1009A,"Bolo, chocolate, c/ cobertura, chocolate, caseiro, (bolo - farinha de trigo, achocolatado, leite, açúcar, manteiga, ovo e fermento em pó, cobertura para bolo - cacau em pó, leite, manteiga e açúcar),",Cereais e derivados,411,6.57,54.3,18.1,2.35
C0737A,"Harumaki (rolinho primavera), peixe, frito, c/ sal, (massa com farinha trigo, recheado - pescada, requeijão, c/ cebola e alho, frito (c/ óleo de soja), c/ sal),",Cereais e derivados,318,11.8,15.9,22.9,0.52
C0090A,"Cereais, farinha, milho, Mucilon,",Cereais e derivados,377,5.92,86.2,0.90,0.00
C1066A,"Massa, panqueca, vegana, preparada, c/ sal, (farinha em trigo, aveia em flocos, bebida vegetal à base de amêndoas, óleo de girassol, c/ cúrcuma em pó, c/ sal),",Cereais e derivados,294,7.74,44.1,9.08,2.92
C1008B,"Guacamole, s/ sal, (avocado, tomate, cebola, alho, suco de limão, coentro, c/ pimenta-do-reino, c/ azeite de oliva, s/ sal),",Vegetais e derivados,166,1.76,2.66,15.3,5.17
C0435N,"Papa de carne bovina moída (acém) e abóbora cabotian (japonesa), c/ caldo de carne, c/ cebola, s/ óleo, s/ sal,",Alimentos para fins especiais,103,11.3,3.78,4.47,1.05
C0098E,"Peixe, água doce, Tilápia, filé s/ pele, cozido, s/ óleo, s/ sal, Oreochromis niloticus,",Pescados e Frutos do mar,108,22.2,0.00,2.07,0.00
C0376N,"Papa de macarrão, batata e couve, c/ caldo de frango, c/ cebola e óleo de soja, s/ sal,",Alimentos para fins especiais,72,2.22,9.87,2.31,1.41
C0017R,"Gelatina, abacaxi, em pó, Oetker,",Alimentos industrializados,396,6.60,92.5,0.00,0.00
C0342N,"Papa de maçã, abacaxi e goiaba, s/ açúcar,",Alimentos para fins especiais,55,0.61,10.6,0.45,2.99
C1090B,"Sopa/creme, abóbora cabotian, c/ frango, c/ sal, (abóbora cabotian (japonesa), peito de frango, molho branco (farinha de trigo, manteiga e leite), caldo de legumes, salsinha e cebolinha, pimenta do reino, c/ óleo de soja, cebola e alho, c/ sal),",Vegetais e derivados,83,6.23,6.04,3.50,1.14
C0064R,"Sagu, morango, mistura p/, Oetker,",Alimentos industrializados,381,0.40,94.7,0.10,
C0235C,"Buriti, polpa, sem casca, in natura, Mauritia flexuosa,",Frutas e derivados,207,2.19,7.41,15.4,15.0
C0042B,"Batata, doce, s/ casca, cozida, drenada, s/ óleo, s/ sal, Ipomoea batatas Lam.,",Vegetais e derivados,92,0.85,20.3,0.18,2.74
C0175F,"Hambúrguer, frango, cru, Sadia,",Carnes e derivados,218,14.1,4.92,15.8,
C0404B,"Salada, folhas e vegetais, c/ óleo de soja, c/ sal, (rúcula, tomate seco, c/ óleo de soja, c/ sal),",Vegetais e derivados,255,1.93,9.12,22.9,2.31
C0767F,"Linguiça, frango/porco, fresca, refogada (c/ óleo, cebola e alho), s/ sal,",Carnes e derivados,268,19.8,1.30,20.4,0.14
C0773B,"Bobó de frango, c/ sal, (mandioca (aipim, macaxeira), peito de frango refogado, tomate, cheiro verde, pimentão, leite de coco, azeite de dendê, c/ caldo de frango, c/ óleo, cebola e alho, c/ sal),",Vegetais e derivados,124,7.10,8.60,5.25,2.21
C0224N,"Papa de carne bovina moída (acém), cará e brócolis, c/ caldo de frango, c/ cebola e azeite de oliva, c/ sal,",Alimentos para fins especiais,115,10.7,3.97,5.97,1.26
C0112E,"Peixe, água doce, filé, ensopado (c/ cebola, tomate e pimentão), c/ óleo, s/ sal (média de 7 espécies),",Pescados e Frutos do mar,148,19.3,0.98,7.33,0.50
C0989A,"Salada, macarrão, trigo, c/ brócolis, tomate e peito de peru defumado, c/ azeite de oliva, c/ vinagre de maçã, c/ sal,",Cereais e derivados,114,4.93,16.5,2.88,1.13
C0051K,"Chocolate, ao leite, Garoto,",Produtos açucarados,535,7.22,57.4,30.3,2.17
C0213K,"Ameixa de queijo , (farinha de trigo, queijo minas, ovo, água, c/ açúcar),",Produtos açucarados,359,14.0,45.1,13.5,0.48
C0976F,"Carne, quelônio, Tracajá, c/ arroz polido, c/ sal, (carne, quelônio, Tracajá, arroz polido, alho, cebolinha, colorau (urucum), s/ óleo, c/ sal), Podocnemis unifilis,",Carnes e derivados,150,11.5,12.8,1.36,1.36
C0821A,"Bolo, cenoura, c/ recheio de brigadeiro, c/ cobertura de chocolate, caseiro, (bolo - cenoura, farinha de trigo, açúcar, ovo e fermento em pó, c/ óleo, recheio - leite condensado e chocolate, cobertura para bolo - cacau em pó, leite, manteiga e açúcar),",Cereais e derivados,358,6.02,61.4,9.42,1.82
C0251B,"Maxixe, c/ casca, refogado (c/ óleo, cebola e alho), s/ sal, Cucumis anguria,",Vegetais e derivados,37,2.44,1.92,1.33,3.75
C0591N,"Papa de carne moída bovina (patinho), feijão carioca, batata, abóbora (jerimum) e cenoura, c/ caldo de carne, c/ cebola, s/ óleo, s/ sal,",Alimentos para fins especiais,92,12.2,3.98,2.65,1.87
C0327N,"Papa de feijão carioca, batata doce, abóbora cabotian (japonesa) e cenoura, c/ caldo de frango, c/ cebola e azeite de oliva, s/ sal,",Alimentos para fins especiais,76,2.91,7.27,2.99,4.18
C0339A,"Sanduíche, pão forma tradicional, c/ peito de peru defumado, queijo muçarela, c/ maionese,",Cereais e derivados,250,13.8,21.1,12.1,1.03
C0343A,"Sanduíche, pão forma integral, c/ peito de peru defumado e queijo muçarela,",Cereais e derivados,235,16.6,20.9,8.84,2.40
C0007E,"Crustáceo, lagosta, cru, Panulirus argus,",Pescados e Frutos do mar,92,21.4,0.09,0.70,0.00
C0941B,"Charuto de repolho, c/ carne suína refogada, c/ molho de tomate, c/ sal, (repolho branco, recheado com arroz e carne suína refogada, c/ molho de tomate (tomate, c/ óleo, cebola e alho), c/ sal),",Vegetais e derivados,109,7.87,7.68,4.95,1.27
C0364B,"Salada, legumes cozidos, c/ azeite de oliva, c/ sal, (batata, cenoura, chuchu, c/ azeite de oliva, c/ sal),",Vegetais e derivados,69,0.75,5.28,4.66,1.60
C0283E,"Ceviche de frutos do mar, c/ salmão, cru, e frutos do mar cozidos, c/ sal, (peixe, água salgada, salmão, cru, frutos do mar cozidos - camarão, lula, polvo e vieira, c/ cebola, suco de limão, pepino, tomate, pimenta jalapeño, coentro, salsa, c/ azeite de oliva, c/ pimenta do reino, c/ sal),",Pescados e Frutos do mar,133,14.4,2.49,7.18,0.46
C0702A,"Cuscuz, marroquino (semolina), c/ cenoura, abobrinha, aipo e castanha de caju, s/ sal, (semolina, cenoura, abobrinha, aipo, castanha de caju, hortelã, pimenta-do-reino, açafrão, c/ óleo e cebola, s/ sal),",Cereais e derivados,136,4.13,12.5,7.20,2.07
C0005D,"Manteiga, levemente salgada, light, Teixeira,",Gorduras e óleos,427,0.12,1.21,46.9,0.00
C0137T,"Rubacão, (feijão fradinho, charque (carne seca, carne de sol, jaba) dessalgada, linguiça calabresa, arroz, tomate, pimentão, coentro, queijo coalho, c/ óleo, cebola e alho, c/ sal),",Leguminosas e derivados,181,9.90,10.5,10.4,2.64
C0404N,"Papa de batata, cenoura e carne bovina moída (patinho), c/ caldo de frango, c/ cebola e azeite de oliva, c/ sal,",Alimentos para fins especiais,109,13.3,3.04,4.64,0.83
C0087E,"Peixe, água doce, filé, cru (média de 7 espécies),",Pescados e Frutos do mar,109,18.0,0.00,4.07,0.00
C0278B,"Jiló, c/ casca, cozido, drenado, s/ óleo,  c/ sal, Solanum gilo,",Vegetais e derivados,27,1.68,1.63,0.26,5.77
C0121N,"Papa de peito de frango, batata doce e abobrinha, c/ caldo de frango, c/ cebola, c/ azeite de oliva, s/ sal,",Alimentos para fins especiais,109,12.1,7.36,3.23,1.28
C0086H,"Bebida, café - infusão 6% - suave, c/ leite desnatado (meio a meio), ""média"", c/ açúcar,",Bebidas,45,1.61,9.17,0.19,0.00
C0036U,"Mix de castanhas e sementes, c/ sal , (caju, Brasil, amendoim, gergelim, linhaça, c/ sal),",Sementes e Oleaginosas,594,19.6,10.9,49.5,13.3
C0600F,"Carne, bovina, filé mignon, s/ gordura, refogada (c/ óleo, cebola e alho), s/ sal, Bos taurus,",Carnes e derivados,195,28.7,0.61,8.62,0.14
C0055A,"Biscoito, salgado (média diferentes marcas e tipos),",Cereais e derivados,439,10.9,66.5,13.7,3.18
C0028C,"Melão, polpa, in natura, Cucumis melo,",Frutas e derivados,24,0.61,4.50,0.15,1.22
C0158N,"Papa de peito de frango, batata, abóbora cabotian (japonesa), c/ caldo de frango, c/ cebola e óleo de soja, c/ sal,",Alimentos para fins especiais,95,11.9,4.08,3.29,0.88
C0054K,"Chocolate, meio amargo,",Produtos açucarados,538,4.86,62.4,29.9,4.94
C0628N,"Papa de carne bovina moída (patinho), arroz branco e brócolis, c/ caldo de carne, c/ cebola, s/ óleo, s/ sal,",Alimentos para fins especiais,114,14.2,6.45,3.10,1.68
C0049A,"Biscoito, doce, wafer (média de diferentes sabores),",Cereais e derivados,518,5.42,65.7,25.7,0.90
C0067G,"Queijo, requeijão, Danúbio,",Leite e derivados,294,9.50,2.20,27.5,0.00
C0163C,"Suco, tangerina, s/ açúcar,",Frutas e derivados,14,0.20,3.42,,0.00
C0074F,"Carne, boi, paleta, s/ gordura, crua, Bos taurus,",Carnes e derivados,136,21.0,0.24,5.67,0.00
C0123N,"Papa de peito de frango, batata doce e abobrinha, c/ caldo de frango, c/ cebola, s/ óleo, s/ sal,",Alimentos para fins especiais,92,12.1,7.50,1.24,1.32
C0180B,"Couve-flor, à milanesa (farinha de trigo, ovo e farinha de rosca), frita em imersão, c/ sal, Brassica oleracea var. botrytis L.,",Vegetais e derivados,127,3.48,8.46,8.40,1.93
C0403E,"Peixe, água salgada, salmão, filé, s/ pele, ensopado (c/ cebola, tomate e pimentão), c/ óleo, s/ sal, Salmo salar L.,",Pescados e Frutos do mar,230,20.8,1.86,15.3,0.51
C0240E,"Peixe, água salgada, pescada, branca, assado/grelhado, recheado, c/ farofa de banana, c/ sal,",Pescados e Frutos do mar,170,17.2,11.7,5.87,0.87
C0116T,"Orelha-de-padre, semente, seca, remolho em água, cozida (água não descartada), s/ óleo, s/ sal, Lablab purpureus (L) Sweet,",Leguminosas e derivados,76,5.63,10.7,0.37,3.92
C0025B,"Inhame, s/ casca, cru, Colocasia esculenta,",Vegetais e derivados,88,2.27,18.7,0.14,1.59
C0131T,"Sopa, feijão, preto, c/ macarrão, c/ vegetais, c/ sal, (feijão preto, c/ macarrão, c/ cenoura, chuchu e batata, c/ caldo de carne, c/ óleo, cebola e alho, c/ sal),",Leguminosas e derivados,59,3.11,6.80,1.13,4.68
C0579N,"Papa de carne bovina moída (patinho), feijão carioca, batata, abóbora (jerimum) e cenoura, c/ caldo de frango, c/ cebola, s/ óleo, s/ sal,",Alimentos para fins especiais,92,12.2,3.98,2.62,1.87
C0296B,"Batata, baroa (mandioquinha, batata salsa), s/ casca, cozida, drenada, c/ óleo de soja, s/ sal,",Vegetais e derivados,97,0.83,16.8,2.55,1.72
C0157K,"Trufa, chocolate, c/ cereja, c/ licor, caseiro, (chocolate ao leite, chocolate meio amargo, licor, cereja em calda),",Produtos açucarados,487,4.78,55.2,26.3,2.14
C0212A,"Salgadinho, snack, extrusado de milho,",Cereais e derivados,546,6.17,53.3,33.4,4.00
C0024E,"Peixe, água doce, dourado, cru, Brachyplatistoma flavicans,",Pescados e Frutos do mar,100,18.4,0.00,2.97,0.00
C0141H,"Batida de maracujá com álcool, (polpa de maracujá, leite condensado e aguardente (cachaça)),",Bebidas,152,2.73,18.1,2.61,0.68
C0279B,"Jiló, c/ casca, cozido, drenado, c/ óleo de soja, s/ sal, Solanum gilo,",Vegetais e derivados,48,1.64,1.60,2.65,5.65
C0032C,"Tangerina, Ponkã, in natura, Citrus reticulata,",Frutas e derivados,40,0.85,8.60,0.07,0.94
C0041L,"Molho rosê, caseiro, c/ sal, (maionese, molho inglês, conhaque, catchup, creme de leite, páprica, c/ pimenta do reino, c/ sal),",Miscelâneas,234,1.41,6.03,21.4,0.75
C0389N,"Papa de carne bovina moída (acém), fubá e couve, c/ caldo de carne, c/ cebola e azeite de oliva, c/ sal,",Alimentos para fins especiais,128,10.8,7.01,6.13,0.90
C0231T,"Sopa, feijão preto, c/ carne bovina, c/ macarrão, c/ vegetais, s/ sal, (feijão preto, c/ carne bovina músculo, c/ macarrão, c/ batata, abóbora (jerimum), repolho e chuchu, c/ caldo de carne, c/ óleo, cebola e alho, s/ sal),",Leguminosas e derivados,52,5.25,6.34,1.69,2.87
C0053B,"Mandioca (aipim, macaxeira), s/ casca, cozida, drenada, s/ óleo, s/ sal, Manihot esculenta Crantz,",Vegetais e derivados,120,0.64,28.0,0.24,1.77
C0303B,"Batata, doce, s/ casca, assada, c/ óleo de soja, c/ sal,",Vegetais e derivados,144,2.18,31.2,0.28,3.88
C0087T,"Fava, grão, seco, cozida (grão e água), s/ óleo, c/ sal, Vicia faba L.,",Leguminosas e derivados,65,5.51,7.74,0.30,4.51
C1035F,"Carne, peru, coxa, frita (c/ óleo de soja), s/ sal, Meleagris gallopavo,",Carnes e derivados,205,19.8,0.00,13.9,0.00
C0599N,"Papa de peixe (pescada branca) e batata, c/ caldo de peixe, c/ cebola e óleo de soja, c/ sal,",Alimentos para fins especiais,90,8.55,4.02,4.29,0.62
C0081R,"Pão de queijo, mistura p/, Hikari,",Alimentos industrializados,421,3.65,70.0,14.0,
C0804F,"Carne, boi, fraldinha, c/ gordura, frita (c/ óleo de soja), c/ sal, Bos taurus,",Carnes e derivados,290,19.9,0.00,23.4,0.00
C0876F,"Carne, frango, caipira, inteiro, s/ pele, cozida, s/ óleo, c/ sal,",Carnes e derivados,188,29.5,0.21,7.67,0.00
C0928A,"Pão, arepa, c/ fubá, c/ queijo muçarela, (fubá, leite, ovo, manteiga, queijo muçarela, cheiro verde, c/ óleo de soja, c/ sal),",Cereais e derivados,323,7.29,52.1,8.85,2.88
C0189K,"Biscoito, tipo goiabinha, c/ recheio de chocolate, (farinha de trigo, açúcar, manteiga e chocolate ao leite),",Produtos açucarados,475,5.97,61.4,22.5,1.33
C0783F,"Carne, peru, peito, s/ pele, grelhada/assada, s/ óleo, c/ sal, Meleagris gallopavo,",Carnes e derivados,130,28.0,0.00,1.98,0.00
C0426A,"Pizza, presunto, caseira, (massa (farinha de trigo, óleo, fermento biológico, sal e açúcar), queijo muçarela, ham, c/ molho de tomate (tomate, c/ óleo, cebola e alho, c/ sal), c/ azeite de oliva),",Cereais e derivados,250,12.2,31.4,8.17,1.22
C0084F,"Carne, boi, charque (carne seca, carne de sol, jaba), cozido, s/ óleo, Bos taurus,",Carnes e derivados,262,36.4,2.30,11.9,0.00
C0208B,"Chicória, cozida, drenada, s/ óleo, c/ sal, Cichorium endivia L.,",Vegetais e derivados,12,1.17,0.26,0.15,2.27
C0210K,"Geladinho (sacolé, dindim), c/ suco em pó, leite integral, leite condensado, creme de leite e abacaxi,",Produtos açucarados,125,3.06,17.0,4.89,0.30
C0064E,"Peixe, água salgada, Merluza, filé, frito, s/ sal,",Pescados e Frutos do mar,184,26.8,0.00,8.50,0.00
C0702F,"Carne, porco, lombo, refogada (c/ óleo, cebola e alho), s/ sal, Sus ssp,",Carnes e derivados,263,27.9,0.61,16.6,0.14
C0684B,"Lasanha, berinjela, c/ molho bolonhesa, caseira, c/ sal, (berinjela grelhada, c/ muçarela, c/ molho bolonhesa (carne bovina - patinho moído, tomate, cebola, alho, c/ óleo de soja), c/ sal),",Vegetais e derivados,99,7.70,2.05,6.00,3.20
C0011G,"Iogurte, integral (média de diferentes sabores),",Leite e derivados,75,3.12,10.7,2.17,0.23
C0144K,"Bombom, leite em pó, caseiro, (leite em pó, leite de coco e açúcar),",Produtos açucarados,393,10.7,55.5,14.2,0.14
C0147T,"Soja, grão, cozido, drenado, s/ óleo, s/ sal, Glycine max (L.) Merril,",Leguminosas e derivados,168,16.2,0.57,9.26,8.92
C0192T,"Amendoim, caramelizado,",Leguminosas e derivados,568,20.7,30.5,38.9,6.75
C0104F,"Carne, frango, caipira, inteiro, c/ pele, cozida, s/ óleo, s/ sal, Gallus gallus,",Carnes e derivados,236,23.9,0.01,15.6,0.00
C0337A,"Sanduíche, pão francês, c/ peito de peru defumado, queijo minas, c/ margarina,",Cereais e derivados,267,13.0,26.0,12.1,1.09
C0203B,"Couve-flor, refogada (c/ óleo, cebola e alho), s/ sal, Brassica oleracea var. botrytis L.,",Vegetais e derivados,41,2.07,3.53,1.46,2.48
C0356E,"Molusco, mexilhão, cozido, s/ óleo, c/ sal, Anomalocardia brasiliana,",Pescados e Frutos do mar,77,15.8,0.00,1.58,0.00
C0161A,"Pastel, massa fresca, cru, caseiro (média de diferentes recheios),",Cereais e derivados,298,10.3,42.9,9.21,1.07
C0072T,"Ervilha, grão, fresca, cozida, drenada, s/ óleo, c/ sal, Pisum sativum L.,",Leguminosas e derivados,89,7.45,9.98,0.58,7.26
C0125F,"Carne, frango, coxa e sobrecoxa, s/ pele, crua, Gallus gallus,",Carnes e derivados,138,17.5,0.00,7.50,0.00
C0020K,"Geleia, laranja, Ritter,",Produtos açucarados,272,0.39,66.3,0.32,0.99
C0411F,"Carne, boi, maminha, grelhada, c/ molho de tomate (tomate, c/ óleo, cebola e alho), c/ sal,",Carnes e derivados,201,24.9,0.95,10.5,0.50
C0110E,"Peixe, água doce, filé, refogado (c/ óleo, cebola e alho), s/ sal (média de 7 espécies),",Pescados e Frutos do mar,147,22.2,0.61,6.20,0.13
C0482B,"Pimentão, refogado (c/ óleo, cebola e alho), c/ sal, Capsicum annuum L.,",Vegetais e derivados,59,2.18,7.20,1.71,3.22
C0554B,"Salada, repolho, branco, cru, c/ molho de salada - salsa, vinagre de maçã, azeite de oliva, c/ sal,",Vegetais e derivados,50,1.14,2.62,3.46,1.83
C0101K,"Suspiro, merengue, caseiro, recheado com doce de leite,",Produtos açucarados,365,5.22,83.2,1.25,0.00
C0080H,"Bebida, café - infusão 6% - suave, c/ leite (meio a meio), ""média"", c/ açúcar,",Bebidas,57,1.59,9.15,1.54,0.00
C0244C,"Suco natural, maçã, c/ açúcar,",Frutas e derivados,45,0.13,10.3,0.20,0.83
C0485B,"Pimentão, verde, refogado (c/ óleo, cebola e alho), s/ sal, Capsicum annuum L.,",Vegetais e derivados,52,1.84,5.76,1.71,3.08
C1062B,"Salada, alface, c/ couve e tomate, c/ azeite de oliva, c/ sal,",Vegetais e derivados,42,1.53,1.38,2.94,1.98
C0867F,"Carne, tartaruga, jabuti, cozida, s/ óleo, c/ sal,",Carnes e derivados,157,33.7,0.00,2.49,0.00
C0280T,"Ervilha, em vagem, à milanesa, s/ sal, (ervilha, em vagem, farinha de trigo, farinha de rosca, ovo, frito (c/ óleo de soja), s/ sal),",Miscelâneas,199,7.61,17.9,9.21,7.32
C0031R,"Maria mole, chocolate, em pó (média de diferentes marcas),",Alimentos industrializados,377,26.7,62.6,1.43,3.59
C0084A,"Cereais, barra, castanha/uva passa/mel, Ritter,",Cereais e derivados,386,6.78,73.0,6.37,4.60
C0413F,"Carne, boi, miolo de alcatra, s/ gordura, grelhada, c/ óleo, cebola e alho, s/ sal,",Carnes e derivados,244,30.4,3.05,12.2,0.12
C0181C,"Ameixa, seca, Prunus domestica,",Frutas e derivados,253,2.18,56.8,0.38,7.10
C0776B,"Lingua de vaca, crua, Talinum Patens Wand,",Vegetais e derivados,15,1.62,1.48,0.29,
C0955B,"Broto de alfafa, c/ azeite de oliva, c/ sal,",Vegetais e derivados,70,3.78,0.19,5.65,1.80
C0341B,"Cenoura, s/ casca, cozida, c/ molho de tomate (tomate, c/ óleo, cebola e alho), c/ sal, Daucus carota L.,",Vegetais e derivados,21,0.82,2.14,0.31,3.08
C0049R,"Pudim, baunilha, mistura p/, Ducoco,",Alimentos industrializados,385,0.31,95.4,0.17,0.43
C0060T,"Ervilha, em vagem, refogada (c/ óleo, cebola e alho), c/ sal, Pisum sativum L.,",Leguminosas e derivados,79,5.71,5.67,1.76,8.89
C0965F,"Carne, bovina, picanha, s/ gordura, grelhada, c/ óleo de soja, c/ sal, Bos taurus ,",Carnes e derivados,263,30.3,0.85,15.3,0.00
C0501A,"Sanduíche, pão forma tradicional, sardinha e maionese,",Cereais e derivados,275,10.3,26.0,14.1,1.34
C0047H,"Bebida, capuccino (leite, café e achocolatado em pó), c/ açúcar,",Bebidas,105,2.47,18.1,2.41,0.56
C0067C,"Nêspera,  s/ casca, in natura, Eriobotrya japonica Lindl,",Frutas e derivados,41,0.31,8.57,,2.96
C0688B,"Batata suíça, c/ toucinho defumado (bacon), c/ sal, (batata inglesa cozida, c/ toucinho defumado (bacon) e muçarela, c/ manteiga, c/ sal),",Vegetais e derivados,198,8.57,9.22,13.9,0.96
C0531E,"Peixe, água doce, Tucunaré, cozido, c/ óleo de soja, c/ sal, Cichla ocellaris,",Pescados e frutos do mar,138,22.0,0.00,5.57,0.00
C0018E,"Molusco, ostra, cru, Crassostrea rhizophora,",Pescados e Frutos do mar,70,10.5,3.29,1.66,0.00
C0678A,"Pizza, frango com requeijão, caseira, (massa (farinha de trigo, óleo, fermento biológico, sal e açúcar), peito de frango refogado com requeijão, muçarela, c/ molho de tomate (tomate, c/ óleo, cebola e alho, c/ sal), c/ azeite de oliva),",Cereais e derivados,289,13.0,37.2,9.52,1.42
C0687B,"Batata suíça, c/ camarão, c/ sal, (batata inglesa cozida, c/ camarão e muçarela, c/ manteiga, c/ sal),",Vegetais e derivados,107,7.13,9.16,4.48,0.96
C0546N,"Papa de carne bovina (músculo), feijão preto, batata, abóbora (jerimum) e cenoura, c/ caldo de carne, c/ cebola e azeite de oliva, c/ sal,",Alimentos para fins especiais,98,10.6,3.37,4.23,2.13
C0792F,"Carne, peru, coxa, s/ pele, cozida, drenada, s/ óleo, s/ sal, Meleagris gallopavo,",Carnes e derivados,190,23.6,0.00,10.6,0.00
C0296F,"Carne, boi, contra-filé, grelhado/frito, c/ óleo e cebola, c/ sal,",Carnes e derivados,316,26.9,0.40,23.0,0.11
C0481B,"Pimentão, refogado (c/ óleo, cebola e alho), s/ sal, Capsicum annuum L.,",Vegetais e derivados,59,2.18,7.22,1.71,3.23
C0034A,"Biscoito, doce, amanteigado, recheio sabor coco, Marilan,",Cereais e derivados,459,10.00,67.5,16.0,2.50
C0667F,"Carne, boi, paleta, s/ gordura, refogada (c/ óleo, cebola e alho), c/ sal,",Carnes e derivados,190,28.3,0.61,8.21,0.14
C0025G,"Leite, humano, colostro,",Leite e derivados,59,2.03,6.71,2.64,0.00
C0613F,"Carne, boi, alcatra, grelhada/assada, c/ molho de tomate (tomate, c/ óleo, cebola e alho), s/ sal, Bos taurus,",Carnes e derivados,201,25.9,0.83,10.4,0.51
C0247F,"Presunto, porco, cozido, c/ capa de gordura (média de diferentes amostras),",Carnes e derivados,127,15.2,1.05,6.83,0.00
C0039B,"Pimentão, amarelo, cru, Capsicum annuum L.,",Vegetais e derivados,26,1.21,3.82,0.30,1.80
C0214C,"Suco natural, jabuticaba, c/ açúcar,",Frutas e derivados,52,0.14,12.3,0.15,0.65
C0142E,"Peixe, água salgada, cação, à milanesa (ovo e farinha de rosca), frito (c/ óleo de soja), c/ sal, Carcharhinus spp.,",Pescados e Frutos do mar,269,22.6,17.2,12.0,0.96
C0088B,"Mandioca (aipim, macaxeira), farinha, torrada,",Vegetais e derivados,351,1.23,82.7,0.29,6.54
C0304B,"Batata, doce, s/ casca, frita (c/ óleo de soja), s/ sal,",Vegetais e derivados,255,1.37,32.5,12.3,4.39
C1051B,"Purê, batata doce, c/ manteiga, leite, s/ sal,",Vegetais e derivados,123,1.04,17.9,4.77,2.33
C0582A,"Panqueca, c/ ricota e espinafre, c/ molho de tomate, caseiro, c/ sal, (massa - leite, farinha de trigo e ovo, c/ ricota e espinafre, c/ molho de tomate (tomate, c/ óleo, cebola e alho), c/ sal,",Cereais e derivados,134,6.60,11.1,6.77,1.25
C0722F,"Carne, frango, caipira, inteiro, cozida, c/ molho de tomate (tomate, c/ óleo, cebola e alho), c/ sal (média de amostras c/ e s/ pele), Gallus gallus,",Carnes e derivados,180,21.7,0.82,9.90,0.51
C0022D,"Óleo, arroz, Oryza sativa,",Gorduras e óleos,900,0.00,0.00,100.0,0.00
C0148F,"Carne, ovino, capão, lombo, crua,",Carnes e derivados,149,20.6,0.01,7.33,0.00
C0377F,"Carne, boi, filé mignon, s/ gordura, grelhada, s/ óleo, c/ molho branco (farinha de trigo, manteiga e leite), c/ sal, Bos taurus,",Carnes e derivados,206,27.3,3.20,9.35,0.05
C0024R,"Gelatina, maracujá, em pó, Ducoco,",Alimentos industrializados,392,8.86,89.2,0.00,0.08
C0391F,"Carne, boi, fraldinha, c/ gordura, cozida, c/ óleo, cebola e alho, c/ sal,",Carnes e derivados,326,23.0,0.59,25.7,0.12
C0550F,"Carne, frango, inteiro, ensopado, c/ quiabo, salsa, c/ molho de tomate (tomate, c/ óleo, cebola e alho), c/ pimenta-do-reino, s/ sal,",Carnes e derivados,138,16.3,1.70,7.11,1.17
C0390F,"Carne, boi, flanco, s/ gordura, cozida,  c/ batata e cenoura, c/ óleo, cebola e alho, s/ sal,",Carnes e derivados,146,19.5,2.56,6.30,0.68
C0607N,"Papa de peixe (pescada branca) e cará, c/ caldo de peixe, c/ cebola e azeite de oliva, s/ sal,",Alimentos para fins especiais,99,8.62,5.82,4.31,1.01
C0133H,"Bebida alcoólica, caipirinha, (limão, cachaça e açúcar),",Bebidas,224,0.30,31.4,0.04,0.32
C0380N,"Papa de macarrão, batata e couve, c/ caldo de frango, c/ cebola, s/ óleo, s/ sal,",Alimentos para fins especiais,55,2.26,9.99,0.32,1.46
C0179B,"Couve-flor, à milanesa (farinha de trigo, ovo e farinha de rosca), frita em imersão (c/ óleo de soja), s/ sal, Brassica oleracea var. botrytis L.,",Vegetais e derivados,127,3.48,8.46,8.40,1.93
C0106B,"Catalonha, refogado (c/ óleo, cebola e alho), s/ sal, Cichorium intybus L.,",Vegetais e derivados,63,1.95,1.16,4.81,3.65
C1037F,"Carne, peru, coxa, a milanesa, s/ sal, (carne, peru, coxa, farinha de trigo, farinha de rosca, ovo, frito (c/ óleo de soja), s/ sal), Meleagris gallopavo,",Carnes e derivados,281,19.8,14.0,16.1,0.71
C0110H,"Bebida, capuccino tradicional (leite integral, café - infusão 10% e canela em pó), s/ açúcar,",Bebidas,50,2.29,4.90,2.30,0.53
C0070C,"Atemóia, in natura, Annona atemoya Mabb,",Frutas e derivados,104,0.97,23.2,0.30,2.14
C0647B,"Salada, brócolis cozido, tomate, queijo minas, azeitona, cebola, c/ molho de salada - salsa, vinagre de maçã, azeite de oliva, c/ sal,",Vegetais e derivados,121,4.46,2.69,9.70,2.09
C1089A,"Pão, trigo, integral, c/ chia, c/ macadâmia,",Cereais e derivados,284,10.7,39.6,7.62,6.91
C0010K,"Brigadeiro, lata, Moça,",Produtos açucarados,326,7.20,59.6,6.50,
C0033C,"Uva, in natura, Vitis vinifera L.,",Frutas e derivados,57,0.55,12.8,0.20,0.93
C0345N,"Papa de carne bovina moída (acém), arroz e brócolis, c/ caldo de frango, c/ cebola e óleo de soja, c/ sal,",Alimentos para fins especiais,128,11.6,5.10,6.52,0.98
C0078K,"Torta, sabor maracujá,",Produtos açucarados,202,5.18,32.1,5.89,1.08
C0286E,"Ceviche de frutos do mar,  s/ sal, (peixe, água salgada, atum, cru, frutos do mar cozidos - camarão, lula, polvo e vieira, c/ cebola, suco de limão, pepino, tomate, pimenta jalapeño, coentro, salsa, c/ azeite de oliva, c/ pimenta do reino, s/ sal),",Pescados e Frutos do mar,105,17.6,2.12,2.77,0.46
C0578N,"Papa de carne bovina moída (patinho), feijão carioca, batata, abóbora (jerimum) e cenoura, c/ caldo de frango, c/ cebola, s/ óleo, c/ sal,",Alimentos para fins especiais,92,12.2,3.96,2.62,1.87
C1019A,"Biscoito Sembei, caseiro, (farinha de trigo, amido de milho, glucose de miho, ovo e açúcar),",Cereais e derivados,276,5.72,55.8,3.24,0.57
C0428F,"Carne, boi, músculo, s/ gordura, cozida, c/ batata doce e cenoura, c/ óleo, cebola e alho, s/ sal,",Carnes e derivados,245,16.0,4.01,18.1,0.87
C0553F,"Carne, frango, inteiro, ensopada, c/ pequi, pimentão, tomate, salsa, noz moscada, c/ óleo, cebola e alho, c/ pimenta-do-reino, s/ sal,",Carnes e derivados,179,16.3,1.85,11.4,1.97
C0064B,"Abóbora, paulista, crua, Cucurbita maxima Duchesne,",Vegetais e derivados,30,0.64,5.26,0.14,2.61
C1083A,"Sanduíche, pão forma integral, c/ margarina, c/ sal,",Cereais e derivados,351,7.54,30.9,21.1,3.78
C0162B,"Agrião, cozido, drenado, s/ óleo, s/ sal, Nasturtium officinale,",Vegetais e derivados,27,3.64,0.68,0.52,2.28
C0523B,"Salada, pepino, c/ óleo de soja, c/ sal,",Vegetais e derivados,91,0.63,1.09,9.14,0.94
C0394F,"Carne, boi, fraldinha, c/ gordura, cozida, c/ batata e cenoura, c/ óleo, cebola e alho, s/ sal,",Carnes e derivados,239,16.1,2.58,18.1,0.68
C1005B,"Creme de espinafre, c/ sal, (espinafre, creme de leite, queijo parmesão, cebola e alho, c/ molho branco (farinha de trigo, manteiga e leite), c/ sal),",Vegetais e derivados,154,5.76,6.26,11.6,0.95
C0052J,"Ovo, codorna, inteiro, cozido, s/ sal, Coturnix coturnix,",Ovos e derivados,157,13.1,1.16,11.1,0.00
C0177A,"Milho, verde, grão, cozido, drenado, c/ sal, Zea mays,",Cereais e derivados,129,6.13,22.9,0.57,3.65
C0102A,"Cereal matinal, milho, corn flakes,",Cereais e derivados,363,7.80,79.9,0.56,3.57
C0686N,"Papa de feijão preto, abobrinha e beterraba, c/ caldo de carne, c/ cebola e azeite de oliva, c/ sal,",Alimentos para fins especiais,54,2.46,3.93,2.31,3.84
C0504A,"Arroz à grega, c/ arroz polido, s/ sal, (arroz polido, c/ cenoura, vagem, pimentão verde, uva passa, c/ óleo, cebola e alho, s/ sal),",Cereais e derivados,135,2.24,25.1,2.48,1.84
C1031A,"Bolo, abóbora (jerimum), simples, caseiro, (abóbora (jerimum), farinha de trigo, amido de milho, manteiga, ovo, açúcar, sal e fermento químico),",Cereais e derivados,233,3.72,42.8,4.99,1.29
C0459B,"Salada, abóbora cabotian (japonesa) cozida, cebola, salsa, s/ óleo, s/ sal,",Vegetais e derivados,48,1.53,7.92,0.62,2.32
C0490B,"Salada, beterraba cozida, c/ molho de salada - salsa, suco de limão, azeite de oliva, c/ sal,",Vegetais e derivados,57,1.26,4.32,3.42,1.97
C1033B,"Cogumelo, Shiimeji, cozido, c/ manteiga, c/ sal,",Vegetais e derivados,84,3.90,3.69,4.56,6.43
C0048R,"Pudim, baunilha, mistura p/, Oetker,",Alimentos industrializados,386,0.60,95.4,0.10,0.39
C0790F,"Carne, peru, coxa, s/ pele, assada, s/ óleo, s/ sal, Meleagris gallopavo,",Carnes e derivados,185,23.0,0.00,10.3,0.00
C0677F,"Carne, boi, peito, s/ gordura, frita (c/ óleo de soja), c/ sal, Bos taurus,",Carnes e derivados,376,20.4,0.00,32.7,0.00
C0277T,"Lentilha, cozida (50% grão e 50% caldo), c/ óleo de soja, cebola e alho, s/ sal,",Leguminosas e derivados,64,3.80,7.19,1.44,3.36
C0288B,"Cebola, branca, cozida, c/ molho de tomate (tomate, c/ óleo, cebola e alho), s/ sal, Allium cepa L.,",Vegetais e derivados,40,1.79,6.17,0.26,2.98
C0124T,"Caldo de feijão, c/ toucinho defumado (bacon), c/ sal, (feijão preto, c/ toucinho defumado (bacon), c/ óleo, cebola e alho, c/ sal),",Leguminosas e derivados,80,4.14,3.75,4.26,5.12
C0569A,"Canelone, c/ muçarela, c/ molho de tomate, caseiro, c/ sal, (massa com farinha de trigo, c/ muçarela, c/ molho de tomate (tomate, c/ óleo, cebola e alho), c/ sal),",Cereais e derivados,224,14.0,10.9,13.6,1.00
C0252E,"Sopa, pescados e frutos do mar (Sopa Leão Veloso), s/ sal, (pescado, água salgada, cação, camarão, lula, siri, mexilhão, tomate, pimentão amarelo e vermelho, c/ caldo de peixe, c/ óleo, cebola e alho, s/ sal),",Pescados e Frutos do mar,51,8.12,1.50,1.33,0.38
C0371E,"Crustáceo, lagosta, cozido, s/ óleo, c/ sal, Panulirus argus,",Pescados e Frutos do mar,83,19.0,0.08,0.74,0.00
C0191E,"Peixe, água salgada, merluza, cozido, drenado, s/ óleo, c/ sal, Merlucius hubbsi,",Pescados e Frutos do mar,99,19.2,0.00,2.41,0.00
C0415F,"Carne, boi, miolo de alcatra, s/ gordura, grelhada, c/ molho branco (farinha de trigo, manteiga e leite), c/ sal,",Carnes e derivados,233,26.6,5.38,11.6,0.05
C0029N,"Pudim, caramelo, mistura p/, diet, Oetker,",Alimentos para fins especiais,306,1.62,72.4,0.76,1.74
C0234B,"Serralha, folha, cozida, drenada, s/ óleo, c/ sal, Sonchus oleraceus L.,",Vegetais e derivados,32,2.80,1.49,0.78,3.68
C0138F,"Carne, ovino, cordeiro, meia carcaça, crua, Ovis aries,",Carnes e derivados,116,23.0,0.04,2.66,0.00
C0123A,"Massa, fresca, ravioli, queijo, industrializado,",Cereais e derivados,282,11.0,43.8,6.24,3.50
C0120F,"Carne, frango, coração, crua, Gallus gallus,Seara,",Carnes e derivados,156,13.0,0.00,11.5,0.00
C0271F,"Carne, boi, quarto traseiro, c/ gordura, grelhada, c/ óleo e cebola, s/ sal,",Carnes e derivados,287,27.3,0.41,19.6,0.12
C0289A,"Sanduíche,  queijo quente, pão francês, c/ queijo prato,",Cereais e derivados,320,16.2,32.9,13.4,1.45
C1112A,"Pão de cebola, caseiro, (farinha de trigo refinada e integral, cebola, fermento biológico, açúcar e sal),",Cereais e derivados,504,9.10,57.7,26.1,1.22
C1059F,"Carne, porco, vísceras, refogado (c/ óleo de soja, cebola e alho), c/ sal (média de diferentes tipos), Sus ssp.,",Carnes e derivados,196,21.9,2.03,11.1,0.12
C0488F,"Jardineira de frango, c/ sal, (peito de frango, batata, cenoura, ervilha em vagem, c/ tomate, pimentão, salsa, cebolinha, c/ óleo, cebola e alho, c/ sal),",Carnes e derivados,101,15.6,2.83,2.77,1.14
C0298A,"Sanduíche, pão francês c/ presunto, c/ manteiga,",Cereais e derivados,289,10.5,33.6,12.2,1.45
C0201E,"Peixe, água salgada, salmão, filé, s/ pele, à milanesa (ovo e farinha de rosca), frito (c/ óleo de soja), c/ sal, Salmo salar L.,",Pescados e Frutos do mar,362,24.7,16.1,21.9,0.96
C0849F,"Porco, orelha, cozido, s/ óleo, c/sal,",Carnes e derivados,161,15.9,0.20,10.8,0.00
C0452A,"Sanduíche, pão forma integral, c/ peito de frango grelhado, alface americana, cenoura crua e tomate,",Cereais e derivados,164,11.4,17.2,5.24,1.49
C0685N,"Papa de feijão carioca, abobrinha e beterraba, c/ caldo de frango, c/ cebola, s/ óleo, s/ sal,",Alimentos para fins especiais,43,2.57,5.01,0.69,3.34
C0865F,"Carne, caça (capivara, coelho), cozida, assada, s/ óleo, c/ sal,",Carnes e derivados,168,30.6,0.75,4.67,0.00
C1056F,"Carne, porco, vísceras, cozido, s/ óleo, c/ sal (média de diferentes tipos), Sus ssp.,",Carnes e derivados,192,22.8,1.55,10.5,0.00
C0741B,"Sopa, mandioca (aipim, macaxeira), s/ sal, (mandioca (aipim, macaxeira), c/ caldo de vegetais, salsa, c/ óleo, cebola e alho, s/ sal),",Vegetais e derivados,65,1.18,12.6,0.91,1.00
C0312N,"Papa de feijão carioca, batata, abóbora (jerimum) e cenoura, c/ caldo de frango, c/ cebola, s/ óleo, s/ sal,",Alimentos para fins especiais,55,2.98,6.43,0.98,4.07
C0159E,"Peixe, água salgada, pescada, branca, frito (c/ óleo de soja), c/ sal, Cynoscion spp.,",Pescados e Frutos do mar,151,16.3,0.00,9.59,0.00
C1038B,"Farofa de castanha de caju, c/ açúcar, (farinha de mandioca torrada, castanha de caju torrada, casca de laranja, c/ manteiga, c/ açúcar),",Vegetais e derivados,486,3.30,55.1,27.2,3.95
C0271C,"Jaca, cozida, s/ óleo, s/ sal,",Frutas e derivados,112,1.68,24.1,0.32,2.86
C0028D,"Óleo, milho, Zea mays,",Gorduras e óleos,900,0.00,0.00,100.0,0.00
C0004M,"Sundae, Morango, McDonald´s,",Miscelâneas,161,3.19,28.1,3.95,0.00
C0290A,"Sanduíche, queijo quente, pão francês, c/ queijo prato, c/ manteiga,",Cereais e derivados,363,14.6,29.6,20.3,1.30
C0067H,"Bebida, capuccino (leite desnatado, café - infusão 10% e cacau em pó), c/ açúcar,",Bebidas,70,3.17,11.4,0.91,1.74
C0953A,"Esfirra, creme de queijo (tipo catupiry), caseira, assada, (farinha de trigo, água, leite, ovo, margarina, creme de queijo (leite, queijo minas, creme de leite, amido de milho, margarina), c/ açúcar, c/ óleo e cebola, c/ sal),",Cereais e derivados,288,8.02,44.7,8.26,1.43
C0059K,"Flan, chocolate, em pó, preparado, Oetker,",Produtos açucarados,160,2.81,25.2,4.50,3.64
C0761F,"Carne, porco, lombo, grelhada/assada, c/ molho branco (farinha de trigo, manteiga e leite), c/ sal, Sus ssp,",Carnes e derivados,198,29.5,3.20,7.41,0.05
C0032H,"Refrigerante, tipo laranja, regular, c/ açúcar,",Bebidas,47,0.00,11.8,0.00,0.00
C0541E,"Crustáceo, siri, cozido, c/ óleo de soja, c/ sal,",Pescados e frutos do mar,107,17.2,1.36,4.26,0.00
C0014F,"Carne, avestruz, coxa interna, crua, Struthio camelus African Black,",Carnes e derivados,130,29.1,0.61,1.25,0.00
C0165K,"Bombom, chocolate ao leite, recheado c/ coco, Prestígio, Nestlê,",Produtos açucarados,470,2.72,66.3,20.7,3.91
C0569N,"Papa de carne moída bovina (patinho), feijão preto, batata, abóbora (jerimum) e cenoura, c/ caldo de frango, c/ cebola e óleo de soja, s/ sal,",Alimentos para fins especiais,107,12.2,3.48,4.41,2.13
C0403N,"Papa de batata, cenoura e carne bovina moída (patinho), c/ caldo de frango, c/ cebola, s/ óleo, s/ sal,",Alimentos para fins especiais,91,13.3,3.17,2.65,0.87
C0393N,"Papa de carne bovina moída (acém), fubá e couve, c/ caldo de carne, c/ cebola, s/ óleo, s/ sal,",Alimentos para fins especiais,111,10.9,7.17,4.13,0.95
C0594N,"Papa de peixe (pescada branca), abóbora (jerimum), batata doce e couve, c/ caldo de peixe, c/ cebola e óleo de soja, s/ sal,",Alimentos para fins especiais,93,7.08,6.57,3.94,1.52
C0576N,"Papa de carne bovina moída (patinho), feijão carioca, batata, abóbora (jerimum) e cenoura, c/ caldo de frango, c/ cebola e azeite de oliva, c/ sal,",Alimentos para fins especiais,110,12.2,3.94,4.61,1.86
C0623F,"Carne, boi, contrafilé, s/ gordura, grelhada/assada, c/ molho de tomate (tomate, c/ óleo, cebola e alho), s/ sal, Bos taurus,",Carnes e derivados,162,29.1,0.83,4.64,0.51
C0100F,"Coxinha de frango, industrializada, frita, Brazilian recipe,",Carnes e derivados,273,9.61,29.6,11.8,4.97
C0664B,"Salada, acelga, crua, c/ óleo de soja, c/ sal,",Vegetais e derivados,148,1.23,3.00,14.3,0.96
C0168K,"Bombom, chocolate ao leite, recheado c/ leite condensado caramelizado e flocos, Chokito, Nestlê,",Produtos açucarados,446,2.86,79.6,12.9,0.00
C0163E,"Peixe, água salgada, pescada, assado/grelhado, s/ óleo, c/ sal, Macrodon oncylodon,",Pescados e Frutos do mar,133,21.5,0.00,5.18,0.00
C0061L,"Molho para carne, roti, s/ sal, (caldo de carne, água, vinho tinto, farinha de trigo, manteiga, tomilho, c/ pimenta-do-reino, s/ sal),",Miscelâneas,171,1.56,7.84,12.7,0.93
C0204E,"Peixe, água salgada, salmão, filé, s/ pele, cozido, c/ molho de tomate (tomate, c/ óleo, cebola e alho), c/ sal, Salmo salar L.,",Pescados e Frutos do mar,177,18.9,1.63,10.4,0.51
C0213A,"Macarrão, trigo, c/ ovos, c/ alho e óleo, s/ sal,",Cereais e derivados,180,3.66,25.0,7.08,0.95
C0060N,"Goma de mascar, diet (média de diferentes sabores),",Alimentos para fins especiais,378,0.00,92.4,0.40,2.40
C0331B,"Nabo, s/ casca, refogado (c/ óleo, cebola e alho), c/ sal, Brassica rapa,",Vegetais e derivados,33,1.11,3.32,1.26,2.10
C0388E,"Coquetel de camarão, c/ molho de iogurte picante, c/ sal, (camarão, suco de limão, páprica, alface americana, pimenta do reino, c/ molho de iogurte picante, c/ óleo e temperos, c/ sal),",Pescados e Frutos do mar,118,11.2,2.04,6.91,0.42
C0085H,"Bebida, café - infusão 8% - média, c/ leite desnatado (meio a meio), ""média"", s/ açúcar,",Bebidas,23,1.76,3.65,0.21,0.00
C0401F,"Bife à role, c/ carne bovina, c/ sal, (carne, boi, lagarto, cozida, c/ cenoura e bacon, c/ molho de tomate (tomate, c/ óleo, cebola e alho), c/ sal),",Carnes e derivados,208,22.8,1.21,12.4,0.76
C0067R,"Sopa, desidratada (média de diferentes sabores),",Alimentos industrializados,348,11.6,63.4,5.30,
C0315B,"Batata, inglesa, s/ casca, cozida, drenada, c/ óleo de soja, c/ sal, Solanum tuberosum L.,",Vegetais e derivados,94,1.26,10.2,5.02,1.39
C0215E,"Peixe, água salgada, filé/ posta, assado/grelhado, s/ óleo, c/ sal (média de várias espécies),",Pescados e Frutos do mar,122,23.1,0.00,3.31,0.00
C0720F,"Carne, frango, inteiro, refogada (c/ óleo, cebola e alho), c/ sal (média de amostras c/ e s/ pele), Gallus gallus,",Carnes e derivados,236,23.9,0.61,15.2,0.13
C0877B,"Batata baroa (mandioquinha, batata salsa), s/ casca, cozida, salsa, s/ óleo, c/ pimenta-do-reino, s/ sal,",Vegetais e derivados,76,0.84,17.0,0.16,1.74
C0754A,"Sanduíche, pão francês, c/ queijo minas, alface e tomate,",Cereais e derivados,215,9.15,30.7,5.75,1.72
C0242E,"Peixe à parmegiana, (peixe, água salgada, pescada, branca, à milanesa (farinha de trigo, ovo e farinha de rosca, frita em imersão), c/ molho de tomate (tomate, c/ óleo, cebola e alho), muçarela, c/ sal),",Pescados e Frutos do mar,293,17.6,10.2,14.8,1.19
C0953B,"Broto de alfafa, s/ óleo, c/ sal,",Vegetais e derivados,27,3.98,0.20,0.69,1.89
C0133A,"Milho, pipoca, p/ micro-ondas, bacon, cru, Hikari,",Cereais e derivados,417,7.70,43.9,20.1,15.1
C0303F,"Carne, boi, contra-filé, grelhado/frito, c/ manteiga, s/ sal,",Carnes e derivados,366,25.4,0.03,29.4,0.00
C0129K,"Achocolatado,  ""Ovomaltine"", Ovomaltine,",Produtos açucarados,373,0.00,93.3,0.00,0.00
C0254T,"Feijão, carioca, drenado, s/ óleo, s/ sal, Phaseolus vulgaris L.,",Leguminosas e derivados,306,22.1,40.0,1.87,20.4
C0495A,"Sanduíche, pão francês, c/ carne suína refogada, c/ molho de tomate (tomate, c/ óleo, cebola e alho), c/ sal,",Cereais e derivados,258,16.6,24.5,10.1,1.60
C0564N,"Papa de fígado bovino e cará, c/ caldo de carne, c/ cebola e óleo de soja, s/ sal,",Alimentos para fins especiais,135,12.8,7.68,5.71,1.02
C0381B,"Salada, c/ arroz polido, c/ azeite de oliva, c/ sal, (aipo (salsão), pimentão verde e vermelho, salsa, azeitona preta, vinagre de maçã, c/ azeite de oliva, c/ sal),",Vegetais e derivados,126,1.67,15.4,6.06,1.40
C0017K,"Geleia, abacaxi, Ritter,",Produtos açucarados,275,0.26,67.4,0.25,1.08
C0133E,"Peixe, água salgada, atum, ensopado (c/ cebola, tomate e pimentão), c/ óleo, c/ sal, Thunnus thynnus,",Pescados e Frutos do mar,165,27.6,0.02,5.98,0.51
C1101A,"Macarrão, trigo, c/ carne bovina músculo, salsa, pimenta-do-reino, c/ manteiga, cebola e alho, s/ sal,",Cereais e derivados,159,8.84,18.8,5.18,0.84
C0188B,"Salada, agrião, c/ molho vinagrete (tomate, cebola, salsinha, vinagre e óleo), c/ sal,",Vegetais e derivados,45,2.48,1.60,2.85,1.69
C0114K,"Rocambole ((farinha de trigo, ovo, leite, manteiga, açúcar e fermento químico), recheado com brigadeiro, c/ cobertura de cacau em pó),",Produtos açucarados,407,7.61,55.1,17.0,1.71
C0168A,"Pastel, massa fresca, frita, caseiro, (farinha de trigo, margarina, água e sal, frito (c/ óleo de soja),",Cereais e derivados,587,6.02,48.0,40.9,1.31
C0192C,"Banana, cozida, caramelada,",Frutas e derivados,181,1.04,42.9,0.15,1.68
C0088T,"Fava, grão, seco, cozida, drenada, c/ óleo, cebola e alho, c/ sal, Vicia faba L.,",Leguminosas e derivados,119,8.75,13.6,1.67,7.18
C0126K,"Delícia de abacaxi, (abacaxi em calda, leite condensado, leite, ovo, creme de leite, c/ açúcar),",Produtos açucarados,191,3.83,25.9,7.89,0.22
C0777F,"Carne, frango, coração, refogada (c/ óleo, cebola e alho), c/ sal, Gallus gallus,",Carnes e derivados,416,25.8,0.61,34.4,0.13
C0523F,"Carne, boi, charque (carne seca, carne de sol, jaba), c/ batata e vegetais - cenoura, chuchu, vagem, c/ óleo, cebola e alho, c/ sal,",Carnes e derivados,169,20.5,3.95,7.70,0.84
C0197A,"Bolo, trigo, simples, caseiro, (farinha de trigo, ovo, leite, manteiga, açúcar e fermento químico),",Cereais e derivados,438,7.25,54.9,20.8,0.83
C0482F,"Steak tartare, (carne bovina - filé mignon cru, alcaparra, cebola, picles pepino, mostarda, salsa, cebolinha, gema, molho inglês, molho pimenta, c/ azeite, c/ sal),",Carnes e derivados,148,15.0,2.89,8.45,0.25
C0015U,"Pistache, cru, s/ sal, Pistacia vera,",Sementes e Oleaginosas,576,20.2,16.6,45.3,10.6
C0015N,"Gelatina, abacaxi, em pó, preparada, diet, Oetker,",Alimentos para fins especiais,11,1.53,1.12,0.07,
C0135K,"Bombom de avelã, (leite condensado, avelã, chocolate ao leite e manteiga),",Produtos açucarados,405,7.33,50.8,18.8,1.55
C0135B,"Tabule, s/ sal, (trigo para quibe, pepino, cebola, tomate, salsinha, hortelã, suco de limão, c/ azeite de oliva, s/ sal),",Vegetais e derivados,57,2.05,8.50,1.21,2.08
C0396E,"Peixe, água salgada, cação, posta, ensopado (c/ cebola, tomate e pimentão), c/ óleo, s/ sal, Carcharhinus spp.,",Pescados e Frutos do mar,140,18.7,2.97,5.76,0.51
C0320N,"Papa de feijão preto, batata doce, abóbora cabotian (japonesa) e cenoura, c/ caldo de frango, c/ cebola e azeite de oliva, c/ sal,",Alimentos para fins especiais,66,2.80,5.86,2.40,4.95
C0278C,"Banana, cozida, c/ manteiga, c/ açúcar (média de 5 tipos - Nanica (caturra ou dágua), da Terra, Maçã, Ouro e Prata),",Frutas e derivados,156,1.40,30.1,2.81,2.29
C0357A,"Sanduíche, pão francês, c/ peito de peru defumado, queijo prato, c/ maionese,",Cereais e derivados,271,14.0,24.6,12.8,1.00
C0134B,"Salpicão, de frango, s/ sal, (peito de frango, aipo (salsão), pimentão verde, pimentão vermelho, cebola, maçã, uva passa, c/ maionese, s/ sal),",Vegetais e derivados,144,13.9,4.16,7.84,0.41
C0037U,"Linhaça, farinha (média de diferentes tipos), Linum usitatissimum L.,",Sementes e Oleaginosas,499,24.1,0.00,38.3,29.1
C0419B,"Salada, chicória, cenoura cozida, cebola, c/ molho vinagrete (tomate, cebola, salsa, vinagre e azeite de oliva), c/ sal,",Vegetais e derivados,33,0.87,2.61,1.67,1.95
C0551N,"Papa de carne bovina (músculo), feijão carioca, batata, abóbora (jerimum) e cenoura, c/ caldo de carne, c/ cebola e óleo de soja, s/ sal,",Alimentos para fins especiais,102,10.7,3.87,4.43,1.87
C0647N,"Papa de peito de frango, batata baroa (mandioquinha, salsa) e abobrinha, c/ caldo de carne, c/ cebola e azeite de oliva, c/ sal,",Alimentos para fins especiais,96,11.8,4.50,3.24,0.84
C0385E,"Caldeirada de peixe e batata, c/ sal, (peixe, água salgada, cação, batata, tomate, pimentão, coentro, suco de limão, c/ pimenta-do-reino e pimenta vermelha,c/ caldo de peixe, c/ óleo, cebola e alho, c/ sal),",Pescados e Frutos do mar,66,9.11,3.99,1.42,0.66
C0020R,"Gelatina, framboesa, em pó, Ducoco,",Alimentos industrializados,392,8.86,89.2,0.00,0.08
C0189E,"Peixe, água salgada, merluza, assado/grelhado, s/ óleo, c/ sal, Merlucius hubbsi,",Pescados e Frutos do mar,114,26.5,0.00,0.92,0.00
C0097H,"Bebida, café descafeinado - infusão 6% - suave, c/ leite desnatado (meio a meio), ""média"", s/ açúcar,",Bebidas,22,1.56,3.15,0.28,0.26
C0892B,"Couve, cozida, c/ molho de tomate (tomate, c/ óleo, cebola e alho), c/ salsa, c/ pimenta-do-reino, c/ sal, Brassica oleracea,",Vegetais e derivados,38,2.47,1.94,1.60,2.85
C0020L,"Sal, refinado,",Miscelâneas,0,0.00,0.00,0.00,0.00
C0077K,"Sagu, uva, mistura p/, preparada,",Produtos açucarados,116,0.00,29.1,,
C0333E,"Mexilhão com molho branco (farinha de trigo, manteiga e leite), s/ sal, (mexilhão, tomate, salsa, suco de limão, c/ molho branco (farinha de trigo, manteiga e leite), c/ óleo, cebola e alho, c/ pimenta do reino, s/ sal),",Pescados e Frutos do mar,113,9.90,5.92,5.48,0.40
C1120A,"Torta, carne moída e vegetais, (massa - leite, farinha de trigo, ovo e fermento químico, carne moída, ervilha em conserva, ovo, queijo parmesão, tomate, salsinha, pimenta do reino, c/ óleo de soja, cebola e alho, c/ sal),",Cereais e derivados,219,13.7,13.9,11.7,1.46
C0095B,"Legumes, seleta, enlatada, drenada,",Vegetais e derivados,46,3.11,6.39,0.28,2.94
C0301F,"Carne, boi, contra-filé, grelhado/frito, c/ molho de mostarda (creme de leite, suco de limão e mostarda), s/ sal,",Carnes e derivados,296,22.9,2.11,21.8,0.03
C0666B,"Salada, acelga, crua, c/ molho de salada - salsa, vinagre de maçã, azeite de oliva, c/ sal,",Vegetais e derivados,54,1.43,3.53,3.55,1.10
C0071C,"Cacau, in natura, Theobroma arábi L.,",Frutas e derivados,78,0.95,17.2,0.14,2.19
C0136A,"Milho, pipoca, p/ micro-ondas, queijo, cru, Hikari,",Cereais e derivados,409,8.40,48.1,17.4,13.0
C0128A,"Milho, farinha, crua (média de diferentes marcas/granulação),",Cereais e derivados,354,6.85,75.8,1.70,3.98
C0060K,"Gelatina, em pó, preparada c/ água (média de diferentes sabores), Oetker,",Produtos açucarados,57,1.24,12.8,0.08,0.00
C0651B,"Salada, vegetais cozidos, c/ óleo de soja, c/ sal, (brócolis, cenoura e couve-flor cozidos, c/ óleo de soja, c/ sal),",Vegetais e derivados,55,1.45,1.48,4.29,2.39
C0985A,"Uramaki, c/ salmão e pepino, (arroz para sushi (c/ vinagre de arroz, açúcar e sal), alga nori, cream cheese, salmão cru e pepino),",Cereais e derivados,144,6.72,17.5,4.67,2.68
C0266N,"Papa de fígado bovino e cará, c/ caldo de frango, c/ cebola e azeite de oliva, c/ sal,",Alimentos para fins especiais,135,12.8,7.66,5.68,1.01
C0367E,"Crustáceo, lagosta, cozido, c/ molho de tomate (tomate, c/ óleo, cebola e alho), c/ sal, Panulirus argus,",Pescados e Frutos do mar,81,15.6,0.87,1.62,0.50
C0438E,"Peixe, água salgada, merluza, à milanesa (farinha de rosca e ovo), frito (c/ óleo de soja), s/ sal, Merlucius hubbsi,",Pescados e Frutos do mar,263,21.8,13.1,13.5,0.96
C0259F,"Carne, boi, quarto dianteiro, s/ gordura, cozida, c/ batata e vegetais - cenoura, chuchu, vagem, c/ óleo, cebola e alho, s/ sal,",Carnes e derivados,143,17.2,3.02,6.73,0.71
C0081K,"Paçoca, amendoim,",Produtos açucarados,494,16.0,45.1,26.1,7.32
C0005L,"Curry, em pó, Kenko,",Miscelâneas,400,12.3,28.6,11.6,33.2
C0500F,"Sopa, peito de frango, c/ vegetais, s/ sal, (peito de frango, c/ cenoura, chuchu, abóbora e batata, c/ caldo de frango, c/ óleo, cebola e alho, s/ sal),",Carnes e derivados,63,8.84,2.71,1.67,0.79
C0294F,"Carne, boi, contra-filé, grelhado/frito, c/ óleo, c/ sal,",Carnes e derivados,346,26.8,0.00,26.5,0.00
C0089C,"Umbu, in natura, Spondias tuberosa Arruda ex Koster,",Frutas e derivados,37,0.84,7.46,,1.98
C0943F,"Atolado de frango, s/ sal, (frango inteiro, mandioca (aipim, macaxeira), tomate, salsinha, cebolinha, c/ óleo, cebola e alho, s/ sal),",Carnes e derivados,181,12.4,11.8,9.12,0.93
C1014A,"Bolo, trigo, c/ recheio, nozes, c/ cobertura, merengue, caseiro, (bolo - farinha de trigo, ovo, leite, manteiga, açúcar e fermento químico, recheio - leite condensado, creme de leite e nozes e cobertura - merengue),",Cereais e derivados,433,7.30,52.1,21.5,1.23
C1046A,"Macarronese, c/ sal, (macarrão de trigo, queijo muçarela, presunto, maionese, ervilha em conserva, batata palha, c/ sal),",Cereais e derivados,178,6.04,20.4,7.83,1.13
C0548B,"Salada, pimentão verde, amarelo e vermelho crus, cebola, c/ molho de salada - salsa, vinagre de maçã, azeite de oliva, c/ sal,",Vegetais e derivados,56,1.17,3.99,3.59,1.64
C0261N,"Papa de peito de frango e batata doce, c/ caldo de frango, c/ cebola e óleo de soja, c/ sal,",Alimentos para fins especiais,133,13.7,11.3,3.40,1.46
C0663B,"Salada, acelga, crua, c/ azeite de oliva, c/ sal,",Vegetais e derivados,148,1.23,3.00,14.3,0.96
C0969B,"Tomate, refogado (c/ óleo de soja, cebola e alho), c/ sal,",Vegetais e derivados,32,1.04,3.71,1.24,0.79
C0948F,"Ossobuco (chambari), c/ mandioca (aipim, macaxeira, c/ sal, (ossobuco bovino, mandioca (aipim, macaxeira), tomate, pimentão, salsinha, cebolinha, c/ óleo, cebola e alho, c/ sal),",Carnes e derivados,144,11.5,14.5,4.27,1.12
C0208T,"Feijão, branco, cozido, c/ azeite de oliva, c/ sal, Phaseolus vulgaris L.,",Leguminosas e derivados,153,9.39,18.2,3.34,6.08
C0414B,"Salada, Americana,  c/ sal, (batata e cenoura cozidos, maçã, presunto, c/ molho vinagrete (tomate, cebola, salsa, vinagre, c/ azeite de oliva), c/ sal),",Vegetais e derivados,60,2.85,6.61,2.16,1.48
C0051A,"Biscoito, doce, wafer, recheio sabor chocolate, Bauducco,",Cereais e derivados,523,5.43,66.1,26.4,0.00
C0137F,"Carne, ovino, cordeiro, lombo, crua, Ovis aries,",Carnes e derivados,113,20.7,1.08,2.85,0.00
C0312B,"Salada, batata, inglesa, s/ casca, cozida, c/ molho vinagrete (tomate, cebola, salsinha, vinagre e óleo), s/ sal, Solanum tuberosum L.,",Vegetais e derivados,66,1.19,8.97,2.58,1.33
C0461F,"Carne, boi, picanha, c/ gordura, grelhada, c/ manteiga, c/ sal,",Carnes e derivados,327,23.7,0.00,25.8,0.00
C0169K,"Bombom, chocolate branco recheado c/ leite condensado caramelizado e flocos, Chokito, Nestlê,",Produtos açucarados,469,3.59,73.4,18.0,0.00
C0426B,"Salada, vegetais crus, c/ óleo de soja, c/ sal, (repolho roxo, cenoura, alface americana, tomate, c/ óleo de soja, c/ sal),",Vegetais e derivados,62,0.94,2.68,4.88,1.87
C1013F,"Carne, quelônio, Tracajá, cozida, c/ cebolinha, alho, cúrcuma, pimenta do reino, s/ óleo, c/ sal, Podocnemis unifilis,",Carnes e derivados,215,25.1,0.08,2.08,0.04
C0184F,"Linguiça, mista, defumada, crua, Sadia,",Carnes e derivados,322,16.4,2.89,27.2,
C0943B,"Charuto de repolho, c/ carne suína refogada, s/ molho, c/ sal, (repolho branco, recheado com arroz e carne suína refogado, c/ óleo, cebola e alho), c/ sal),",Vegetais e derivados,117,9.30,8.57,4.83,0.96
C0196B,"Salada, berinjela, c/ casca, cozida, c/ molho vinagrete (tomate, cebola, salsinha, vinagre e óleo), c/ sal, Solanum melongena L.,",Vegetais e derivados,48,0.82,4.19,2.71,1.64
C0064H,"Bebida, capuccino (leite desnatado, café - infusão 10% e chocolate em pó), s/ açúcar,",Bebidas,70,3.04,13.0,0.62,0.00
C0705F,"Carne, porco, lombo, grelhada/assada, c/ molho de tomate (tomate, c/ óleo, cebola e alho), c/ sal, Sus ssp,",Carnes e derivados,175,28.8,0.82,6.14,0.51
C0135G,"Pudim, Floresta Negra, caseiro, (leite condensado, creme de leite, leite, gelatina sem sabor, água, cereja em calda, chocolate em pó, chantilly e chocolate ao leite),",Leite e derivados,241,5.17,33.6,10.7,1.05
C0829B,"Sopa, mandioca (aipim, macaxeira), c/ peito de frango, c/ sal, (mandioca (aipim, macaxeira), peito de frango, c/ caldo de vegetais, salsa, c/ óleo, cebola e alho, c/ sal),",Vegetais e derivados,85,5.69,12.0,1.36,0.93
C0087K,"Torta de limão, (farinha de trigo, ovo, amido de milho, margarina, suco de limão e açúcar),",Produtos açucarados,364,5.05,50.0,15.7,0.76
C0587F,"Carne, cabrito, cozida, c/ vegetais - cenoura, chuchu, abobrinha, ervilha em vagem, alecrim, c/ óleo, cebola e alho, c/ pimenta-do-reino, c/ sal,",Carnes e derivados,105,16.8,1.64,3.16,1.18
C0383N,"Papa de peito de frango, ervilha e abóbora (jerimum), c/ caldo de frango, c/ cebola e óleo de soja, c/ sal,",Alimentos para fins especiais,92,12.2,2.65,3.33,1.52
C0233C,"Suco natural, bacuri, c/ açúcar,",Frutas e derivados,52,0.51,10.2,0.59,2.08
C0041T,"Soja, farinha, c/ casca, desengordurada, Glycine max L.,",Leguminosas e derivados,308,45.8,18.6,1.01,20.6
C0176F,"Hambúrguer, frango, cru, Seara,",Carnes e derivados,227,15.0,1.20,18.0,
C0590B,"Salada, alface lisa, c/ molho vinagrete (tomate, cebola, salsa, vinagre e azeite de oliva), s/ sal,",Vegetais e derivados,40,2.84,1.09,1.89,3.88
C0936A,"Sanduíche, pão sírio, c/ peito de frango grelhado (c/ óleo de soja), alface americana, cenoura crua, tomate, c/ queijo minas frescal, c/ sal,",Cereais e derivados,185,12.5,19.5,6.00,1.35
C0204K,"Geladinho (sacolé, dindim), c/ suco concentrado, água, amido de milho, c/ açúcar,",Produtos açucarados,30,0.05,7.29,0.01,0.03
C0236T,"Puchero, c/ grão de bico, c/ sal, (grão de bico, carne bovina músculo, carne suína lombo, linguiça calabresa, toucinho defumado (bacon), cenoura, batata, salsinha, cebolinha, pimenta-do-reino, c/ azeite de oliva, cebola, alho, c/ sal),",Leguminosas e derivados,154,8.09,6.21,10.3,2.13
C0619F,"Carne, boi, contrafilé, s/ gordura, frita (c/ óleo de soja), c/ sal, Bos taurus,",Carnes e derivados,240,32.9,0.00,12.1,0.00
C0089B,"Mandioca, farofa, temperada, c/ sal,",Vegetais e derivados,396,2.06,72.5,9.12,7.82
C0745B,"Sopa, Batata baroa (mandioquinha, batata salsa), c/ charque (carne seca, carne de sol, jaba), c/ sal, (batata baroa (mandioquinha, batata salsa), c/ caldo de vegetais, charque (carne seca, carne de sol, jaba), salsa, c/ óleo, cebola e alho, c/ sal),",Vegetais e derivados,71,4.76,7.91,2.06,0.94
C0616N,"Papa de carne bovina moída (acém), arroz branco e brócolis, c/ caldo de carne, c/ cebola, s/ óleo, s/ sal,",Alimentos para fins especiais,114,11.2,6.56,4.35,1.68
C0366A,"Sanduíche, cachorro quente, (c/ pão para hot dog e salsicha de frango),  c/ molho de tomate (tomate, c/ óleo, cebola e alho, c/ sal),",Cereais e derivados,187,8.73,23.3,5.88,2.94
C0492A,"Sanduíche, pão forma tradicional, atum em conserva e maionese,",Cereais e derivados,226,12.6,26.5,7.48,1.34
C0206E,"Peixe, água salgada, sardinha, filé, cozido, drenado, s/ óleo, s/ sal, Sardinella brasiliensis,",Pescados e Frutos do mar,121,23.2,0.00,3.19,0.00
C0213T,"Soja, grão, cozido, drenado, c/ azeite de oliva, s/ sal,",Leguminosas e derivados,190,15.7,0.55,12.0,8.65
C0001T,"Feijão, carioca, cozido (50% grão e 50% caldo), s/ óleo, s/ sal, Phaseolus vulgaris L.,",Leguminosas e derivados,71,4.77,8.20,0.54,7.06
C0919A,"Churros, frito, c/ recheio de doce de leite, c/ açúcar polvilhado, (farinha de trigo, manteiga, ovo, sal, açúcar, frito (c/ óleo de soja), c/ doce de leite),",Cereais e derivados,412,7.53,49.1,20.5,0.69
C0123E,"Peixe, água salgada, abadejo, filé, congelado, assado, s/ óleo, s/ sal, Genypterus blacodes,",Pescados e Frutos do mar,85,19.0,0.00,0.94,0.00
C0662A,"Sonho, frito, s/ recheio, polvilhado com açúcar, (farinha de trigo, ovo, margarina, leite, sal, fermento químico, óleo de soja para fritura, c/ açúcar),",Cereais e derivados,341,8.13,54.0,9.92,1.61
C0542A,"Arroz com frango, c/ arroz polido, s/ sal, (arroz polido, c/ frango, tomate, cenoura, c/ óleo, cebola e alho, s/ sal),",Cereais e derivados,139,7.20,18.2,3.84,1.38
C0143G,"Leite, cabra, integral, em pó,",Leite e derivados,534,25.9,29.9,34.5,0.00
C1008F,"Carne, rã, coxa e dorso, cozida, s/ óleo, c/ sal, Rana catesbeiana,",Carnes e derivados,113,22.5,2.80,1.36,0.00
C0155C,"Suco natural, laranja e beterraba, s/ açúcar,",Frutas e derivados,45,1.18,8.53,0.20,2.38
C0153B,"Abobrinha, italiana, c/ casca, refogada (c/ óleo, cebola e alho), c/ sal,",Vegetais e derivados,26,1.07,2.81,0.82,1.38
C0245C,"Suco natural, maçã, s/ açúcar,",Frutas e derivados,26,0.12,5.43,0.20,0.83
C1118B,"Flor de abóbora, crua, Cucurbita,",Vegetais e derivados,18,1.03,3.22,0.07,0.00
C0833F,"Carne, boi, coração, cozido, s/ óleo, c/ sal,",Carnes e derivados,148,31.1,0.00,2.59,0.00
C0260A,"Sanduíche, misto quente, pão forma tradicional, c/ presunto, queijo muçarela, c/ maionese,",Cereais e derivados,249,12.7,20.9,12.6,1.03
C0210A,"Arroz, integral, cozido, c/ óleo, cebola e alho, s/ sal,",Cereais e derivados,116,2.46,21.0,2.03,2.14
C0057K,"Flan, em pó, preparado (média de diferentes sabores),",Produtos açucarados,135,2.90,21.1,3.90,1.82
C0203C,"Suco natural, cranberry, c/ açúcar,",Frutas e derivados,41,0.20,9.25,0.05,1.44
C0413B,"Salada, batata com maionese, c/ sal, (batata cozida, salsa, maionese, c/ sal),",Vegetais e derivados,108,1.26,9.93,6.81,1.19
C0271B,"Sopa, legumes, s/ sal, (batata inglesa, cenoura, chuchu, c/ caldo de legumes, c/ óleo, cebola e alho, s/ sal),",Vegetais e derivados,31,0.65,3.64,1.29,1.08
C0382N,"Papa de peito de frango, ervilha e abóbora (jerimum), c/ caldo de frango, c/ cebola e azeite de oliva, c/ sal,",Alimentos para fins especiais,92,12.2,2.65,3.33,1.52
C0153C,"Suco natural, laranja e banana, s/ açúcar,",Frutas e derivados,48,0.76,9.98,0.17,1.58
C0782B,"Farofa, linguiça, c/ sal, (farinha de mandioca (aipim, macaxeira), linguiça com carne bovina e suína, tomate, azeitona, salsa, c/ óleo, cebola e alho, c/ sal),",Vegetais e derivados,304,6.69,38.2,13.1,3.35
C0120E,"Moqueca, de peixe, capixaba, c/ sal, (peixe, água salgada, cação (posta), tomate, pimentão, coentro, c/ óleo, cebola e alho, c/ sal),",Pescados e Frutos do mar,106,20.2,2.49,1.60,0.35
C0927F,"Carne, boi, coxão mole (polpa, chã de dentro), s/ gordura, frita (c/ óleo de soja), c/ queijo muçarela, s/ sal,",Carnes e derivados,276,28.6,0.49,17.7,0.00
C0275C,"Banana, in natura (média de 5 tipos - Nanica (caturra ou dágua), da Terra, Maçã, Ouro e Prata),",Frutas e derivados,112,1.34,25.3,0.22,2.00
C0067N,"Biscoito, doce, recheado, light (média de diferentes sabores),",Alimentos para fins especiais,430,2.94,73.3,13.2,2.90
C0414E,"Peixe, água salgada, merluza, cozido, ao molho branco (farinha de trigo, manteiga e leite), s/ sal, Merlucius hubbsi,",Pescados e Frutos do mar,113,17.1,1.43,4.28,0.05
C0206N,"Papa de feijão carioca, ovo e macarrão, c/ caldo de frango, c/ cebola e azeite de oliva, c/ sal,",Alimentos para fins especiais,100,5.25,7.14,5.06,2.64
C1046F,"Carne, caça, crua (média de 8 espécies),",Carnes e derivados,105,21.2,0.71,1.90,0.00
C0479B,"Pimentão, vermelho, assado, s/ óleo, s/ sal, Capsicum annuum L.,",Vegetais e derivados,25,1.08,4.03,0.15,1.66
C0417E,"Peixe, água salgada, filé/posta, cozido, c/ molho branco (farinha de trigo, manteiga e leite), s/ sal (média de várias espécies),",Pescados e Frutos do mar,131,18.4,2.85,5.07,0.05
C0101A,"Cereal matinal, milho, c/ açúcar,",Cereais e derivados,375,5.38,85.5,0.85,1.98
C0545F,"Carne, frango, inteiro, ensopado, c/ tomate, pimentão, batata, salsa, c/ óleo, cebola e alho, c/pimenta-do-reino, s/ sal,",Carnes e derivados,127,14.9,3.04,5.98,0.76
C0568A,"Canelone, c/ muçarela, s/ molho, caseiro, (massa com farinha de trigo, c/ muçarela),",Cereais e derivados,257,16.6,13.4,15.1,0.65
C0237C,"Suco natural, buriti, s/ açúcar,",Frutas e derivados,83,0.88,2.96,6.17,6.00
C0079T,"Feijão, guandu, grão, seco, cozido, drenado, s/ óleo, s/ sal, Cajanus cajan,",Leguminosas e derivados,138,9.41,19.1,0.91,8.12
C0053E,"Peixe, água salgada, pescada branca, frita, s/ sal,",Pescados e Frutos do mar,218,27.4,0.62,11.8,0.00
C0104H,"Bebida, café, descafeinado, infusão 8% - médio, c/ açúcar,",Bebidas,30,0.18,6.35,0.24,0.65
C0278N,"Papa de peixe (pescada branca) e batata, c/ caldo de frango, c/ cebola e azeite de oliva, c/ sal,",Alimentos para fins especiais,90,8.65,4.02,4.27,0.62
C0358B,"Berinjela, refogada (c/ óleo, cebola e alho), s/ sal, Solanum melongena L.,",Vegetais e derivados,35,1.29,2.73,1.35,3.18
C0122C,"Suco natural, goiaba, vermelha, c/ açúcar,",Frutas e derivados,65,0.63,12.9,0.36,3.73
C0148H,"Bebida, refresco, em pó, preparado, c/ água,",Bebidas,8,0.01,2.03,0.00,0.00
C0138N,"Maionese, light,",Alimentos para fins especiais,238,0.37,9.23,22.2,0.00
C0594A,"Torrada, trigo, integral, c/ ricota e temperos,",Cereais e derivados,217,10.3,21.7,9.62,1.19
C0053A,"Biscoito, doce, wafer, recheio sabor morango, Marilan,",Cereais e derivados,529,5.10,63.4,28.0,1.40
C0040G,"Leite, vaca, integral, instantâneo, em pó, Ninho,",Leite e derivados,500,26.0,38.3,27.0,0.00
C0182K,"Bombom, tipo Ferrero Rocher, caseiro, (chocolate ao leite, chocolate meio amargo, creme de chocolate com avelã, creme de leite, avelã e castanha de caju),",Produtos açucarados,520,9.28,40.1,34.9,3.71
C0008G,"Molho, branco, c/ sal, (farinha de trigo, manteiga, leite, c/ sal),",Leite e derivados,156,4.06,12.0,10.1,0.19
C0021F,"Carne, boi, quarto traseiro, s/ gordura, grelhada, s/ óleo, s/ sal, Bos taurus,",Carnes e derivados,224,32.1,0.49,10.4,0.00
C0039N,"Queijo, minas, padrão, light, Teixeira,",Alimentos para fins especiais,276,21.2,7.38,17.9,0.00
C0376A,"Sanduíche, peito de frango grelhado (c/ pão de hambúrguer),  c/ queijo prato, alface, tomate, c/ maionese,",Cereais e derivados,221,16.0,18.9,8.87,1.19
C0391N,"Papa de carne bovina moída (acém), fubá e couve, c/ caldo de carne, c/ cebola e azeite de oliva, s/ sal,",Alimentos para fins especiais,128,10.8,7.03,6.13,0.91
C0574A,"Arroz piamontese, c/ arroz polido, c/ sal, (arroz polido, c/ cogumelo paris, creme de leite, queijo parmesão, c/ molho branco (farinha de trigo, manteiga e leite), c/ óleo, cebola e alho, c/ sal),",Cereais e derivados,182,4.96,18.6,9.56,1.25
C0925B,"Couve de Bruxelas, cozida, drenada, s/ óleo, c/ sal,",Vegetais e derivados,38,2.54,4.49,0.50,2.59
C0732A,"Bolinha de queijo, caseira, (farinha de trigo, farinha de rosca, muçarela, ovo, c/ caldo de carne, c/ pimenta-do-reino, frito (c/ óleo de soja), c/ sal,",Cereais e derivados,373,14.9,36.0,18.5,1.52
C0352N,"Papa de peito de frango, abóbora cabotian (japonesa) e chuchu, c/ caldo de carne, c/ cebola e óleo de soja, s/ sal,",Alimentos para fins especiais,90,11.8,2.75,3.34,0.87
C0029F,"Carne, boi, capa de contra-filé, s/ gordura, grelhada, s/ óleo, s/ sal, Bos taurus,",Carnes e derivados,230,35.1,0.00,9.95,0.00
C0117N,"Papa de fígado bovino, batata e cenoura, c/ caldo de frango, c/ cebola, s/ óleo, s/ sal,",Alimentos para fins especiais,103,12.6,4.41,3.68,0.78
C0205F,"Quibe, bovino, assado, (trigo para quibe, carne bovina patinho, cebola, cebolinha, hortelã, pimenta-do-reino, canela, c/ manteiga, s/ sal),",Carnes e derivados,134,14.6,12.9,2.68,
C0176T,"Salada, feijão fradinho, c/ azeite de oliva, s/ sal, (feijão fradinho cozido, tomate, cebola, salsa, suco de limão, c/ azeite de oliva, s/ sal),",Leguminosas e derivados,97,4.63,9.81,3.11,5.39
C0449F,"Carne, boi, patinho, s/ gordura, grelhada, c/ molho de tomate (tomate, c/ óleo, cebola e alho), c/ sal,",Carnes e derivados,183,29.1,1.08,6.88,0.50
C0396B,"Salada, folhas, vegetais e frutas, c/ azeite de oliva, c/ sal, (alface lisa, alface roxa, rúcula, pepino, uva Itália, c/ azeite de oliva, c/ sal),",Vegetais e derivados,59,1.12,3.34,4.29,1.53
C0323A,"Sanduíche, pão forma tradicional, c/ peito de frango grelhado, alface americana, cenoura crua e tomate,",Cereais e derivados,139,13.3,16.5,1.68,2.63
C0849A,"Casquinha, sorvete, cone,",Cereais e derivados,252,3.00,27.9,14.0,1.00
C0144C,"Suco natural, maracujá, c/ açúcar,",Frutas e derivados,26,0.19,5.95,0.19,0.10
C0443A,"Empada, c/ peito de frango refogado, assada, c/ sal, (farinha de trigo, ovo, margarina, tomate, azeitona, c/ peito de frango refogado (c/ óleo, cebola e alho), c/ sal),",Cereais e derivados,354,6.94,45.3,15.6,2.16
C0411N,"Papa de batata, cenoura e carne bovina moída (patinho), c/ caldo de carne, c/ cebola e azeite de oliva, c/ sal,",Alimentos para fins especiais,109,13.3,3.02,4.67,0.83
C0914B,"Agrião, cozido, drenado, s/ óleo, c/ sal,",Vegetais e derivados,26,3.63,0.68,0.51,2.27
C0020B,"Cenoura, s/ casca, crua, Daucus carota L.,",Vegetais e derivados,31,1.12,4.56,0.21,2.98
C0230T,"Sopa, feijão preto, c/ carne bovina, c/ macarrão, c/ vegetais, c/ sal, (feijão preto, c/ carne bovina músculo, c/ macarrão, c/ batata, abóbora (jerimum), repolho e chuchu, c/ caldo de carne, c/ óleo, cebola e alho, c/ sal),",Leguminosas e derivados,55,5.29,7.04,1.74,2.96
C0443F,"Carne, boi, patinho, s/ gordura, grelhada, c/ molho branco (farinha de trigo, manteiga e leite), s/ sal,",Carnes e derivados,207,29.8,3.50,8.19,0.05
C0119K,"Pastel de nata, (massa folhada, gema de ovo, creme de leite, extrato de baunilha, c/ açúcar),",Produtos açucarados,463,5.96,39.2,30.9,0.96
C0433N,"Papa de carne bovina moída (acém) e abóbora cabotian (japonesa), c/ caldo de carne, c/ cebola e azeite de oliva, s/ sal,",Alimentos para fins especiais,118,11.0,3.69,6.36,1.02
C0111C,"Suco natural, abacaxi e melão, s/ açúcar,",Frutas e derivados,35,0.64,7.07,0.23,1.17
C0396F,"Carne, boi, lagarto, cozida, c/ óleo, cebola e alho, s/ sal,",Carnes e derivados,216,31.2,0.61,9.86,0.14
C0462E,"Peixe, água salgada, filé/posta, frito (c/ óleo de soja), s/ sal (média de várias espécies),",Pescados e Frutos do mar,142,17.9,0.00,7.84,0.00
C0339N,"Papa de carne bovina (músculo), feijão carioca, batata baroa (mandioquinha, salsa) e abóbora cabotian (japonesa), c/ caldo de frango, c/ cebola e azeite de oliva, s/ sal,",Alimentos para fins especiais,110,10.7,6.01,4.41,1.85
C0026K,"Maria mole, coco queimado,",Produtos açucarados,316,3.93,74.4,0.09,0.64
C0666N,"Papa de carne bovina moída (acém), fubá e espinafre, c/ caldo de frango, c/ cebola e azeite de oliva, c/ sal,",Alimentos para fins especiais,127,10.7,7.05,6.08,0.80
C0733B,"Creme, abóbora, cabotian (japonesa), c/ sal, (abóbora, cabotian (japonesa), salsa, c/ caldo de carne, c/ molho branco (farinha de trigo, manteiga e leite), c/ óleo, cebola e alho, c/ sal),",Vegetais e derivados,79,2.49,7.65,4.01,1.12
C0245N,"Papa de ovo e batata baroa (mandioquinha, batata salsa), c/ caldo de frango, c/ cebola e azeite de oliva, s/ sal,",Alimentos para fins especiais,98,4.80,6.89,5.57,0.71
C0220E,"Peixe, água salgada, filé/posta, frito (c/ óleo de soja), c/ sal (média de várias espécies),",Pescados e Frutos do mar,142,17.9,0.00,7.84,0.00
C0254N,"Papa de peito de frango e batata baroa (mandioquinha, batata salsa), c/ caldo de frango, c/ cebola e azeite de oliva, c/ sal,",Alimentos para fins especiais,110,13.2,6.32,3.36,0.71
C0471F,"Lagarto recheado com calabresa, c/ sal, (carne, boi, lagarto, cozida, c/ linguiça calabresa, c/ molho de tomate (tomate, c/ óleo, cebola e alho), c/ sal),",Carnes e derivados,189,25.0,0.91,9.40,0.50
C0292C,"Camu-camu, in natura, Myrciaria dubia,",Frutas e derivados,30,0.45,6.34,0.20,0.57
C0266T,"Queijo vegetal, c/ bebida à base de castanha de caju, c/ sal, (bebida vegetal à base de castanha de caju, polvilho doce, suco de limão, molho de mostarda, páprica, alho em pó, c/ sal),",Leguminosas e derivados,160,3.72,18.3,7.77,1.37
C1170B,"Batata frita, c/ queijo muçarela, c/ toucinho defumado (bacon), c/ sal,",Vegetais e derivados,337,12.7,17.1,23.4,3.61
C0069K,"Pudim, caramelo, em pó, preparado, Oetker,",Produtos açucarados,118,2.90,19.3,3.20,
C0081A,"Farinha, centeio, integral, Secale cereale,",Cereais e derivados,328,12.5,57.8,1.75,15.5
C0263B,"Abobrinha, italiana, c/ casca, grelhada, s/ óleo, s/ sal, Cucurbita pepo,",Vegetais e derivados,27,1.57,3.79,0.19,2.00
C0087A,"Cereais, farinha, p/ crianças (média de diferentes sabores),",Cereais e derivados,378,8.39,79.4,2.32,3.01
C0762B,"Escondidinho de frango, c/ sal, (mandioca (aipim, macaxeira), peito de frango, tomate, salsa e queijo parmesão, c/ óleo, cebola e alho, c/ sal),",Vegetais e derivados,175,9.37,15.1,8.22,1.24
C0690F,"Carne, porco, bisteca, refogada (c/ óleo, cebola e alho), c/ sal, Sus ssp,",Carnes e derivados,392,30.1,0.00,30.1,0.00
C0291B,"Batata, inglesa, cozida, s/ casca, c/ molho de tomate (tomate, c/ óleo, cebola e alho), c/ sal, Solanum tuberosum L.,",Vegetais e derivados,57,1.41,9.48,1.09,1.68
C0285B,"Jiló, c/ casca, frito (c/ óleo de soja), s/ sal, Solanum gilo,",Vegetais e derivados,262,1.75,1.71,26.3,6.03
C0476N,"Papa de carne bovina moída (patinho) e abóbora cabotian (japonesa), c/ caldo de frango, c/ cebola, s/ óleo, c/ sal,",Alimentos para fins especiais,103,14.5,3.65,3.09,1.04
C0365B,"Salada, legumes cozidos, c/ óleo de soja, c/ sal, (batata, cenoura, chuchu, c/ óleo de soja, c/ sal),",Vegetais e derivados,69,0.75,5.28,4.66,1.60
C0367F,"Carne, boi, coxão duro (chã de fora), s/ gordura, cozida, c/ óleo, cebola e alho, s/ sal,",Carnes e derivados,211,30.4,0.61,9.69,0.14
C0444E,"Peixe, água salgada, cação, frito (c/ óleo de soja), s/ sal, Carcharhinus spp.,",Pescados e Frutos do mar,128,17.3,1.87,5.67,0.00
C0798A,"Lasanha, pronta, industrializada, congelada (média de diferentes sabores),",Cereais e derivados,134,5.77,11.8,6.75,1.50
C1098A,"Macarrão, trigo integral, c/ carne bovina músculo, salsa, pimenta-do-reino, c/ óleo de soja e alho, c/ sal,",Cereais e derivados,171,9.33,17.3,6.61,2.72
C0264T,"Amendoim, ovinhos, assado, caseiro, (amenoim, polvilho doce, banha suína, fermento químico, c/ sal),",Miscelâneas,476,7.62,48.7,27.3,2.54
C0073H,"Bebida, café, descafeinado, infusão 6%, c/ açúcar,",Bebidas,28,0.14,6.24,0.18,0.49
C0083N,"Bolo, cenoura, simples, diet, caseiro, (farinha de trigo, cenoura, adoçante, óleo de soja, ovo e fermento químico),",Alimentos para fins especiais,189,6.76,42.0,10.7,1.52
C0952A,"Canelone, proteína de soja, c/ molho de tomate, c/ sal, caseiro, (massa com farinha de trigo, proteína de soja hidratada (c/ caldo de legumes), c/ molho de tomate (tomate, c/ óleo, cebola e alho), c/ sal),",Cereais e derivados,150,12.6,18.1,2.35,3.16
C0941A,"Macarrão de arroz, com legumes, c/ molho shoyu, (macarrão de arroz, ovo mexido, acelga, broto de feijão, pimentão, cenoura, brócolis, cogumelo Paris, cebola, cebolinha, c/ óleo de gergelim, c/ molho shoyu),",Cereais e derivados,99,2.40,15.6,2.71,1.48
C0507B,"Salada, cenoura, cozida, c/ molho de salada - salsa, suco de limão, azeite de oliva, c/ sal,",Vegetais e derivados,48,0.65,2.42,3.51,2.10
C0085R,"Missôshiru, tradicional, em pó, Sakura,",Alimentos industrializados,309,22.0,21.6,13.0,8.92
C1020A,"Bolo, trigo, c/ cobertura, coco, caseiro, (bolo - farinha de trigo, ovo, leite, manteiga, açúcar e fermento químico, cobertura - leite condensado e coco ralado),",Cereais e derivados,419,7.14,52.7,19.7,0.93
C0275T,"Feijão, preto, cozido no vapor, s/ óleo, s/ sal , Phaseolus vulgaris L.,",Leguminosas e derivados,266,9.05,35.0,1.09,17.0
C0445N,"Papa de carne bovina moída (acém), cenoura e batata baroa (mandioquinha, batata salsa), c/ caldo de carne, c/ cebola e azeite de oliva, s/ sal,",Alimentos para fins especiais,114,10.2,4.54,5.94,0.92
C0096B,"Biscoito, polvilho, doce, industrializado,",Vegetais e derivados,435,1.29,79.4,12.2,1.16
C0665B,"Salada, acelga, crua, c/ molho de salada - salsa, suco de limão, azeite de oliva, c/ sal,",Vegetais e derivados,55,1.46,3.66,3.56,1.14
C0920A,"Churros, frito, c/ recheio de brigadeiro, s/ açúcar polvilhado, (farinha de trigo, manteiga, ovo, sal, açúcar, frito (c/ óleo de soja), c/ brigadeiro),",Cereais e derivados,395,7.81,44.3,20.5,0.69
C1013B,"Salada, repolho branco, c/ maionese, c/ uva passa, c/ sal,",Vegetais e derivados,62,1.16,6.06,3.22,1.88
C0635F,"Carne, boi, patinho, s/ gordura, à milanesa (ovo e farinha de rosca), frita (c/ óleo de soja), s/ sal, Bos taurus,",Carnes e derivados,250,25.7,7.50,12.9,0.48
C0317F,"Carne, bovina, capa de contra-filé, c/ gordura, grelhada, c/ óleo e cebola, s/ sal,",Carnes e derivados,302,29.3,0.66,20.2,0.12
C0568N,"Papa de carne moída bovina (patinho), feijão preto, batata, abóbora (jerimum) e cenoura, c/ caldo de frango, c/ cebola e óleo de soja, c/ sal,",Alimentos para fins especiais,107,12.2,3.47,4.41,2.13
C0006K,"Açúcar, mascavo,",Produtos açucarados,382,0.76,94.4,0.09,0.00
C0368F,"Carne, boi, coxão duro (chã de fora), s/ gordura, cozida, c/ molho de tomate (tomate, c/ óleo, cebola e alho), c/ sal,",Carnes e derivados,181,25.8,0.81,8.17,0.50
C0673F,"Carne, boi, músculo, s/ gordura, cozida, c/ molho de tomate (tomate, c/ óleo, cebola e alho), s/ sal, Bos taurus,",Carnes e derivados,163,25.3,0.83,6.41,0.51
C0085K,"Bomba, c/ recheio de creme de confeiteiro (pâtissiére), c/ cobertura de chocolate ao leite, (farinha de trigo, ovo, manteiga, leite, chocolate ao leite, amido de milho e açúcar),",Produtos açucarados,358,7.24,37.3,19.8,0.61
C0044E,"Peixe, água salgada, bacalhau, salgado, dessalgado, refogado, Gadus morhua,",Pescados e Frutos do mar,133,24.0,1.22,3.61,0.00
C0264B,"Abobrinha, italiana, c/ casca, grelhada, s/ óleo, c/ sal,",Vegetais e derivados,27,1.56,3.77,0.19,1.99
C0447N,"Papa de carne bovina moída (acém), cenoura e batata baroa (mandioquinha, batata salsa), c/ caldo de carne, c/ cebola, s/ óleo, s/ sal,",Alimentos para fins especiais,96,10.2,4.55,3.95,0.93
C0034F,"Carne, boi, coxão mole (polpa, chã de dentro), s/ gordura, cozida, s/ óleo, s/ sal, Bos taurus,",Carnes e derivados,209,32.2,0.00,8.91,0.00
C0611F,"Carne, bovina, alcatra, refogada (c/ óleo, cebola e alho), s/ sal, Bos taurus,",Carnes e derivados,204,28.4,0.61,9.80,0.14
C0448A,"Risole, caseiro, frito (média de diversos sabores - camarão, carne e queijo muçarela),",Cereais e derivados,345,13.1,29.3,19.1,1.35
C0212T,"Soja, grão, cozido, drenado, c/ azeite de oliva, c/ sal,",Leguminosas e derivados,189,15.6,0.55,11.9,8.61
C0929B,"Pequi, polpa, cozido, s/ óleo, s/ sal, Caryocar brasiliense,",Vegetais e derivados,337,2.24,2.64,33.1,9.90
C0250A,"Sanduíche, hambúrguer bovino grelhado (c/ pão hambúrguer), c/ alface e tomate,",Cereais e derivados,209,9.26,27.9,6.39,1.56
C0012R,"Flan, chocolate, em pó, Oetker,",Alimentos industrializados,393,1.00,97.0,0.10,1.74
C0444F,"Carne, boi, patinho, s/ gordura, grelhada, c/ molho branco (farinha de trigo, manteiga e leite), c/ sal,",Carnes e derivados,206,29.8,3.43,8.14,0.05
C0635N,"Papa de feijão preto, batata doce, abóbora cabotian (japonesa) e cenoura, c/ caldo de carne, c/ cebola e óleo de soja, c/ sal,",Alimentos para fins especiais,65,2.73,5.76,2.42,4.79
C0439B,"Salada, batata com atum, s/ óleo, s/ sal, (batata cozida, atum em conserva, azeitona preta, cheiro verde, s/ óleo, s/ sal),",Vegetais e derivados,97,15.3,4.54,1.64,0.90
C0630N,"Papa de feijão carioca, batata doce, abóbora cabotian (japonesa) e cenoura, c/ caldo de carne, c/ cebola e óleo de soja, s/ sal,",Alimentos para fins especiais,76,2.65,7.39,2.97,4.45
C0657A,"Suflê, camarão, c/ molho branco, c/ sal, (camarão, ovo de galinha, farinha de rosa, salsa, c/ molho branco (farinha de trigo, manteiga e leite), c/ óleo, cebola e alho, c/ sal),",Cereais e derivados,135,10.2,7.41,7.06,0.26
C0728B,"Creme, abóbora, cabotian (japonesa), c/ toucinho defumado (bacon), c/ sal, (abóbora, cabotian (japonesa), toucinho defumado (bacon), c/ molho branco (farinha de trigo, manteiga e leite), c/ caldo de carne, salsa, c/ óleo, cebola e alho, c/ sal),",Vegetais e derivados,113,3.79,7.62,7.21,1.11
C0078G,"Vitamina, leite de vaca integral c/ abacate, s/ açúcar,",Leite e derivados,67,2.56,5.05,3.86,0.85
C0206K,"Geladinho (sacolé, dindim), c/ polpa congelada, leite integral e leite condensado,",Produtos açucarados,136,4.22,20.3,4.16,0.01
C0184B,"Salada, espinafre, folha, cozida, c/ molho vinagrete (tomate, cebola, salsinha, vinagre e óleo), c/ sal, Tetragonia expansa,",Vegetais e derivados,43,1.55,2.29,2.72,1.63
C0339B,"Salada, cenoura, crua, c/ molho vinagrete (tomate, cebola, salsinha, vinagre e óleo), c/ sal, Daucus carota L.,",Vegetais e derivados,52,1.04,4.68,2.68,2.38
C0953F,"Baço bovino, refogado (c/ óleo, cebola e alho), c/ sal,",Carnes e derivados,143,23.7,0.58,5.05,0.14
C0555B,"Salada, repolho, branco, cru, s/ óleo, s/ sal,",Vegetais e derivados,20,1.12,2.50,0.14,1.92
C0105C,"Banana, da terra, à milanesa (farinha de rosca e ovo), frita em imersão (c/ óleo de soja), s/ açúcar,",Frutas e derivados,241,2.85,27.6,12.7,2.22
C0195N,"Papa de carne bovina moída (acém), macarrão e brócolis, c/ caldo de frango, c/ cebola e óleo de soja, c/ sal,",Alimentos para fins especiais,126,11.8,4.84,6.37,0.93
C0136B,"Tacacá, s/ sal, (folha de jambu, camarão salgado seco, tucupi, alho, pimenta-de-cheiro, chicória, goma de mandioca, s/ óleo, s/ sal),",Vegetais e derivados,44,6.96,3.18,0.36,0.21
C0013G,"Iogurte, integral, coco,",Leite e derivados,67,2.99,10.0,1.63,0.23
C0679A,"Pizza, rúcula ,c/ tomate seco e muçarela de búfula, caseira, (massa (farinha de trigo, óleo, fermento biológico, sal e açúcar), rúcula com tomate seco, muçarela de búfala, c/ molho de tomate (tomate, c/ óleo, cebola e alho, c/ sal), c/ azeite de oliva),",Cereais e derivados,297,9.29,39.0,11.2,1.79
C0150E,"Peixe, água salgada, corvina do mar, frito (c/ óleo de soja), c/ sal, Micropogonias furnieri,",Pescados e Frutos do mar,132,18.3,0.00,6.58,0.00
C0006C,"Banana, in natura, Musa spp.,",Frutas e derivados,109,1.27,24.5,0.19,2.24
C0623B,"Salada, rabanete, c/ óleo de soja, c/ sal,",Vegetais e derivados,66,1.06,1.12,5.94,1.70
C0009K,"Bolinrosa, lata, Moça,",Produtos açucarados,323,7.30,54.8,8.30,
C0902A,"Arroz de coco, c/ arroz integral, s/ sal, (arroz integral cozido, c/ coco e leite de coco, c/ óleo, cebola e alho, s/ sal),",Cereais e derivados,165,2.41,16.1,9.59,2.18
C0690A,"Pizza, Califórnia, caseira, (massa (farinha de trigo, óleo, fermento biológico, sal e açúcar), muçarela, frutas em calda - abacaxi, pêssego, figo, ameixa e cereja),",Cereais e derivados,259,8.04,43.7,5.31,1.84
C0594B,"Salada, alface americana, c/ molho de salada - salsa, suco de limão, azeite de oliva, c/ sal,",Vegetais e derivados,38,0.50,0.61,3.47,1.21
C0665N,"Papa de carne bovina moída (acém), fubá e espinafre, c/ caldo de frango, c/ cebola e óleo de soja, c/ sal,",Alimentos para fins especiais,127,10.7,7.05,6.08,0.80
C0860B,"Bolo de batata doce com frango, s/ sal, (batata doce, ovo, manteiga, peito de frango, tomate, salsa e queijo parmesão, c/ óleo, cebola e alho, s/ sal),",Vegetais e derivados,152,10.2,11.4,6.94,1.73
C0039C,"Suco, limão, galego, puro, s/ açúcar, Citrus aurantifolia,",Frutas e derivados,32,0.57,7.32,0.07,
C0789F,"Carne, peru, peito, s/ pele, cozida, drenada, s/ óleo, c/ sal, Meleagris gallopavo,",Carnes e derivados,137,29.5,0.00,2.09,0.00
C0428E,"Peixe, água salgada, sardinha, filé, cozido, ao c/ molho de tomate (tomate, c/ óleo, cebola e alho), s/ sal, Sardinella brasiliensis,",Pescados e Frutos do mar,136,18.9,0.10,6.52,0.51
C0588B,"Salada, alface lisa, c/ molho de salada - salsa, vinagre de maçã, azeite de oliva, c/ sal,",Vegetais e derivados,44,1.65,0.46,3.48,2.19
C0116H,"Bebida alcoólica, vinho, espumante, brut,",Bebidas,90,0.08,2.91,0.00,0.00
C0187C,"Salada de frutas, s/ açúcar, (laranja, banana, maçã e mamão, s/ açúcar),",Frutas e derivados,66,0.76,13.9,0.29,2.04
C0196T,"Feijão, preto, cozido (50% grão e 50% caldo), c/ carne de boi, charque (jaba, carne seca, carne de sol), c/ óleo, cebola e alho, c/ sal,",Leguminosas e derivados,122,12.4,5.05,4.44,6.00
C0798F,"Carne, cabrito, assada, s/ óleo, c/ sal (média de diferentes cortes e raças), Capra ssp,",Carnes e derivados,197,34.3,0.00,6.69,0.00
C0483N,"Papa de carne bovina moída (patinho), macarrão e brócolis, c/ caldo de frango, c/ cebola, s/ óleo, s/ sal,",Alimentos para fins especiais,112,15.5,5.01,3.09,0.94
C0007J,"Ovo, galinha, gema, cozida/10 min, s/ sal,",Ovos e derivados,347,15.9,1.56,30.8,0.00
C0066L,"Molho de hortelã, c/ sal, caseiro, (suco de limão, cebola, alho, hortelã, c/ azeite de oliva, c/ sal),",Miscelâneas,388,1.29,4.21,40.2,2.06
C0019B,"Cebolinha, verde, crua, Allium fistulosum L.,",Vegetais e derivados,19,1.66,1.16,0.29,2.39
C0910F,"Estrogonoffe de carne, c/ sal, (carne boi filé mignon, cogumelo paris, creme de leite, catchup e mostarda, cebola, c/ óleo, c/ sal),",Carnes e derivados,168,15.0,2.96,10.8,0.00
C0183T,"Feijão, preto, drenado, s/ óleo, s/ sal, Phaseolus vulgaris L.,",Leguminosas e derivados,295,22.4,37.6,1.28,21.5
C0172C,"Maçã , verde, s/ casca, in natura, Malus domestica,",Frutas e derivados,48,0.30,10.6,0.00,2.40
C0168N,"Papa de peito de frango, inhame e beterraba, c/ caldo de frango, c/ cebola, s/ óleo, c/ sal,",Alimentos para fins especiais,81,12.1,5.07,1.19,0.86
C0414N,"Papa de batata, cenoura e carne bovina moída (acém), c/ caldo de carne, c/ cebola, s/ óleo, c/ sal,",Alimentos para fins especiais,92,10.1,3.53,3.90,1.26
C0193A,"Pão, trigo, doce, c/ creme de confeiteiro,",Cereais e derivados,263,8.09,47.0,4.23,2.16
C0922A,"Churros, assado, c/ recheio de doce de leite, s/ açúcar polvilhado, (farinha de trigo, manteiga, ovo, sal, açúcar, c/ doce de leite),",Cereais e derivados,302,7.52,44.1,10.5,0.69
C0343E,"Crustáceo, camarão, Sete Barbas, s/ cabeça, frito (c/ óleo de soja), c/ sal, Penaeus brasiliensis,",Pescados e Frutos do mar,222,18.3,1.62,15.6,1.25
C0654A,"Quiche, salmão, assado, c/ sal, (massa brise (farinha de trigo, manteiga, gema, leite, c/ açúcar, c/ sal), salmão, creme de leite, ovo, queijo parmesão, c/ cebola, c/ sal),",Cereais e derivados,297,11.1,13.3,22.0,0.69
C0289F,"Carne, boi, quarto traseiro, s/ gordura, grelhada, c/ manteiga, c/ sal,",Carnes e derivados,275,28.9,0.00,17.6,0.00
C1032B,"Cogumelo, Shiimeji, cozido, s/ óleo, c/ molho shoyu,",Vegetais e derivados,52,4.18,4.01,0.62,6.78
C0695N,"Papa de feijão carioca, abobrinha e beterraba, c/ caldo de carne, c/ cebola e azeite de oliva, s/ sal,",Alimentos para fins especiais,61,2.54,4.93,2.72,3.30
C0796B,"Gengibre, raiz, in natura, Zingiber officinale,",Vegetais e derivados,81,1.82,15.8,0.75,2.00
C0150H,"Quentão de vinho, (vinho tinto, água, gengibre, cravo, canela, c/ açúcar),",Bebidas,88,0.10,7.57,0.03,0.18
C0582N,"Papa de carne moída bovina (patinho), feijão preto, batata, abóbora (jerimum) e cenoura, c/ caldo de carne, c/ cebola e azeite de oliva, c/ sal,",Alimentos para fins especiais,107,12.2,3.47,4.44,2.13
C0007K,"Açúcar, refinado (média de diferentes amostras),",Produtos açucarados,397,0.16,99.0,,0.00
C0555F,"Frango xadrez, s/ molho shoyu, s/ sal, (peito de frango, cebola, pimentão (verde e vermelho), cebolinha, cogumelo paris, amendoim, gengibre, amido de milho, açúcar, c/ óleo e alho, s/ sal),",Carnes e derivados,147,19.9,3.68,5.55,1.40
C0183A,"Milho, verde, grão, refogado (c/ óleo, cebola e alho), c/ sal,",Cereais e derivados,186,8.35,31.3,1.96,5.01
C0302A,"Sanduíche, pão forma integral, c/ presunto,",Cereais e derivados,208,11.6,31.4,3.64,1.67
C0027J,"Ovo, galinha, mexido, c/ margarina, c/ sal,",Ovos e derivados,167,11.9,2.25,12.2,0.00
C0298F,"Carne, boi, contra-filé, grelhado/frito, c/ molho branco (farinha de trigo, manteiga e leite), s/ sal,",Carnes e derivados,295,23.7,3.26,20.8,0.05
C0290N,"Papa de goiaba e requeijão, s/ açúcar,",Alimentos para fins especiais,108,3.12,6.49,6.77,4.34
C0387F,"Carne, boi, flanco, s/ gordura, cozida,  c/ batata e vegetais - cenoura, chuchu, vagem, c/ óleo, cebola e alho, s/ sal,",Carnes e derivados,129,16.7,2.75,5.53,0.85
C0834A,"Macarrão, trigo, cozido, drenado, s/ óleo, c/ sal,",Cereais e derivados,125,3.54,26.0,0.57,0.91
C0387A,"Sanduíche, baguete, c/ queijo muçarela, alface, tomate e salame,",Cereais e derivados,237,12.1,24.4,9.78,1.51
C0640N,"Papa de feijão preto, batata doce, abóbora cabotian (japonesa) e cenoura, c/ caldo de carne, c/ cebola, s/ óleo, s/ sal,",Alimentos para fins especiais,50,2.64,6.16,0.41,5.36
C0003R,"Bolo, chocolate, mistura p/, Oetker,",Alimentos industrializados,372,6.10,83.6,1.10,1.69
C0280E,"Ceviche de frutos do mar, c/ pescada, crua, e frutos do mar cozidos, c/ sal, (peixe, água salgada, pescada, cru, frutos do mar cozidos - camarão, lula, polvo e vieira, c/ cebola, suco de limão, pepino, tomate, pimenta jalapeño, coentro, salsa, c/ azeite de oliva, c/ pimenta do reino, c/ sal),",Pescados e Frutos do mar,101,13.1,2.07,4.33,0.46
C0647A,"Capeleti, c/ peito de frango refogado, s/ molho, cozido, caseiro, c/ sal, (massa com farinha de trigo, peito de frango refogado (c/ óleo, cebola e alho), c/ sal),",Cereais e derivados,161,8.22,27.9,1.49,1.49
C0105H,"Bebida, capuccino (leite desnatado, infusão café descafeinado e chocolate em pó), s/ açúcar,",Bebidas,69,2.95,12.8,0.67,0.17
C0044L,"Café, descafeinado, torrado, moído,",Miscelâneas,377,10.4,28.5,15.4,41.4
C0505N,"Papa de peito de frango, fubá e couve, c/ caldo de carne, c/ cebola e óleo de soja, s/ sal,",Alimentos para fins especiais,109,12.3,6.80,3.43,0.91
C1102B,"Lasanha vegana, c/ abobrinha, c/ sal, (abobrinha, tomate, castanha de caju, alho-poró, salsinha e cebolinha, manjericão, pimenta do reino, c/ óleo de soja, c/ sal),",Vegetais e derivados,99,3.35,4.37,7.26,1.62
C0705N,"Creme de confeiteiro (pâtissiére), diet, (amido de milho, leite desnatado, suco de limão, casca de limão, extrato de baunilha, c/ sal, c/ adoçante),",Açúcares e doces,124,3.00,25.7,0.43,0.67
C0088E,"Peixe, água doce, Corvina, cozido, s/ óleo, s/ sal, Plagioscion squamossissimus,",Pescados e Frutos do mar,116,21.8,0.00,3.16,0.00
C0511A,"Arroz caipira, c/ arroz integral, c/ sal, (arroz integral, c/ frango, tomate, toucinho defumado (bacon), c/ óleo, cebola e alho, c/ sal),",Cereais e derivados,172,11.1,12.3,8.35,1.51
C0620A,"Suflê, batata baroa (mandioquinha, salsa), c/ molho branco, c/ sal, (batata baroa (mandioquinha, salsa), ovo de galinha, farinha de rosca, salsa, c/ molho branco (farinha de trigo, manteiga e leite), c/ óleo, cebola e alho, c/ sal),",Cereais e derivados,131,4.35,11.6,7.28,0.75
C0258A,"Sanduíche, americano (pão forma integral), presunto, queijo muçarela, alface, tomate, ovo frito e maionese,",Cereais e derivados,210,12.0,12.1,12.3,1.50
C0648F,"Carne, boi, coxão mole, s/ gordura, cozida, c/ molho de tomate (tomate, c/ óleo, cebola e alho), s/ sal, Bos taurus,",Carnes e derivados,183,26.3,0.83,8.18,0.51
C0296E,"Peixe, água salgada, salmão, defumado,",Pescados e Frutos do mar,112,18.3,0.00,4.32,0.00
C1049F,"Carne, porco, lombo, à milanesa, c/ sal, (carne, porco, lombo, farinha de trigo, farinha de rosca, ovo, frito (c/ óleo de soja), c/ sal), Sus ssp.,",Carnes e derivados,336,24.2,14.0,20.2,0.71
C0515F,"Rabada bovina com batata e agrião, c/ molho de tomate (tomate, c/ óleo, cebola e alho), pimentão, c/ óleo, cebola e alho, c/ pimenta do reino, s/ sal,",Carnes e derivados,215,11.8,3.71,16.7,1.07
C0560N,"Papa de fígado bovino e batata doce, c/ caldo de carne, c/ cebola, s/ óleo, c/ sal,",Alimentos para fins especiais,123,12.6,9.25,3.73,1.09
C0021E,"Peixe, água doce, corimba/curimatã, inteiro, cru, Prochilodus cearensis,",Pescados e Frutos do mar,235,16.1,3.15,17.5,0.00
C0153H,"Quentão de vinho, c/ gemada, (vinho tinto, água, gengibre, cravo, canela, gema de ovo, c/ açúcar),",Bebidas,146,0.93,21.7,1.57,0.18
C1152A,"Vatapá de trigo, c/ sal (pão francês, leite de coco, tomate, pimentão, pimenta dedo de moça, amendoim, azeite de dendê, coentro, c/ óleo de soja, cebola e alho, c/ sal),",Cereais e derivados,243,3.96,14.0,18.5,2.03
C1025A,"Arroz com abobrinha, c/ óleo, cebola e alho, c/ sal,",Cereais e derivados,108,2.05,21.1,1.44,1.34
C0126F,"Carne, frango, sobrecoxa, c/ pele, crua, Gallus gallus,",Carnes e derivados,242,16.7,0.00,19.5,0.00
C0076R,"Bolo, mistura p/,",Alimentos industrializados,415,6.16,83.0,6.13,1.70
C0057G,"Queijo, provolone,",Leite e derivados,350,25.6,2.14,26.6,0.00
C1030F,"Carne, rã, coxa e dorso, à milanesa, c/ sal, (carne, rã, coxa e dorso, farinha de trigo, farinha de rosca, ovo, frito (c/ óleo de soja), c/ sal), Rana catesbeiana,",Carnes e derivados,238,21.3,16.2,9.69,0.71
C0131E,"Peixe, água salgada, atum, cozido, drenado, s/ óleo, s/ sal, Thunnus thynnus,",Pescados e Frutos do mar,137,31.9,0.00,1.05,0.00
C0505B,"Salada, cenoura, cozida, c/ azeite de oliva, c/ sal,",Vegetais e derivados,97,0.49,1.93,9.24,1.98
C0626N,"Papa de carne bovina moída (patinho), arroz branco e brócolis, c/ caldo de carne, c/ cebola e azeite de oliva, s/ sal,",Alimentos para fins especiais,311,12.9,6.20,25.8,0.99
C0185N,"Papa de peito de frango, batata baroa (mandioquinha,  batata salsa) e cenoura, c/ caldo de frango, c/ cebola e c/ azeite de oliva, s/ sal,",Alimentos para fins especiais,94,11.7,4.14,3.21,0.89
C0596F,"Carne, boi, filé mignon, s/ gordura, frita (c/ óleo de soja), s/ sal, Bos taurus,",Carnes e derivados,266,30.2,0.00,16.1,0.00
C0501N,"Papa de carne bovina moída (patinho), cará e brócolis, c/ caldo de frango, c/ cebola, s/ óleo, s/ sal,",Alimentos para fins especiais,99,13.8,4.06,2.73,1.32
C0158C,"Suco natural, laranja, cenoura e beterraba, c/ açúcar,",Frutas e derivados,61,1.05,12.6,0.20,2.25
C0128K,"Creme, chocolate, sabor avelã,",Produtos açucarados,528,5.41,57.0,29.7,5.40
C0258F,"Carne, boi, quarto dianteiro, s/ gordura, cozida, c/ batata e vegetais - cenoura, chuchu, vagem, c/ óleo, cebola e alho, c/ sal,",Carnes e derivados,142,17.2,2.97,6.62,0.70
C0037E,"Peixe, água salgada, abadejo, filé, congelado, cozido, s/ óleo, s/ sal,",Pescados e Frutos do mar,85,19.1,0.00,0.94,0.00
C0676B,"Salada, beterraba crua, c/ molho de salada - salsa, suco de limão, azeite de oliva, c/ sal,",Vegetais e derivados,75,1.91,7.46,3.43,3.17
C0941F,"Toucinho defumado (bacon), frito, c/ alho e alecrim,",Carnes e derivados,655,26.0,0.63,61.2,0.43
C0071A,"Bolo, c/  gotas de chocolate, Chocottone,",Cereais e derivados,413,6.76,53.0,19.3,0.00
C0066T,"Vagem, macarrão, cozida, drenada, s/ óloe, s/ sal, Phaseolus vulgaris L.,",Leguminosas e derivados,30,1.49,4.67,0.09,2.15
C0091T,"Feijão, carioca, cozido (50% grão e 50% caldo), c/ óleo, cebola e alho, c/ sal, Phaseolus vulgaris L.,",Leguminosas e derivados,79,4.69,7.77,1.72,6.84
C0003N,"Gelatina, abacaxi, em pó, diet, Ducocco,",Alimentos para fins especiais,318,63.5,13.5,0.00,4.69
C0091B,"Mandioca (aipim, macaxeira), frita, s/ sal, Manihot esculenta Crantz,",Vegetais e derivados,304,1.38,48.4,11.2,1.87
C0565F,"Carne, boi, pulmão, cozido, s/ óleo, s/ sal,",Carnes e derivados,115,20.4,0.00,3.70,0.00
C0656A,"Suflê, bacalhau, c/ molho branco, c/ queijo parmesão, c/ sal, (bacalhau dessalgado, ovo de galinha, farinha de rosa, salsa, queijo parmesão, c/ molho branco (farinha de trigo, manteiga e leite), c/ óleo, cebola e alho, c/ sal),",Cereais e derivados,161,13.1,7.74,8.60,0.31
C0374E,"Caldeirada de frutos do mar, s/ sal, (camarão, lula, polvo, mexilhão, tomate, pimentão, coentro, suco de limão, c/ pimenta-do-reino e pimenta vermelha, c/ caldo de peixe, c/ óleo, cebola e alho, s/ sal),",Pescados e Frutos do mar,71,11.2,2.10,1.91,0.46
C0752A,"Sanduíche, pão forma tradicional, c/ manteiga, s/ sal,",Cereais e derivados,408,6.92,34.9,26.3,1.91
C0918A,"Churros, frito, c/ recheio de brigadeiro, c/ açúcar polvilhado, (farinha de trigo, manteiga, ovo, sal, açúcar, frito (c/ óleo de soja), c/ brigadeiro),",Cereais e derivados,414,7.82,49.3,20.5,0.69
C0644A,"Rondele, ricota e espinafre, s/ molho, caseiro, c/ sal, (massa com farinha de trigo, c/ ricota e espinafre, c/ sal),",Cereais e derivados,112,6.65,14.0,2.97,1.22
C0907B,"Batata, doce, s/ casca, cozida, drenada, s/ óleo, c/ sal, Ipomoea batatas Lam.,",Vegetais e derivados,92,0.85,20.3,0.18,2.73
C0048T,"Soja, extrato, solúvel, em pó, Glycine max L.,",Leguminosas e derivados,478,35.7,21.2,26.2,7.31
C0989B,"Salada, vegetais cozidos - brócolos, cenoura,couve-flor, c/ molho vinagrete (tomate, cebola, salsa, vinagre, azeite de oliva), s/ sal,",Vegetais e derivados,28,1.45,1.86,1.13,2.35
C0161F,"Carne, porco, costela, assada, s/ óleo, s/ sal, Sus ssp.,",Carnes e derivados,398,30.2,1.20,30.3,0.00
C0003A,"Pão, trigo, branco, forma, tradicional (média de diferentes marcas),",Cereais e derivados,260,9.53,48.8,2.41,2.68
C0253B,"Salada, maxixe, maduro, c/ casca, cru, c/ molho vinagrete (tomate, cebola, salsinha, vinagre e azeite), s/ sal, Cucumis anguria,",Vegetais e derivados,43,0.89,2.60,2.69,2.22
C0552N,"Papa de carne bovina (músculo), feijão carioca, batata, abóbora (jerimum) e cenoura, c/ caldo de carne, c/ cebola e azeite de oliva, c/ sal,",Alimentos para fins especiais,102,10.7,3.85,4.43,1.86
C0964F,"Carne, bovina, picanha, s/ gordura, grelhada, s/ óleo, c/ sal, Bos taurus ,",Carnes e derivados,232,31.8,0.89,11.3,0.00
C0002G,"Bebida láctea, frutas vermelhas, Dan Up,",Leite e derivados,85,2.70,13.2,2.40,0.00
C0783B,"Farofa, linguiça, s/ sal, (farinha de mandioca (aipim, macaxeira), linguiça com carne bovina e suína, tomate, azeitona, salsa, c/ óleo, cebola e alho, s/ sal),",Vegetais e derivados,305,6.70,38.2,13.1,3.36
C0622B,"Salada, rabanete, c/ azeite de oliva, c/ sal,",Vegetais e derivados,66,1.06,1.12,5.94,1.70
C0428B,"Salada, vegetais assados, c/ azeite de oliva, c/ sal, (abóbora (jerimum), abobrinha, batata doce e berinjela grelhados, c/ azeite de oliva, c/ sal),",Vegetais e derivados,88,1.63,9.53,4.19,3.08
C0046D,"Óleo, girassol, frito, Helianthus annus L.,",Gorduras e óleos,900,0.00,0.00,100.0,0.00
C0330N,"Papa de carne bovina (músculo), feijão preto, batata baroa (mandioquinha, salsa) e abóbora cabotian (japonesa), c/ caldo de frango, c/ cebola e óleo de soja, c/ sal,",Alimentos para fins especiais,107,10.6,5.52,4.21,2.11
C0206B,"Salada, chicória, crua, c/ molho vinagrete (tomate, cebola, salsinha, vinagre e óleo), c/ sal, Cichorium endivia L.,",Vegetais e derivados,38,1.06,1.58,2.64,1.84
C0764F,"Linguiça, frango/porco, fresca, grelhada/assada, s/ óleo, c/ sal,",Carnes e derivados,266,20.6,0.72,20.1,0.00
C0092N,"Arroz doce, light, (arroz polido, leite desnatado, adoçante, canela em pó),",Alimentos para fins especiais,112,2.57,22.1,1.25,1.04
C0954A,"Espeto de pão de alho, (pão francês, maionese, alho, salsa, cheiro, verde, c/ sal),",Cereais e derivados,286,8.18,49.1,5.91,2.24
C0083C,"Maracujá, suco, concentrado, envasado,",Frutas e derivados,43,0.77,9.28,0.19,0.35
C0490F,"Carne, boi, lingua, cozida, recheada, c/ cenoura, pimentão vermelho, c/ molho de tomate (tomate, c/ óleo, cebola e alho), c/ sal,",Carnes e derivados,192,12.5,1.59,14.9,0.98
C0341E,"Lula recheada com camarão, (lula, camarão, palmito, tomate, vinho branco, pimenta do reino, cheiro verde, c/ molho de tomate, c/ óleo, cebola e alho, c/ sal),",Pescados e Frutos do mar,88,12.6,1.82,2.92,0.99
C0723F,"Carne, frango, caipira, inteiro, cozida, c/ molho branco (farinha de trigo, manteiga e leite), s/ sal (média de amostras c/ e s/ pele), Gallus gallus,",Carnes e derivados,204,22.5,3.22,11.2,0.05
C0035F,"Carne, boi, fígado, grelhada, s/ óleo, s/ sal, Bos taurus,",Carnes e derivados,217,29.9,4.20,9.01,0.00
C1156A,"Arroz polido, c/ linguiça calabresa, macarrão e banana da terra, cebolinha, c/ óleo de soja, cebola e alho, c/ sal,",Cereais e derivados,218,6.26,21.4,10.8,1.26
C0093C,"Banana, Figo, in natura, Musa acuminata Colla x Musa balbisiana Colla, Grupo ABB,",Frutas e derivados,111,1.13,25.0,0.14,2.80
C0123G,"Pudim de leite, (leite condensado, leite integral, amido de milho, ovos, c/ calda de açúcar),",Leite e derivados,201,5.69,33.0,5.12,0.01
C0546F,"Carne, frango, inteiro, ensopado, c/ batata, salsa, c/ molho de tomate (tomate, c/ óleo, cebola e alho), c/ pimenta-do-reino, c/ sal,",Carnes e derivados,143,16.3,2.98,7.17,0.92
C0187E,"Peixe, água salgada, porquinho, cozido, c/ molho branco (farinha de trigo, manteiga e leite), c/ sal, Prochilodus spp.,",Pescados e Frutos do mar,117,19.9,2.50,2.96,0.05
C0073N,"Iogurte, frutas, diet,",Alimentos para fins especiais,107,4.86,18.6,1.41,0.00
C0038L,"Molho, pimenta, tabasco,",Miscelâneas,14,1.29,0.20,0.76,0.60
C0279N,"Papa de peixe (pescada branca) e batata, c/ caldo de frango, c/ cebola e óleo de soja, c/ sal,",Alimentos para fins especiais,90,8.65,4.02,4.27,0.62
C0213B,"Aipo (salsão), cozido, drenado, s/ óleo, s/ sal, Apium graveolens,",Vegetais e derivados,21,0.83,3.65,0.08,1.05
C0307B,"Mandioca (aipim, macaxeira), s/ casca, cozida, sauté (c/ margarina e salsa), c/ sal, Manihot esculenta Crantz,",Vegetais e derivados,144,0.60,26.5,3.57,1.68
C0483B,"Pimentão, amarelo, refogado (c/ óleo, cebola e alho), s/ sal, Capsicum annuum L.,",Vegetais e derivados,63,2.38,7.68,1.77,3.47
C0036D,"Gordura bovina, sebo,",Gorduras e óleos,900,0.00,0.00,100.0,0.00
C0198B,"Salada, cebola, cozida, c/ molho vinagrete (tomate, cebola, salsinha, vinagre e óleo), c/ sal, Allium cepa L.,",Vegetais e derivados,58,1.49,6.20,2.63,1.73
C0117F,"Carne, frango, fígado, frita (c/ óleo de soja), s/ sal,",Carnes e derivados,147,23.2,0.00,6.02,0.00
C0463E,"Peixe, água salgada, anchova, conserva, em óleo, drenado, Pomatomus saltatrix,",Pescados e Frutos do mar,203,28.9,0.00,9.71,0.00
C0079F,"Croquete, carne, boi, crua, c/ sal, Bos taurus,",Carnes e derivados,244,12.0,13.9,15.6,
C0499A,"Sanduíche, pão forma integral, c/ salmão, rúcula e cream cheese,",Cereais e derivados,202,12.5,18.5,8.08,2.61
C0052R,"Pudim, chocolate, mistura p/, Oetker,",Alimentos industrializados,378,2.40,88.9,0.90,2.30
C0062N,"Salgadinho, assado, light,",Alimentos para fins especiais,452,8.70,67.3,15.2,5.70
C0751A,"Empadão, frango, c/ sal, (massa brise (farinha de trigo, manteiga, gema, leite, c/ açúcar, c/ sal), frango, tomate, salsa, c/ óleo, cebola e alho, c/ pimenta-do-reino, c/ sal),",Cereais e derivados,298,13.5,18.6,18.6,0.86
C0609F,"Carne, boi, alcatra, à milanesa (ovo e farinha de rosca), frita (c/ óleo de soja), s/ sal, Bos taurus,",Carnes e derivados,283,26.1,7.50,16.4,0.48
C0164B,"Brócolis, flor, refogado (c/ óleo, cebola e alho), c/ sal, Brassica oleracea L. var. italica,",Vegetais e derivados,50,4.17,2.51,1.91,3.08
C0166B,"Abóbora, moranga, s/ casca, s/ semente, cozida, drenada, s/ óleo, c/ sal,",Vegetais e derivados,17,1.21,1.57,0.14,2.41
C0009U,"Noz, crua, Carya illinoinensis (Wangenh.) K. Koch.,",Sementes e Oleaginosas,649,14.0,11.1,59.4,7.25
C0580A,"Torta, vegetais, c/ cenoura, abobrinha, milho e ervilha, c/ sal, (massa - leite, farinha de trigo, ovo e fermento químico, c/ vegetais - cenoura, abobrinha, milho e ervilha em conserva, c/ óleo, cebola e alho, c/ sal),",Cereais e derivados,187,6.05,21.2,8.31,1.81
C0051T,"Soja, grão, seco em estufa, Glycine max L. Merril,",Leguminosas e derivados,458,32.7,18.6,24.1,17.8
C0998A,"Bolo, trigo, caseiro, c/ cobertura, de chocolate, (bolo - farinha de trigo, ovo, leite, manteiga, açúcar e fermento químico, cobertura - cacau em pó, leite, manteiga e açúcar),",Cereais e derivados,429,7.09,55.0,19.7,1.67
C0287F,"Carne, boi, quarto traseiro, s/ gordura, grelhada, c/ molho de mostarda (creme de leite, suco de limão e mostarda), c/ sal,",Carnes e derivados,218,25.9,2.43,11.6,0.03
C0041G,"Leite, vaca, integral, em pó, Ninho,",Leite e derivados,500,26.0,38.2,27.0,0.00
C0413N,"Papa de batata, cenoura e carne bovina moída (acém), c/ caldo de carne, c/ cebola e óleo de soja, s/ sal,",Alimentos para fins especiais,110,10.1,3.41,5.90,1.23
C0066N,"Salsicha, light,",Alimentos para fins especiais,121,15.5,8.30,2.80,0.10
C0335A,"Sanduíche, pão francês, c/ peito de peru defumado, queijo minas, c/ manteiga,",Cereais e derivados,279,13.0,26.1,13.3,1.09
C0019U,"Castanha de caju, torrada, caramelizada,",Sementes e Oleaginosas,561,15.6,39.5,37.2,3.06
C1154B,"Legumes assados, c/ sal, (berinjela, abobrinha, batata doce, brócolis, cenoura e vagem, s/ óleo, c/ sal),",Vegetais e derivados,46,1.73,7.66,0.25,2.97
C0765B,"Escondidinho de carne bovina, s/ sal, (mandioca (aipim, macaxeira), carne bovina - patinho moído, refogada, tomate, salsa e queijo parmesão, c/ óleo, cebola e alho, s/ sal),",Vegetais e derivados,177,7.99,15.2,9.14,1.16
C0098B,"Tomate, extrato, industrializado,",Vegetais e derivados,62,2.72,10.7,0.29,2.80
C0127K,"Baba de moça, (leite condensado, gema de ovo, leite de coco, c/ manteiga, c/ açúcar),",Produtos açucarados,282,4.90,33.1,14.4,0.27
C0576B,"Salada, escarola, crua, c/ molho de salada - salsa, vinagre de maçã, azeite de oliva, c/ sal,",Vegetais e derivados,47,1.51,1.17,3.64,1.77
C0663F,"Carne, boi, paleta, s/ gordura, cozida, s/ óleo, c/ sal, Bos taurus,",Carnes e derivados,185,29.6,0.00,7.37,0.00
C0146A,"Pão, milho, forma,",Cereais e derivados,278,8.30,52.1,3.11,4.30
C0020C,"Laranja, Pera, in natura, Citrus sinensis,",Frutas e derivados,37,0.87,7.26,0.21,1.36
C0890B,"Sopa, canja, c/ legumes, c/ arroz polido, c/ peito de frango, s/ sal, (carne, frango, peito, c/ cenoura, batata, tomate e aipo (salsão), c/ arroz polido, c/ caldo de frango, c/ salsa e cebolinha, c/ óleo, cebola e alho, s/ sal),",Vegetais e derivados,70,7.49,5.37,1.86,0.81
C0261A,"Sanduíche, misto quente, pão forma integral, c/ presunto, queijo muçarela, c/ maionese,",Cereais e derivados,231,14.9,23.2,8.46,1.22
C0679F,"Carne, boi, costela, ensopada (c/ óleo, cebola e alho), s/ sal, Bos taurus,",Carnes e derivados,332,15.2,1.00,29.8,0.14
C0281T,"Ervilha, em vagem, à milanesa, c/ sal, (ervilha, em vagem, farinha de trigo, farinha de rosca, ovo, frito (c/ óleo de soja), c/ sal),",Miscelâneas,199,7.59,17.8,9.18,7.30
C0202E,"Peixe, água salgada, salmão, filé, s/ pele, frito (c/ óleo de soja), c/ sal, Salmo salar L.,",Pescados e Frutos do mar,213,19.3,0.83,14.7,0.00
C0154F,"Carne, porco, crua (média de diferentes cortes), Sus ssp.,",Carnes e derivados,185,19.8,1.50,11.1,0.00
C0270T,"Picadinho de carne de soja, c/ sal, (proteína de soja (hidratada com caldo de legumes, pimentão amarelo e vermelho, tomate, cebolinha e salsinha, c/ óleo de soja, cebola e alho, c/ sal),",Miscelâneas,101,10.1,9.83,1.73,2.98
C0879A,"Tabule, quinoa, c/ sal, (quinoa cozida, cebola, suco de limão, pepino, tomate, salsa, hortelã, c/ azeite de oliva, c/ sal),",Cereais e derivados,82,2.29,8.14,4.06,2.02
C0139T,"Tutu de feijão, (feijão preto, farinha de mandioca, toucinho defumado (bacon), linguiça, ovo cozido, c/ óleo, cebola e alho, c/ sal),",Leguminosas e derivados,153,7.70,9.75,8.04,5.61
C0175C,"Coco, leite,",Frutas e derivados,177,1.01,1.50,18.4,0.68
C0046H,"Bebida alcoólica, arroz, saquê,",Bebidas,135,0.50,5.00,0.00,0.00
C0284B,"Jiló, c/ casca, refogado (c/ óleo, cebola e alho), c/ sal, Solanum gilo,",Vegetais e derivados,42,1.90,2.31,1.48,6.15
C0538N,"Papa de carne bovina moída (patinho), cará e brócolis, c/ caldo de carne, c/ cebola e azeite de oliva, c/ sal,",Alimentos para fins especiais,116,13.7,3.87,4.75,1.26
C0013E,"Molusco, mexilhão, Sururu, cozido, c/ leite de coco, s/ sal, Mytella falcata,",Pescados e Frutos do mar,130,12.0,4.68,7.09,0.00
C0119C,"Suco natural, abacaxi, banana e cenoura, s/ açúcar,",Frutas e derivados,27,0.60,5.19,0.15,1.40
C0270F,"Carne, boi, quarto traseiro, c/ gordura, grelhada, c/ óleo e cebola, c/ sal,",Carnes e derivados,286,27.3,0.37,19.5,0.11
C0421A,"Macarrão, trigo, c/ ovos, c/ peixe, água doce, refogado (c/ óleo, cebola e alho), c/ sal,",Cereais e derivados,137,13.0,13.3,3.46,0.47
C0385A,"Sanduíche, baguete, c/ queijo muçarela, alface, tomate e presunto,",Cereais e derivados,183,11.0,21.4,5.64,1.30
C0491E,"Peixe, água doce, Arraia (Raia), filé, cru (média de 7 amostras), Paratrygon eiereba e Potamotrygon motoro,",Pescados e frutos do mar,71,16.7,0.00,0.50,0.00
C0350B,"Cará, s/ casca, cozido, drenado, c/ óleo de soja, s/ sal, Dioscorea alata L.,",Vegetais e derivados,118,1.45,15.4,5.11,2.50
C0073R,"Sopa, creme de galinha, desidratada, Maggi,",Alimentos industrializados,345,8.20,64.2,6.00,1.00
C0089E,"Peixe, água doce, Corvina, cozido, s/ óleo, c/ sal, Plagioscion squamossissimus,",Pescados e Frutos do mar,149,20.9,0.00,7.21,0.00
C0707B,"Molho de tomate, c/ peito de frango, c/ óleo, cebola e alho, c/ sal,",Vegetais e derivados,107,13.6,2.46,4.40,1.53
C0141G,"Mingau, c/ fubá, c/ açúcar, (fubá de milho, leite integral, manteiga, açúcar e canela),",Leite e derivados,138,2.39,20.6,5.09,0.33
C0290T,"Pasta de amendoim, integral,",Miscelâneas,615,26.5,15.1,48.4,6.50
C0239C,"Suco natural, cacau, s/ açúcar,",Frutas e derivados,31,0.38,6.89,0.06,0.88
C0473N,"Papa de carne bovina moída (patinho) e abóbora cabotian (japonesa), c/ caldo de frango, c/ cebola e óleo de soja, c/ sal,",Alimentos para fins especiais,118,14.2,3.56,5.00,1.02
C0214T,"Feijão preto, c/ linguiça calabresa, c/ óleo, cebola e alho, c/ sal,",Leguminosas e derivados,137,6.91,5.14,7.76,6.17
C0669N,"Papa de carne bovina moída (acém), fubá e espinafre, c/ caldo de frango, c/ cebola, s/ óleo, c/ sal,",Alimentos para fins especiais,110,10.8,7.20,4.08,0.85
C0080R,"Pão de queijo, mistura p/,",Alimentos industrializados,417,1.04,72.3,13.8,0.06
C0050B,"Chuchu, s/ casca, cozido, drenado, s/ óleo, s/ sal, Sechium edule,",Vegetais e derivados,21,0.50,3.70,0.15,1.39
C0833A,"Sopa, creme de cebola, desidratada (preparada conforme a embalagem), Maggi,",Cereais e derivados,56,1.22,9.98,1.15,0.63
C0933B,"Cravo, pó, Syzygium aromaticum,",Vegetais e derivados,335,5.97,31.6,13.0,33.9
C0379E,"Camarão com molho branco (farinha de trigo, manteiga e leite), c/ sal, (camarão, tomate, salsa, suco de limão, c/ molho branco (farinha de trigo, manteiga e leite), queijo parmesão, c/ pimenta-do-reino, c/ óleo, cebola e alho, c/ sal),",Pescados e Frutos do mar,131,12.1,5.28,6.63,0.49
C0147H,"Bebida alcoólica, vermute,",Bebidas,199,0.08,21.7,0.00,0.00
C0068K,"Pudim, baunilha, em pó, preparado, Oetker,",Produtos açucarados,120,2.90,19.8,3.20,
C0334F,"Carne, boi, contra-filé de costela, grelhada, c/ óleo e cebola, c/ sal,",Carnes e derivados,300,29.2,0.63,20.1,0.11
C0458N,"Papa de carne bovina moída (acém), cará e brócolis, c/ caldo de carne, c/ cebola, s/ óleo c/ sal,",Alimentos para fins especiais,98,10.8,4.15,4.00,1.32
C0481E,"Pirarucu, cultivado em Rondônia, vários cortes, cozido (a partir do peixe fresco),  s/ óleo, c/ sal (média de pescados com diferentes pesos e cortes), Arapaima gigas,",Pescados e Frutos do mar,241,25.8,0.00,3.43,0.00
C0626F,"Carne, boi, lagarto, frita (c/ óleo de soja), s/ sal, Bos taurus,",Carnes e derivados,268,30.2,0.00,16.4,0.00
C0043L,"Molho de iogurte picante, s/ sal, caseiro, (iogurte natural, creme de leite, cream cheese, vinho branco, páprica, molho de pimenta, suco de limão, c/ azeite de oliva, c/ pimenta-do-reino e pimenta vermelha, s/ sal),",Miscelâneas,188,4.21,4.37,16.6,0.31
C0930F,"Carne, boi, coxão mole (polpa, chã de dentro), s/ gordura, frita (c/ óleo de soja), c/ milho verde, c/ sal,",Carnes e derivados,237,25.0,4.50,13.1,0.72
C0206T,"Almôndega de soja, assada, c/ molho de tomate, c/ sal, (proteína texturarizada de soja (hidratada com caldo de legumes), farinha de rosca, farinha de trigo, ovo, salsinha e cebolinha, pimenta-do-reino, c/ molho de tomate (tomate, c/ óleo, cebola e alho), c/ sal),",Leguminosas e derivados,155,16.5,15.6,2.11,3.92
C0313F,"Goulash, s/ sal, (carne, bovina, acém, s/ gordura, cozida, c/ batata e cenoura, c/ molho de tomate (tomate, c/ óleo, cebola e alho), s/ sal),",Carnes e derivados,130,14.3,3.09,6.53,1.06
C0696B,"Berinjela recheada, c/ muçarela, c/ vegetais, c/ sal, (berinjela grelhada, c/ muçarela, cenoura, milho, ervilha, azeitona, c/ molho de tomate (tomate, c/ óleo, cebolha e alho), c/ sal),",Vegetais e derivados,86,4.21,4.05,5.11,2.99
C0175A,"Milho, verde, grão, cozido, drenado, c/ manteiga, c/ sal,",Cereais e derivados,161,5.85,21.8,4.82,3.46
C0318F,"Carne, bovina, capa de contra-filé, c/ gordura, grelhada, c/ molho branco (farinha de trigo, manteiga e leite), s/ sal,",Carnes e derivados,282,25.6,3.45,18.4,0.05
C0211F,"Salame, milano, porco, Sadia,",Carnes e derivados,398,26.0,1.50,32.0,
C0073F,"Carne, boi, paleta, c/ gordura, crua, Bos taurus,",Carnes e derivados,152,21.3,0.00,7.46,0.00
C0300E,"Cestinha de camarão, c/ queijo parmesão tostado, c/ sal, (queijo parmesão tostado, camarão, tomate, requeijão, salsa, pimenta do reino, c/ óleo, cebola e alho, c/ sal),",Pescados e Frutos do mar,521,17.7,2.61,17.2,1.14
C0039H,"Bebida alcoólica, vinho, tinto, mosto, petite syrah, Vitis vinifera,",Bebidas,86,0.08,2.07,0.00,0.00
C0037A,"Biscoito, doce, amanteigado, leite, Marilan,",Cereais e derivados,463,9.50,66.8,17.0,2.30
C0768B,"Escondidinho de bacalhau, c/ sal, (mandioca (aipim, macaxeira), bacalhau, tomate, salsa e queijo parmesão, c/ óleo, cebola e alho, c/ sal),",Vegetais e derivados,168,7.88,15.3,8.01,1.21
C0331F,"Carne, boi, capa de contra-filé, s/ gordura, grelhada, c/ manteiga, c/ sal,",Carnes e derivados,281,31.6,0.00,17.2,0.00
C0141T,"Bebida, substituto do leite - extrato de soja, natural, c/ chocolate em pó, c/ açúcar,",Bebidas,99,3.13,17.8,1.70,0.15
C0447A,"Empada, caseira, assada (média de diversos sabores - camarão, carne, frango e queijo minas),",Cereais e derivados,382,11.2,37.1,20.6,1.73
C0344A,"Sanduíche, pão forma integral, c/ peito de peru defumado, queijo muçarela, c/ manteiga,",Cereais e derivados,277,15.3,19.2,15.0,2.20
C0616A,"Suflê, cenoura, c/ molho branco, c/ sal, (cenoura, ovo de galinha, farinha de rosca, salsa, c/ molho branco (farinha de trigo, manteiga e leite), c/ óleo, cebola e alho, c/ sal),",Cereais e derivados,109,3.70,7.81,6.75,1.17
C0806A,"Arroz doce, c/ açúcar e canela, (arroz polido cozido, leite integral, c/ açúcar e canela),",Cereais e derivados,137,2.35,28.7,1.22,0.85
C0087B,"Mandioca, farinha, crua,",Vegetais e derivados,349,1.69,81.5,0.42,6.03
C0061C,"Kiwi, in natura, Actinidia chinensis,",Frutas e derivados,59,1.25,9.78,1.00,2.92
C0180A,"Milho, verde, grão, assado, s/ sal, Zea mays,",Cereais e derivados,166,7.91,29.6,0.73,4.70
C0116F,"Carne, frango, sobrecoxa, s/ pele, assada, s/ óleo, s/ sal, Gallus gallus,",Carnes e derivados,232,29.2,1.70,12.0,0.00
C0080A,"Bolo, milho, mistura p/, preparado,",Cereais e derivados,310,4.80,44.4,12.4,0.71
C0192E,"Peixe, água salgada, merluza, ensopado (c/ cebola, tomate e pimentão),c/ óleo, c/ sal, Merlucius hubbsi,",Pescados e Frutos do mar,138,18.0,0.00,7.19,0.51
C0626A,"Risoto de cogumelos, c/ arroz polido, c/ sal, (arroz polido, cogumelo paris e shiitake, vinho branco, queijo parmesão, c/ azeite de oliva, manteiga, cebola e alho, c/ sal),",Cereais e derivados,139,3.40,13.6,7.16,1.67
C0244N,"Papa de ovo e batata baroa (mandioquinha, batata salsa), c/ caldo de frango, c/ cebola e óleo de soja, s/ sal,",Alimentos para fins especiais,98,4.80,6.89,5.57,0.71
C0047F,"Carne, boi, picanha, c/ gordura, grelhada, s/ sal, Bos taurus,",Carnes e derivados,281,26.3,0.01,19.5,0.00
C0073B,"Espinafre, cozido, drenado, s/ óleo, s/ sal, Tetragonia expansa,",Vegetais e derivados,20,1.84,1.57,0.26,1.90
C0045F,"Carne, boi, patinho, s/ gordura, grelhada, s/ óleo, s/ sal, Bos taurus,",Carnes e derivados,211,35.9,0.33,7.31,0.00
C0357B,"Cebola, branca, assada, s/ óleo, c/ sal, Allium cepa L.,",Vegetais e derivados,58,2.49,10.1,0.18,2.89
C0316A,"Sanduíche, pão francês, c/ queijo minas, c/ margarina,",Cereais e derivados,297,12.0,26.1,15.8,1.09
C0114B,"Cebola, branca, cozida, s/ óleo, s/ sal, Allium cepa L.,",Vegetais e derivados,41,1.76,7.16,0.13,2.04
C0009L,"Molho, alho, Kenko,",Miscelâneas,37,1.30,6.57,0.25,1.40
C0587A,"Panqueca, c/ frios, s/ molho, caseira, c/ sal, (massa - leite, farinha de trigo e ovo, c/ muçarela, presunto, c/ óleo, c/ sal),",Cereais e derivados,239,15.2,13.1,13.9,0.36
C0128T,"Sopa, feijão, preto, s/ sal, (feijão preto, c/ caldo de carne, c/ óleo, cebola e alho, s/ sal),",Leguminosas e derivados,55,3.61,4.52,1.18,6.04
C0012C,"Caqui,  c/ casca, in natura, Diospyros kaki L.,",Frutas e derivados,68,0.48,13.7,0.20,4.56
C1046B,"Ora-pro-nobis, folhas e talos, refogados (c/ óleo, cebola e alho), c/ sal,",Vegetais e derivados,52,3.13,3.60,1.47,5.75
C0093E,"Peixe, água doce, Dourado, filé, fresco, cozido, s/ óleo, c/ sal, Brachyplatystoma flavicans,",Pescados e Frutos do mar,177,18.9,0.00,11.3,0.00
C0113A,"Lasanha, quatro queijos, congelada, Sadia,",Cereais e derivados,131,4.53,11.8,6.94,1.50
C0696N,"Papa de feijão carioca, abobrinha e beterraba, c/ caldo de carne, c/ cebola, s/ óleo, c/ sal,",Alimentos para fins especiais,41,2.26,4.81,0.66,3.28
C0101H,"Bebida, café descafeinado - infusão 8% - médio, c/ leite desnatado (meio a meio), ""média"", s/ açúcar,",Bebidas,23,1.58,3.22,0.31,0.35
C1042B,"Cuscuz de tapioca, c/ legumes, c/ sal, (fécula de mandioca, c/ caldo de camarão, tomate, cenoura, ervilha, coentro, pimenta-do-reino, c/ manteiga, c/ sal),",Vegetais e derivados,109,1.10,22.5,1.36,1.30
C0321B,"Rabanete, c/ casca, cozido, drenado, s/ óleo, c/ sal, Raphanus sativus L.,",Vegetais e derivados,14,1.12,1.19,0.08,1.80
C0068H,"Bebida, café - infusão 10%, c/ substituto do leite - extrato de soja, natural (meio a meio), s/ açúcar, bebida cafe infusao 10% extrato soja natural meio a meio,",Bebidas,26,1.70,2.87,0.84,0.09
C0924F,"Carne, boi, coxão mole (polpa, chã de dentro), s/ gordura, frita (c/ óleo de soja), c/ cebola, c/ sal,",Carnes e derivados,242,27.0,0.68,14.6,0.20
C0218C,"Abacaxi, polpa, grelhado, c/ canela,",Frutas e derivados,51,0.70,10.6,0.34,1.38
C0952B,"Rúcula, cozida, s/ óleo, c/ sal,",Vegetais e derivados,20,2.86,0.33,0.14,2.80
C0644B,"Salada, brócolis cozido, tomate, queijo minas, azeitona, cebola, c/ azeite de oliva, c/ sal,",Vegetais e derivados,127,4.63,2.52,10.3,2.14
C0454N,"Papa de carne bovina moída (acém), cará e brócolis, c/ caldo de carne, c/ cebola e azeite de oliva, c/ sal,",Alimentos para fins especiais,115,10.7,3.97,6.00,1.26
C0668B,"Salada, acelga, crua, c/ molho vinagrete (tomate, cebola, salsa, vinagre e azeite de oliva), s/ sal,",Vegetais e derivados,54,1.21,3.97,3.45,1.07
C0939B,"Charuto de repolho, c/ peito de frango refogado, s/ molho, c/ sal, (repolho branco, recheado com arroz e peito de frango refogado, c/ óleo, cebola e alho, c/ sal),",Vegetais e derivados,86,8.75,8.53,1.66,0.99
C0854F,"Carne, boi, miolo, cozida, s/óleo, s/ sal,",Carnes e derivados,147,11.7,1.48,10.5,0.00
C0058C,"Fruta pão, in natura, Artocarpus altilis (Parkinson) Fosberg,",Frutas e derivados,64,1.08,11.6,0.19,5.55
C0224F,"Estrogonofe de carne, s/ sal, (carne boi filé mignon, cogumelo paris, creme de leite, catchup e mostarda, cebola, c/ óleo, s/ sal),",Carnes e derivados,169,15.0,2.98,10.8,
C0771B,"Bobó de frutos do mar, c/ sal, (mandioca (aipim, macaxeira), c/ frutos do mar - camarão, lula, polvo, mexilhão, tomate, cheiro verde, pimentão, leite de coco, azeite de dendê, c/ caldo de camarão, c/ óleo, cebola e alho, c/ sal),",Vegetais e derivados,112,5.21,10.8,4.67,2.18
C0018A,"Arroz, polido, cozido, s/ sal, s/ óleo (média diferentes cultivares), Orysa sativa L.,",Cereais e derivados,131,2.38,28.8,0.41,1.20
C0823B,"Noz moscada, em pó, Myristica fragrans,",Vegetais e derivados,506,5.84,28.5,36.3,20.8
C0523N,"Papa de carne bovina moída (patinho), macarrão e brócolis, c/ caldo de carne, c/ cebola e azeite de oliva, s/ sal,",Alimentos para fins especiais,127,15.1,4.75,5.04,0.93
C0353F,"Carne, boi, costela, assada, c/ mandioca (aipim, macaxeira) e cebola, c/ sal,",Carnes e derivados,287,19.1,11.7,18.0,0.96
C0149E,"Peixe, água salgada, corvina do mar, à milanesa (ovo e farinha de trigo), frito (c/ óleo de soja), c/ sal, Micropogonias furnieri,",Pescados e Frutos do mar,272,23.6,14.7,13.0,0.96
C0559B,"Salada, tomate, c/ molho de salada - salsa, suco de limão, azeite de oliva, c/ sal,",Vegetais e derivados,49,1.09,2.50,3.49,1.57
C0584B,"Salada, alface crespa, c/ molho vinagrete (tomate, cebola, salsa, vinagre e azeite de oliva), s/ sal,",Vegetais e derivados,28,1.25,1.79,1.82,1.66
C1018F,"Carne, quelônio, Tracajá, frito (c/ óleo de soja), s/ sal, Podocnemis unifilis,",Carnes e derivados,161,24.4,0.00,7.02,0.00
C1027B,"Nhoque, c/ molho bolonhesa, s/ sal, (batata, ovo, margarina e farinha de trigo, c/ molho bolonhesa (carne moída - acém, refogada, c/ molho de tomate, c/ óleo, cebola e alho), s/ sal),",Vegetais e derivados,162,6.40,25.5,3.45,1.83
C0999F,"Carne, frango, à passarinho, frito (c/ óleo de soja), c/ suco de limão, s/ sal,",Carnes e derivados,192,27.2,0.85,8.85,0.04
C0288E,"Camarão com batata e legumes, c/ sal, (camarão, batata, cenoura, abobrinha, brocólis, tomate, pimentão, salsa, suco de limão, c/ óleo, cebola e alho, c/ pimenta-do-reino, c/ sal),",Pescados e Frutos do mar,62,7.96,2.70,1.86,1.18
C0074R,"Sopa, galinha, c/ macarrão e legumes, desidratada, Maggi,",Alimentos industrializados,348,12.1,60.8,5.60,3.00
C0033F,"Carne, boi, coxão duro (chã de fora), s/ gordura, cozida, s/ óleo, s/ sal, Bos taurus,",Carnes e derivados,207,31.8,0.00,8.92,0.00
C0021C,"Laranja, Seleta, in natura, Citrus aurantium L.,",Frutas e derivados,52,0.83,9.92,0.36,2.87
C0311A,"Sanduíche, pão francês, c/ mortadela, c/ margarina,",Cereais e derivados,324,9.96,38.0,15.6,1.75
C0852F,"Carne, vitela, cozida, s/óleo, s/ sal,",Carnes e derivados,187,31.9,0.00,6.58,0.00
C0320F,"Carne, boi, capa de contra-filé, c/ gordura, grelhada, c/ molho de mostarda (creme de leite, suco de limão e mostarda), c/ sal,",Carnes e derivados,282,24.8,2.26,19.3,0.03
C0169F,"Carne, porco, toucinho, cru, Sus ssp.,",Carnes e derivados,599,9.76,1.64,61.5,0.00
C0503B,"Salada, cenoura, crua, c/ molho de salada - salsa, vinagre de maçã, azeite de oliva, c/ sal,",Vegetais e derivados,60,1.14,4.48,3.54,2.78
C0697F,"Carne, porco, lombo, grelhada/assada, s/ óleo, c/ sal, Sus ssp,",Carnes e derivados,200,35.6,0.00,6.37,0.00
C0276B,"Feijão, broto, cozido, drenado, s/ óleo, c/ sal, Vigna radiata (L.) R. Wilczek,",Vegetais e derivados,45,4.15,5.77,0.10,1.96
C0195C,"Abacaxi, cozido, caramelado,",Frutas e derivados,136,0.60,32.5,0.26,0.84
C0410N,"Papa de batata, cenoura e carne bovina moída (patinho), c/ caldo de carne, c/ cebola e azeite de oliva, s/ sal,",Alimentos para fins especiais,110,13.1,3.31,4.65,1.23
C0269N,"Papa de fígado bovino e cará, c/ caldo de frango, c/ cebola e azeite de oliva, s/ sal,",Alimentos para fins especiais,135,12.8,7.68,5.68,1.02
C0779B,"Orégano, seco, Origanum vulgare,",Vegetais e derivados,265,9.00,26.4,4.28,42.5
C0599B,"Salada, chicória, c/ molho de salada - salsa, suco de limão, azeite de oliva, c/ sal,",Vegetais e derivados,45,1.18,1.01,3.50,2.11
C0127C,"Suco natural, laranja e mamão, s/ açúcar,",Frutas e derivados,28,0.57,6.18,0.08,0.20
C0715F,"Carne, frango, inteiro, s/ pele, frita (c/ óleo de soja), s/ sal, Gallus gallus,",Carnes e derivados,237,25.8,0.00,14.9,0.00
C0013B,"Batata, inglesa, s/ casca, crua, Solanum tuberosum L.,",Vegetais e derivados,72,2.04,15.2,0.04,1.32
C0255C,"Suco, néctar, goiaba, c/ açúcar,",Frutas e derivados,43,0.23,9.49,0.15,1.35
C1025F,"Carne, frango, miúdo, fígado, a milanesa, s/ sal, (carne, frango, miúdo, fígado, farinha de trigo, farinha de rosca, ovo, frito (c/ óleo de soja), s/ sal), Gallus gallus domesticus,",Carnes e derivados,262,20.7,15.6,12.8,0.71
C0881A,"Pão francês, c/ banana pacovã frita, c/ queijo coalho, c/ tucumã, c/ manteiga, s/ sal,",Cereais e derivados,248,8.56,30.1,9.74,2.74
C0169B,"Escarola, folha, crua, Cichorium endivia L.,",Vegetais e derivados,16,1.54,0.88,0.30,1.86
C0605A,"Macarrão, trigo, c/ frango e cogumelos, s/ sal, (massa com trigo, peito de frango, cogumelo paris e shiitake, queijo parmesão, salsa, cebolinha, c/ óleo, cebola e alho, s/ sal),",Cereais e derivados,137,7.43,18.0,3.64,1.18
C0681B,"Caldo verde, c/ sal, (sopa de batata, c/ couve, linguiça calabresa, c/ sal),",Vegetais e derivados,81,4.45,4.81,4.60,1.17
C0335F,"Carne, boi, contra-filé de costela, grelhada, c/ óleo e cebola, s/ sal,",Carnes e derivados,302,29.3,0.66,20.2,0.12
C0497E,"Peixe, água doce, Arraia (Raia), filé, assado, s/ óleo, c/ sal, Paratrygon eiereba e Potamotrygon motoro,",Pescados e frutos do mar,97,22.4,0.42,0.67,0.00
C0134F,"Carne, frango, peito, filé, crua, Gallus gallus,Seara,",Carnes e derivados,102,21.0,0.00,2.00,0.00
C0299C,"Limão, casca, in natura, Citrus latifolia,",Frutas e derivados,52,1.50,5.40,0.30,10.6
C0007B,"Acelga, crua,",Vegetais e derivados,23,1.44,3.51,0.11,1.12
C0099N,"Lasanha, cogumelos com ricota, light, caseira, (massa lasanha fresca, c/ cogumelo Paris e Shiitake, c/ ricota, c/ molho de tomate (tomate, c/ óleo, cebola e alho), c/ sal),",Alimentos para fins especiais,64,2.88,4.32,3.48,1.74
C0155K,"Terrine, cappucino, (chocolate branco, chocolate ao leite, creme de leite, conhaque, amêndo e infusão de café),",Produtos açucarados,433,4.73,37.0,28.2,2.00
C0114T,"Vagem, cozida, drenada, c/ óleo de soja, s/ sal, Phaseolus vulgaris,",Leguminosas e derivados,44,1.56,2.64,2.54,2.28
C0485A,"Torrada, trigo, integral, c/ geleia,",Cereais e derivados,353,8.78,68.2,4.77,1.31
C0146E,"Peixe, água salgada, corvina do mar, assado/grelhado, s/ óleo, c/ sal, Micropogonias furnieri,",Pescados e Frutos do mar,139,26.6,0.00,3.56,0.00
C0207C,"Suco natural, laranja e maçã, c/ açúcar,",Frutas e derivados,53,0.45,12.4,0.14,0.41
C0960A,"Macarrão, trigo, c/ atum em conserva, salsa, c/ azeite de oliva, c/ sal,",Cereais e derivados,166,8.84,18.7,6.06,0.66
C0940A,"Salada, macarrão de arroz, c/ pepino e cenoura, c/ presunto, c/ molho de salada (vinagre de arroz, gergelim, c/ óleo de gergelim, c/ açúcar, s/ sal),",Cereais e derivados,109,4.81,12.1,4.92,1.42
C0766F,"Linguiça, frango/porco, fresca, frita (c/ óleo de soja), c/ sal,",Carnes e derivados,256,19.3,0.00,19.8,0.00
C0150A,"Pão, trigo, fonte de fibra, forma (média de vários tipos),",Cereais e derivados,255,10.8,44.9,2.52,4.86
C0422E,"Peixe, água salgada, pescada, branca, cozido, ao c/ molho de tomate (tomate, c/ óleo, cebola e alho), s/ sal, Cynoscion spp.,",Pescados e Frutos do mar,114,16.0,0.49,5.48,0.51
C0068B,"Alho-poró, cru, Allium ampeloprasum L. var. porrum,",Vegetais e derivados,29,1.41,4.37,0.14,2.51
C0006T,"Feijão, jalo, cozido (50% grão e 50% caldo), s/ óleo, s/ sal, Phaseolus vulgaris L.,",Leguminosas e derivados,67,6.14,2.63,0.51,13.9
C0241E,"Peixe, água salgada, pescada, branca, assado/grelhado, c/ creme de leite, requeijão e cogumelo paris, c/ sal,",Pescados e Frutos do mar,156,15.1,1.25,10.1,0.22
C0327B,"Beterraba, refogada (c/ óleo, cebola e alho), c/ sal, Beta vulgaris L.,",Vegetais e derivados,66,2.34,9.32,1.31,3.93
C0148E,"Peixe, água salgada, corvina do mar, ensopado (c/ cebola, tomate e pimentão), c/ óleo, c/ sal, Micropogonias furnieri,",Pescados e Frutos do mar,143,19.7,0.55,6.73,0.51
C0051E,"Peixe, água salgada, corvina, cozido, s/ óleo, s/ sal, Micropogon furnieri,",Pescados e Frutos do mar,116,23.3,0.00,2.56,0.00
C0617A,"Suflê, cenoura, c/ molho branco, c/ queijo parmesão, c/ sal, (cenoura, ovo de galinha, farinha de rosca, salsa, queijo parmesão, c/ molho branco (farinha de trigo, manteiga e leite), c/ óleo, cebola e alho, c/ sal),",Cereais e derivados,117,4.28,7.70,7.37,1.20
C0279A,"Sanduíche, queijo quente, pão francês, c/ queijo muçarela, c/ maionese,",Cereais e derivados,309,13.2,28.9,15.4,1.19
C0109H,"Bebida, capuccino tradicional (leite desnatado, café - infusão 10% e canela em pó), s/ açúcar,",Bebidas,33,2.32,4.93,0.28,0.53
C0340A,"Sanduíche, pão forma tradicional, c/ peito de peru defumado e queijo muçarela,",Cereais e derivados,240,16.2,23.5,8.78,1.22
C0064G,"Queijo, prato,",Leite e derivados,346,24.2,0.20,27.6,
C0416A,"Bolo, pão de mel, s/ coberturta, (farinha de trigo, leite condensado, leite, mel de abelha, canela e cravo em pó e fermento químico),",Cereais e derivados,294,7.57,56.7,3.85,0.99
C0689F,"Carne, porco, costela, assada, s/ óleo, c/ sal, Sus ssp,",Carnes e derivados,392,30.1,0.00,30.1,0.00
C0423B,"Salada, repolho, vagem cozida, tomate, c/ molho vinagrete (tomate, cebola, salsa, vinagre e azeite de oliva), c/ sal,",Vegetais e derivados,32,1.16,3.28,1.24,1.77
C0293C,"Bacuri do Pará, in natura, Platonia insignis,",Frutas e derivados,82,1.22,12.9,1.80,4.51
C0962B,"Charuto de repolho, com arroz polido e carne bovino, s/ molho, c/ sal, (repolho branco, carne, bovino, alcatra, moída, arroz polido, cebola, alho, s/ molho, s/ óleo, c/ sal),",Vegetais e derivados,75,6.76,8.65,1.11,1.46
C0217E,"Peixe, água salgada, filé/posta, cozido, drenado, s/ óleo, c/ sal (média de várias espécies),",Pescados e Frutos do mar,114,21.5,0.00,3.07,0.00
C0096C,"Goiaba, doce, em pasta,",Frutas e derivados,291,0.58,70.4,0.00,3.73
C0112C,"Suco natural, abacaxi e melão, c/ açúcar,",Frutas e derivados,64,0.60,14.3,0.21,1.08
C0082K,"Pé-de-moleque, amendoim,",Produtos açucarados,517,13.2,51.3,28.0,3.39
C0291A,"Sanduíche, hambúrguer bovino grelhado (c/ pão hambúrguer),  c/ ovo frito,",Cereais e derivados,249,12.4,24.9,10.8,1.10
C0106G,"Vitamina, leite de vaca integral c/ banana, mamão e maçã, c/ aveia, flocos, c/ açúcar,",Leite e derivados,108,2.54,19.3,2.02,1.23
C0392E,"Molusco, mexilhão, Sururu, c/ leite de coco, cozido, c/ sal,",Pescados e Frutos do mar,130,11.9,4.66,7.06,0.00
C0443E,"Peixe, água salgada, atum, frito (c/ óleo de soja), s/ sal, Thunnus thynnus,",Pescados e Frutos do mar,156,25.7,0.00,5.87,0.00
C0543A,"Arroz com frango, c/ arroz integral, c/ sal, (arroz integral, c/ frango, tomate, cenoura, c/ óleo, cebola e alho, c/ sal),",Cereais e derivados,122,7.13,13.6,3.99,1.77
C0331N,"Papa de carne bovina (músculo), feijão preto, batata baroa (mandioquinha, salsa) e abóbora cabotian (japonesa), c/ caldo de frango, c/ cebola e óleo de soja, s/ sal,",Alimentos para fins especiais,107,10.6,5.53,4.21,2.12
C0961A,"Macarrão, trigo, c/ atum em conserva, salsa, c/ azeite de oliva, s/ sal,",Cereais e derivados,166,8.85,18.7,6.06,0.67
C0404E,"Peixe, água salgada, sardinha, filé, ensopado (c/ cebola, tomate e pimentão), c/ óleo, s/ sal, Sardinella brasiliensis,",Pescados e Frutos do mar,185,20.8,0.18,11.1,0.51
C0034U,"Mix de oleaginosas, c/ sal , (castanha de caju, castanha do Brasil, amendoa, nozes, amendoim, c/ sal),",Sementes e Oleaginosas,635,19.5,11.0,55.2,7.86
C0212F,"Salaminho, porco, Sadia,",Carnes e derivados,335,30.0,3.92,22.2,
C0032L,"Molho para salada, c/ vinagre de maçã, caseiro, c/ sal, (salsa, vinagre de maçã, azeite de oliva, c/ sal),",Miscelâneas,313,1.26,3.63,32.4,0.94
C0753A,"Sanduíche, pão forma tradicional, c/ manteiga, c/ sal,",Cereais e derivados,398,6.95,34.9,25.2,1.91
C0158H,"Ponche de frutas, sem álcool, (refrigerante de limão, abacaxi, uva, kiwi, maçã, laranja e pêssego em calda),",Bebidas,47,0.44,10.2,0.23,1.01
C0786F,"Carne, peru, peito, s/ pele, à milanesa (ovo e farinha de rosca), frita (c/ óleo de soja), s/ sal, Meleagris gallopavo,",Carnes e derivados,221,24.4,6.73,10.6,0.43
C0276C,"Banana, cozida, s/ manteiga, s/ açúcar (média de 5 tipos - Nanica (caturra ou dágua), da Terra, Maçã, Ouro e Prata),",Frutas e derivados,124,1.48,27.8,0.24,2.20
C0317A,"Sanduíche, pão francês, c/ queijo minas,",Cereais e derivados,269,13.1,28.5,11.1,1.19
C1026F,"Carne, frango, miúdo, moela, a milanesa, s/ sal, (carne, frango, miúdo, moela, farinha de trigo, farinha de rosca, ovo, frito (c/ óleo de soja), s/ sal), Gallus gallus domesticus,",Carnes e derivados,233,23.3,14.0,9.20,0.71
C0521N,"Papa de carne bovina moída (patinho), macarrão e brócolis, c/ caldo de carne, c/ cebola e óleo de soja, c/ sal,",Alimentos para fins especiais,94,2.79,14.5,2.48,1.27
C0001H,"Bebida isotônica (diversos sabores),",Bebidas,26,0.00,6.40,0.00,0.00
C0975F,"Sarapatel de tracajá, c/ sal, (carne, quelônio, Tracajá, c/ sangue e vísceras, cebolinha, colorau, pimenta-do-reino, c/ óleo de soja e alho, c/ sal), Podocnemis unifilis,",Carnes e derivados,207,22.7,0.74,4.51,0.22
C0030C,"Pera, c/ casca, in natura, Pyrus communis,",Frutas e derivados,54,0.40,11.0,0.23,3.00
C0187F,"Linguiça, frango, crua, Seara,",Carnes e derivados,243,17.0,1.00,19.0,
C0352B,"Cará, refogado (c/ óleo, cebola e alho), s/ sal, Dioscorea alata L.,",Vegetais e derivados,99,2.37,15.8,1.34,7.19
C0011D,"Margarina, c/ óleo hidrogenado (85% lipídeos), s/ sal,",Gorduras e óleos,736,,0.00,81.7,
C0483F,"Carne, pato, c/ pele, cozido, assado, s/ óleo, s/ sal,",Carnes e derivados,331,19.0,0.00,28.4,0.00
C0301E,"Cestinha de camarão, c/ massa filo assada com manteiga, c/ sal, (massa filo assada com manteiga, camarão, tomate, requeijão, salsa, pimenta do reino, c/ óleo, cebola e alho, c/ sal),",Pescados e Frutos do mar,456,11.5,21.1,8.82,1.58
C0963A,"Macarrão, trigo integral, c/ atum em conserva, salsa, c/ azeite de oliva, s/ sal,",Cereais e derivados,164,9.80,16.4,6.06,2.49
C0051J,"Ovos Benedict, c/ presunto, s/ sal, (pão forma integral, ovo cozido, lombo presunto, molho holandês, salsa, c/ pimenta-do-reino, s/ sal),",Ovos e derivados,218,10.4,12.1,13.9,1.42
C0588A,"Panqueca, c/ vegetais, c/ molho de tomate, caseira, c/ sal, (massa - leite, farinha de trigo e ovo, c/ cenoura, vagem e abobrinha, c/ molho de tomate  (tomate, c/ óleo, cebola e alho), c/ sal),",Cereais e derivados,104,3.52,10.8,4.78,1.75
C0063T,"Feijão tropeiro mineiro, s/ sal, (feijão roxo, farinha de mandioca, ovo cozido, cebola, toucinho defumado (bacon), linguiça de porco, c/ óleo de soja, s/ sal),",Leguminosas e derivados,173,10.2,16.0,6.79,3.57
C0480B,"Pimentão, vermelho, assado, s/ óleo, c/ sal, Capsicum annuum L.,",Vegetais e derivados,25,1.08,4.02,0.15,1.65
C0310E,"Lula ensopada com legumes, s/ sal, (lula, c/ legumes - cenoura, vagem, couve-flor, brócolis,champginon paris, tomate, pimentão, salsa, suco de limão, c/ óleo, cebola e alho, c/ pimenta do reino, s/ sal),",Pescados e Frutos do mar,66,9.34,2.04,1.96,1.30
C0561F,"Roupa velha de charque (carne seca, carne de sol, jaba) , s/ sal, (charque (carne seca, carne de sol, jaba)  dessalgada, tomate, pimentão, salsa, c/ óleo, cebola e alho, c/ pimenta-do-reino, s/ sal),",Carnes e derivados,186,22.2,1.75,9.95,0.38
C0313B,"Salada, batata, inglesa, s/ casca, cozida, c/ molho vinagrete (tomate, cebola, salsinha, vinagre e óleo), c/ sal, Solanum tuberosum L.,",Vegetais e derivados,67,1.19,9.03,2.56,1.32
C0836F,"Carne, boi, língua, cozida, ao molho vermelho (tomate, c/ óleo, cebola e alho), c/ sal,",Carnes e derivados,261,17.4,0.82,20.8,0.51
C0406B,"Salada, folhas e vegetais, muçarela de búfala, c/ azeite de oliva, c/ sal, (rúcula, tomate seco, muçarela de búfala, c/ azeite de oliva, c/ sal),",Vegetais e derivados,247,7.53,5.95,21.1,1.62
C0324N,"Papa de feijão carioca, batata doce, abóbora cabotian (japonesa) e cenoura, c/ caldo de frango, c/ cebola e óleo de soja, c/ sal,",Alimentos para fins especiais,76,2.90,7.26,2.99,4.17
C0381F,"Carne, boi, filé mignon, s/ gordura, grelhada, c/ manteiga, s/ sal,",Carnes e derivados,267,29.6,0.04,16.6,0.00
C0188N,"Papa de carne bovina moída (acém) e abóbora cambotian (japonesa), c/ caldo de frango, c/ cebola e azeite de oliva, c/ sal,",Alimentos para fins especiais,118,11.0,3.67,6.33,1.02
C0083F,"Carne, boi, salgada, dessalgada, cozida, s/ óleo (média várias amostras: charque, seca, jerked beef), Bos taurus,",Carnes e derivados,270,31.6,0.05,15.9,0.00
C0572F,"Carne, jacaré, rabo, à milanesa (farinha de trigo, ovo e farinha de rosca), frita em imersão (c/ óleo de soja), c/ pimenta-do-reino, c/ alho, c/ sal,",Carnes e derivados,255,25.9,14.3,10.2,0.80
C0272E,"Casquinha de siri, c/ sal, (siri, tomate, leite de coco, farinha de rosca, queijo parmesão, cebolinha, c/ azeite de dendê, c/ óleo, cebola e alho, c/ pimenta do reino, c/ sal),",Pescados e Frutos do mar,141,12.5,5.11,7.65,0.74
C0430F,"Carne, boi, músculo, s/ gordura, cozida, c/ brócolis e cenoura, c/ óleo, cebola e alho, s/ sal,",Carnes e derivados,235,16.3,1.13,18.2,0.95
C0072C,"Cajá-Manga, in natura, Spondias dulcis,",Frutas e derivados,46,1.28,8.87,,2.58
C0638B,"Salada, rúcula, c/ molho vinagrete (tomate, cebola, salsa, vinagre e azeite de oliva), c/ sal,",Vegetais e derivados,34,2.15,1.16,1.79,2.14
C0109G,"Iogurte, natural, c/ granola, caseira (aveia em flocos, flocos de milho, semente de chia e linhaça, coco, mel, oleagionosas - noz, castanha de caju e Brasil, amêndoa e avelã, damasco seco, uva passa, c/ óleo de milho, c/ canela),",Leite e derivados,128,5.35,14.7,4.96,1.57
C0456A,"Arroz, c/ feijão, c/ sal, (arroz polido cozido, feijão carioca cozido, c/ óleo, cebola e alho, c/ sal),",Cereais e derivados,110,3.54,18.1,1.65,4.05
C0449N,"Papa de carne bovina moída (acém), abóbora (jerimum) e chuchu, c/ caldo de carne, c/ cebola, c/ óleo de soja, c/ sal,",Alimentos para fins especiais,113,10.8,2.84,6.25,0.83
C0547B,"Salada, pimentão verde, amarelo e vermelho crus, cebola, c/ molho de salada - salsa, suco de limão, azeite de oliva, c/ sal,",Vegetais e derivados,57,1.20,4.12,3.60,1.68
C0118G,"Creme de queijo, caseiro (Tipo Catupiry), (leite, queijo minas, creme de leite, amido de milho, margarina, c/ sal),",Leite e derivados,150,3.50,12.7,9.46,0.06
C0201F,"Presunto, cozido, Seara,",Carnes e derivados,126,16.5,1.50,6.00,
C0103N,"Papa de carne bovina moída (acém), fubá e couve, c/ caldo de frango, c/ cebola e azeite de oliva, c/ sal,",Alimentos para fins especiais,128,10.8,7.01,6.10,0.90
C0518A,"Arroz com peixe, c/ arroz integral, c/ sal, (arroz integral, c/ peixe (água salgada, cação), tomate, pimentão amarelo e vermelho, c/ óleo, cebola e alho, c/ sal),",Cereais e derivados,102,6.05,11.9,3.00,1.75
C0074E,"Peixe, água salgada, sardinha, filé, c/ cebola e louro, conserva, Coqueiro,",Pescados e Frutos do mar,152,26.4,1.64,4.40,0.10
C0705A,"Massa, folhada, congelada, assada,",Cereais e derivados,556,7.40,44.2,38.5,1.50
C0007T,"Feijão, jalo, cru, Phaseolus vulgaris L.,",Leguminosas e derivados,274,20.1,31.2,0.95,30.3
C0092G,"Mousse de salmão, (salmão grelhado, gelatina s/ sabor, maionese, mostarda, creme de leite, salsa, c/ caldo de vegetais, c/ pimenta-do-reino, c/ sal),",Leite e derivados,217,14.5,4.16,15.8,0.12
C1005A,"Bolo, limão, c/ recheio, limão, caseiro, (bolo - farinha de trigo, ovo, leite, manteiga, açúcar e fermento químico e recheio - leite condesando, suco de limão e raspas de limão),",Cereais e derivados,287,6.52,47.5,7.76,0.80
C0024D,"Óleo, canola, Arachis hypogaea L.,",Gorduras e óleos,900,0.00,0.00,100.0,0.00
C0679B,"Salada, beterraba cozida, c/ azeite de oliva, c/ sal,",Vegetais e derivados,106,1.11,3.85,9.14,1.85
C0585B,"Salada, alface lisa, c/ azeite de oliva, c/ sal,",Vegetais e derivados,139,1.44,0.08,14.3,1.99
C0064L,"Molho caipira, caseiro, (suco de limão, cebola, caldo de galinha, salsa, c/ pimenta-do-reino, c/ azeite de oliva),",Miscelâneas,528,0.60,3.96,56.5,0.78
C0007A,"Milho, verde, grão, enlatado, drenado (média de diferentes marcas),",Cereais e derivados,107,2.89,16.9,2.05,4.75
C0472E,"Poke hawaiano, c/ atum, pepino, avocado e cebola, (arroz para sushi (c/ vinagre de arroz, açúcar e sal), atum, pepino, avocado, cebola, amendoim, cebolinha, gergelim, c/ óleo de gergelim, c/ molho shoyu),",Pescados e Frutos do mar,135,8.30,6.63,7.80,2.61
C0650A,"Suflê, alho poró, c/ molho branco, c/ sal, (alho poró, ovo de galinha, farinha de rosca, salsa, c/ molho branco (farinha de trigo, manteiga e leite), c/ óleo, cebola e alho, c/ sal),",Cereais e derivados,130,4.37,10.4,7.72,0.58
C0349A,"Sanduíche, pão francês, c/ peito de peru defumado, queijo muçarela, c/ margarina,",Cereais e derivados,287,15.0,25.6,13.5,1.09
C0172A,"Torrada, levemente salgada, Bauducco,",Cereais e derivados,418,11.9,74.9,7.88,0.00
C0235B,"Serralha, folha, refogada (c/ óleo, cebola e alho), s/ sal,",Vegetais e derivados,50,3.31,2.30,2.08,4.29
C1034F,"Carne, rã, coxa e dorso, ensopado (c/ tomate e pimentão), c/ óleo de soja, cebola e alho, c/ sal, Rana catesbeiana,",Carnes e derivados,105,18.4,3.26,1.98,0.29
C0336E,"Mujica/mojica a cuiabana (peixe com mandioca - aipim, macaxeira), (corimba, mandioca (aipim, macaxeira), cebolinha, coentro, suco de limão, c/ caldo de peixe, c/ óleo, cebola e alho, c/ pimenta-do-rei, c/ sal),",Pescados e Frutos do mar,114,8.98,9.50,4.23,0.83
C0053N,"Peixe, água salgada, atum, sólido, conserva, light,",Alimentos para fins especiais,115,25.8,1.68,0.60,
C0085G,"Vitamina, leite de vaca integral c/ maçã, c/ açúcar,",Leite e derivados,79,2.00,12.9,2.10,0.40
C0101B,"Abóbora, moranga, refogada (c/ óleo, cebola e alho), s/ sal, Cucurbita maxima,",Vegetais e derivados,30,0.39,4.44,0.80,1.55
C0089H,"Bebida, café - infusão 10% - intenso, c/ leite desnatado (meio a meio), ""média"", s/ açúcar,",Bebidas,24,1.83,3.81,0.21,0.00
C0028K,"Mel, de abelha, Apis melifera,",Produtos açucarados,324,0.17,80.7,0.00,0.20
C1051A,"Pamonha, milho verde, c/ coco ralado, c/ açúcar,",Cereais e derivados,219,2.45,33.0,8.08,2.43
C0306F,"Carne, boi, acém, s/ gordura, cozida, c/ óleo, cebola e alho, c/ sal,",Carnes e derivados,212,26.0,1.16,11.4,0.12
C0095A,"Cereais, c/ vitamina, trigo, cevada e aveia, mistura p/ mingau,",Cereais e derivados,371,8.90,76.6,2.12,4.98
C0729A,"Arroz com pequi, c/ arroz integral, s/ sal, (arroz integral, pequi, salsa, c/ óleo, cebola e alho, c/ pimenta-do-reino, s/ sal),",Cereais e derivados,178,2.46,15.9,10.7,4.17
C0933F,"Carne, boi, miolo de alcatra (baby beef), grelhada/assada, s/ óleo, c/ molho roti (caldo de carne, água, vinho tinto, farinha de trigo, manteiga, tomilho, c/ pimenta-do-reino), s/ sal,",Carnes e derivados,220,25.9,1.57,11.9,0.19
C0020A,"Aveia, farinha, cozida, s/ tempero, Avena sativa,",Cereais e derivados,48,1.93,7.60,0.84,1.35
C0003G,"Bebida láctea, morango, Dan Up,",Leite e derivados,154,2.70,30.3,2.40,0.00
C0427F,"Carne, boi, músculo, s/ gordura, cozida, c/ batata doce e cenoura, c/ óleo, cebola e alho, c/ sal,",Carnes e derivados,243,16.0,3.95,18.0,0.86
C0079K,"Torta, sabor morango,",Produtos açucarados,223,4.76,22.0,12.9,2.74
C0051B,"Couve, cozida, drenada, s/ óleo, s/ sal, Brassica oleracea,",Vegetais e derivados,25,2.66,1.12,0.51,2.89
C0046J,"Ovos Benedict, c/ presunto, c/ sal, (pão forma tradicional, ovo cozido, presunto, molho holandês, salsa, c/ pimenta-do-reino, c/ sal),",Ovos e derivados,218,10.1,13.5,13.6,0.77
C0126T,"Sopa, feijão, preto, c/ toucinho defumado (bacon), c/ sal, (feijão preto, c/ toucinho defumado (bacon), c/ caldo de carne, c/ óleo, cebola e alho, c/ sal),",Leguminosas e derivados,89,4.90,4.50,4.38,6.02
C0825B,"Pimenta, jalapeño, in natura, Capsicum anuum,",Vegetais e derivados,27,0.91,3.70,0.37,2.80
C0107B,"Espinafre, refogado (c/ óleo, cebola e alho), s/ sal, Tetragonia expansa,",Vegetais e derivados,72,2.72,1.72,5.43,2.52
C0365A,"Sanduíche, cachorro quente, (c/ pão para hot dog e salsicha de frango), c/ milho, ervilha, batata palha, c/ molho de tomate (tomate, c/ óleo, cebola e alho, c/ sal),",Cereais e derivados,183,7.51,22.7,6.20,3.42
C0836A,"Biscoito, arroz,",Cereais e derivados,376,8.20,77.3,2.80,4.20
C0015C,"Goiaba, branca, inteira, c/ casca, in natura, Psidium guajava L.,",Frutas e derivados,45,0.79,6.36,0.51,5.98
C0002A,"Pão francês, trigo, branco, de padaria (médias de diferentes amostras),",Cereais e derivados,300,9.83,59.0,2.12,2.61
C0299A,"Sanduíche, pão francês, c/ presunto, c/ margarina,",Cereais e derivados,274,10.5,33.4,10.6,1.45
C0710B,"Salada, pimentão verde, amarelo, vermelho assados,  c/ molho de salada - salsa, suco de limão, azeite de oliva, c/ sal,",Vegetais e derivados,48,1.13,3.74,2.78,1.70
C0945B,"Sopa, inhame, c/ sal, (inhame, c/ caldo de vegetais, salsa, c/ óleo, cebola e alho, c/ sal),",Vegetais e derivados,56,1.88,8.66,1.35,0.95
C0097G,"Bebida, leite desnatado, c/ cacau em pó (10%), s/ açúcar,",Bebidas,71,4.64,7.45,1.69,3.70
C0834B,"Caponata de berinjela, conserva de berinjela, c/ sal, (berinjela, pimentões coloridos, uva passa, azeite de oliva, vinagre de maçã, c/ óleo, cebola e alho, c/ pimenta-do-reino, c/ sal),",Vegetais e derivados,207,1.23,8.49,18.3,1.79
C0144F,"Carne, ovino, ovelha, meia carcaça, crua, Ovis aries,",Carnes e derivados,156,20.4,0.00,7.83,0.00
C0411B,"Salada, vegetais crus, s/ óleo, s/ sal, (tomate, cebola, s/ óleo, s/ sal),",Vegetais e derivados,24,1.24,3.63,0.16,1.72
C0350A,"Sanduíche, pão forma integral, c/ peito de peru defumado, queijo muçarela, c/ margarina,",Cereais e derivados,266,15.3,19.1,13.7,2.20
C0881B,"Batata, doce, s/ casca, assada, salsa, c/ manteiga, c/ pimenta-do-reino, c/ sal,",Vegetais e derivados,176,2.11,29.6,4.58,3.73
C0318N,"Papa de feijão preto, batata doce, abóbora cabotian (japonesa) e cenoura, c/ caldo de frango, c/ cebola e óleo de soja, c/ sal,",Alimentos para fins especiais,66,2.80,5.86,2.40,4.95
C0215T,"Feijão preto, c/ linguiça calabresa, c/ óleo, cebola e alho, s/ sal,",Leguminosas e derivados,139,6.93,5.20,7.88,6.18
C0973F,"Carne, quelônio, Tracajá, cozida, s/ óleo, s/ sal, Podocnemis unifilis,",Carnes e derivados,217,25.4,0.00,2.10,0.00
C0122A,"Massa, fresca, capeletti, carne, crua, industrializado,",Cereais e derivados,272,10.4,52.3,1.62,3.00
C0064A,"Bolo, baunilha, mistura p/, preparado, Oetker,",Cereais e derivados,329,6.70,48.9,11.9,0.00
C0882B,"Batata, doce, s/ casca, assada, salsa, c/ azeite de oliva, c/ pimenta-do-reino, c/ sal,",Vegetais e derivados,182,2.09,29.6,5.28,3.73
C0490N,"Papa de carne bovina moída (patinho), abóbora (jerimum) e chuchu, c/ caldo de frango, c/ cebola e azeite de oliva, c/ sal,",Alimentos para fins especiais,113,14.0,2.73,4.90,0.83
C0717A,"Arroz chop suey, c/ arroz polido, c/ molho shoyu, (arroz polido, c/ presunto, cenoura, ovos mexidos, c/ óleo, cebola e alho, c/ molho shoyu),",Cereais e derivados,231,4.89,9.40,18.9,2.16
C0377N,"Papa de macarrão, batata e couve, c/ caldo de frango, c/ cebola e azeite de oliva, s/ sal,",Alimentos para fins especiais,72,2.22,9.87,2.31,1.41
C0077N,"Doce de leite, diet,",Alimentos para fins especiais,197,20.9,23.3,1.37,4.03
C0292B,"Batata, inglesa, cozida, s/ casca, c/ molho branco (leite, farinha de trigo e manteiga), s/ sal, Solanum tuberosum L.,",Vegetais e derivados,80,2.16,11.9,2.38,1.23
C0103E,"Peixe, água doce, filé, cozido, s/ óleo, c/ sal (média de 7 espécies),",Pescados e Frutos do mar,141,23.4,0.00,5.28,0.00
C0198E,"Peixe, água salgada, salmão, filé, s/ pele, cozido, drenado, s/ óleo, s/ sal, Salmo salar L.,",Pescados e Frutos do mar,186,23.4,1.00,10.3,0.00
C0074K,"Sagu, cereja, mistura p/, preparada,",Produtos açucarados,128,0.00,32.0,,
C0025U,"Semente de girassol, torrada, s/ óleo, s/ sal,",Sementes e Oleaginosas,639,17.2,9.09,56.8,11.5
C0137G,"Queijo, requeijão, c/ queijo, cheddar,",Leite e derivados,330,15.1,3.05,28.6,0.00
C0172B,"Molho, vinagrete, c/ sal, (tomate, cebola, salsinha, vinagre e óleo, c/ sal),",Vegetais e derivados,100,0.87,4.66,8.47,1.00
C0494A,"Sanduíche, pão francês, c/ carne assada, maionese, c/ sal,",Cereais e derivados,277,17.7,31.4,8.74,1.30
C0971F,"Panelada, c/ sal , (vísceras bovinas (bucho, pulmão, coração, língua), rabo, mocotó, tomate, pimentão, salsinha e cebolinha, pimenta-do-reino, c/ óleo, cebola e alho, c/ sal),",Carnes e derivados,164,16.4,1.18,10.4,0.36
C0257F,"Carne, boi, quarto dianteiro, s/ gordura, cozida, c/ molho de tomate (tomate, c/ óleo, cebola e alho), c/ sal,",Carnes e derivados,166,21.6,1.71,7.99,0.50
C0268N,"Papa de fígado bovino e cará, c/ caldo de frango, c/ cebola e óleo de soja, s/ sal,",Alimentos para fins especiais,135,12.8,7.68,5.68,1.02
C0013K,"Doce, abóbora, cremoso,",Produtos açucarados,219,0.92,52.3,0.21,2.28
C0012T,"Fejião, rosinha, cozido (50% grão 50% caldo), s/ sal, s/ temperos, Phaseolus vulgaris L.,",Leguminosas e derivados,60,4.54,7.06,0.48,4.76
C0227N,"Papa de carne bovina moída (acém), cará e brócolis, c/ caldo de frango, c/ cebola e azeite de oliva, s/ sal,",Alimentos para fins especiais,115,10.7,3.99,5.97,1.26
C0271N,"Papa de fígado bovino e cará, c/ caldo de frango, c/ cebola, s/ óleo, s/ sal,",Alimentos para fins especiais,118,12.9,7.82,3.68,1.06
C1127B,"Alcachofra, assada, s/ óleo, c/ sal,",Vegetais e derivados,50,3.59,5.65,0.16,5.92
C1002B,"Cenoura e milho, refogado (c/ óleo, cebola e alho), c/ salsa, s/ sal,",Vegetais e derivados,81,3.34,12.5,1.34,2.92
C0504B,"Salada, cenoura, crua, s/ tempero, s/ sal,",Vegetais e derivados,31,1.12,4.56,0.21,2.98
C0942F,"Atolado de frango, c/ sal, (frango inteiro, mandioca (aipim, macaxeira), tomate, salsa, cebolinha, c/ óleo, cebola e alho, c/ sal),",Carnes e derivados,180,12.4,11.8,9.02,0.92
C0518F,"Carne, ovino, ovelha, perna, cozida, assada, s/ óleo, s/ sal,",Carnes e derivados,183,28.3,0.00,7.74,0.00
C1132B,"Erva-doce, bulbo, cozida, s/ óleo, c/ sal,",Vegetais e derivados,34,1.42,4.83,0.23,3.55
C0242C,"Suco natural, graviola, c/ açúcar,",Frutas e derivados,41,0.43,9.06,0.08,1.24
C0078C,"Graviola, polpa, congelada,",Frutas e derivados,40,0.57,8.60,0.14,1.19
C0503A,"Arroz à grega, c/ arroz polido, c/ sal, (arroz polido, c/ cenoura, vagem, pimentão verde, uva passa, c/ óleo, cebola e alho, c/ sal),",Cereais e derivados,135,2.23,25.0,2.47,1.83
C0301B,"Batata, doce, s/ casca, sauté (c/ margarina e salsa), c/ sal,",Vegetais e derivados,135,0.79,18.7,5.76,2.53
C0017D,"Margarina, c/ leite, s/ sal, Leco,",Gorduras e óleos,548,1.30,1.90,60.0,0.00
C0395E,"Peixe, água salgada, atum, ensopado (c/ cebola, tomate e pimentão), c/ óleo, s/ sal, Thunnus thynnus,",Pescados e Frutos do mar,165,27.6,0.02,5.98,0.51
C0148T,"Soja, grão, cozido, drenado, s/ óleo, c/ sal, Glycine max (L.) Merril,",Leguminosas e derivados,167,16.1,0.56,9.22,8.88
C0346A,"Sanduíche, pão francês, c/ peito de peru defumado e queijo muçarela,",Cereais e derivados,266,15.1,33.8,7.44,1.45
C0033J,"Omelete, vegetais e queijo parmesão, s/ sal, (ovo de galinha, vegetais - cenoura, abobrinha, tomate, champignon paris, salsa, cebolinha verde, queijo parmesão, c/ óleo, cebola e alho, s/ sal),",Ovos e derivados,127,8.29,2.68,9.13,0.61
C0069A,"Bolo, industrializado (média de diferentes sabores),",Cereais e derivados,419,6.49,54.3,19.5,0.08
C0361B,"Mandioca (aipim, macaxeira), s/ casca, cozida, assada, s/ óleo, c/ sal, Manihot esculenta Crantz,",Vegetais e derivados,183,0.97,42.7,0.36,2.70
C0114A,"Lasanha, verde, bolonhesa, congelada, Sadia,",Cereais e derivados,131,6.94,11.4,6.07,1.50
C0617F,"Carne, boi, contrafilé, s/ gordura, grelhada/assada, s/ óleo, c/ sal, Bos taurus,",Carnes e derivados,183,35.7,0.00,4.47,0.00
C0274F,"Carne, boi, quarto traseiro, c/ gordura, grelhada, c/ molho de mostarda (creme de leite, suco de limão e mostarda) , c/ sal,",Carnes e derivados,270,23.2,2.04,18.8,0.03
C0566B,"Salada, chuchu, cebola, c/ molho vinagrete (tomate, cebola, salsa, vinagre e azeite de oliva), s/ sal,",Vegetais e derivados,37,0.58,3.90,1.85,1.31
C0145C,"Suco natural, melão, s/ açúcar,",Frutas e derivados,13,0.33,2.47,0.08,0.67
C0225N,"Papa de carne bovina moída (acém), cará e brócolis, c/ caldo de frango, c/ cebola e óleo de soja, c/ sal,",Alimentos para fins especiais,115,10.7,3.97,5.97,1.26
C0099F,"Empanados, nuggets crocante, cru, Sadia,",Carnes e derivados,267,10.5,18.0,17.0,
C0211B,"Acelga, cozida, drenada, s/ óleo, s/ sal,",Vegetais e derivados,22,1.47,3.25,0.11,1.14
C0094A,"Cereais, milho, infantil, mistura p/ mingau,",Cereais e derivados,378,6.43,84.1,1.09,3.21
C0898B,"Mandioca (aipim, macaxeira), sagu, cru, Manihot esculenta,",Vegetais e derivados,354,0.19,87.8,0.02,0.90
C0461B,"Aspargo, in natura, Asparagus officinalis,",Vegetais e derivados,21,2.20,1.78,0.12,2.10
C0882A,"Pão francês, c/ tucumã,",Cereais e derivados,293,8.54,51.5,4.95,4.28
C1117B,"Alcachofra, crua, Cynara cardunculus var. scolymus,",Vegetais e derivados,46,3.27,5.15,0.15,5.40
C1059B,"Tapioca, c/ coco ralado cremoso/manteiga à base de coco ralado, c/ sal,",Vegetais e derivados,328,1.03,61.6,8.29,1.23
C0644N,"Papa de peito de frango, batata e cenoura, c/ caldo de carne, c/ cebola e c/ azeite de oliva, s/ sal,",Alimentos para fins especiais,96,13.1,2.86,3.35,1.14
C0537N,"Papa de carne bovina moída (patinho), abóbora (jerimum) e chuchu, c/ caldo de carne, c/ cebola, s/ óleo, s/ sal,",Alimentos para fins especiais,96,14.0,2.87,2.94,0.87
C0034N,"Bebida láctea, morango, light, Corpus,",Alimentos para fins especiais,36,4.20,4.80,0.00,0.00
C0140G,"Coalhada, leite integral,",Leite e derivados,147,10.4,12.3,6.28,0.00
C0173E,"Peixe, água salgada, pescadinha, cozido, drenado, s/ óleo, s/ sal, Cynoscion striatus,",Pescados e Frutos do mar,87,18.6,0.88,1.38,0.00
C1061B,"Alga, ágar ágar, em pó,",Vegetais e derivados,336,6.21,73.2,0.30,7.70
C0398A,"Quinoa, grão, crua, Chenopodium quinoa,",Cereais e derivados,354,14.1,57.2,6.07,7.00
C0042H,"Bebida, café, infusão 10%, c/ açúcar,",Bebidas,40,0.67,9.28,0.06,0.00
C0182B,"Salada, couve-flor, cozida, c/ molho vinagrete (tomate, cebola, salsinha, vinagre e óleo), c/ sal, Brassica oleracea var. botrytis L.,",Vegetais e derivados,41,1.16,2.14,2.68,1.73
C0187K,"Biscoito, tipo goiabinha, c/ recheio de goiaba, (farinha de trigo, açúcar, manteiga, casca de limão e goiabada),",Produtos açucarados,418,4.65,65.2,14.9,2.20
C0361N,"Papa de carne bovina moída (patinho), fubá e espinafre, c/ caldo de frango, c/ cebola, s/ óleo, s/ sal,",Alimentos para fins especiais,73,2.02,14.4,0.51,1.46
C0613A,"Macarrão, trigo, c/ molho de tomate (tomate, c/ óleo, cebola e alho), c/ peito de frango, c/ óleo, cebola e alho, c/ sal,",Cereais e derivados,120,6.38,19.3,1.65,1.08
C0238E,"Peixe, água salgada, pescada, branca, ensopado (c/ cebola, tomate e pimentão), c/ batata e legumes - cenoura, abobrinha, brócolis, c/ sal,",Pescados e Frutos do mar,121,12.7,0.92,7.02,0.97
C0248N,"Papa de ovo e batata, c/ caldo de frango, c/ cebola e azeite de oliva, c/ sal,",Alimentos para fins especiais,89,4.96,4.64,5.53,0.61
C0506E,"Peixe, água doce, Arraia (Raia), filé, grelhado, s/ óleo, c/ sal,",Pescados e frutos do mar,94,21.6,0.41,0.65,0.00
C0018L,"Sal, grosso,",Miscelâneas,0,,,,
C0212C,"Suco natural, cajá (tapereba), c/ açúcar,",Frutas e derivados,30,0.25,6.92,0.07,0.54
C0276N,"Papa de peixe (pescada branca), abóbora (jerimum), batata-doce e couve c/ caldo de frango, c/ cebola, s/ óleo, c/ sal,",Alimentos para fins especiais,75,7.19,6.57,1.92,1.52
C0066F,"Carne, boi, flanco, s/ gordura, cru, Bos taurus,",Carnes e derivados,139,20.0,0.75,6.22,0.00
C0899A,"Arroz integral com lentilha, c/ sal, (arroz integral cozido, c/ lentilha, c/ óleo, cebola e alho, c/ sal),",Cereais e derivados,119,3.69,18.5,2.63,3.24
C0002N,"Gelatina, em pó, diet (média diferentes sabores),",Alimentos para fins especiais,337,57.2,24.1,0.24,4.69
C0074B,"Feijão, broto, cru, Vigna radiata (L.) R. Wilczek,",Vegetais e derivados,45,4.17,5.79,0.10,1.97
C0008R,"Chantily, em pó, Chantineve,",Alimentos industrializados,489,2.60,77.3,18.8,0.56
C0191B,"Salada, brócolis, flor, cozido, c/ molho vinagrete (tomate, cebola, salsinha, vinagre e óleo), s/ sal, Brassica oleracea L. var. italica,",Vegetais e derivados,49,2.15,2.32,2.92,2.60
C0384E,"Caldeirada de peixe, s/ sal, (peixe, água salgada, cação, tomate, pimentão, coentro, suco de limão, c/ pimenta-do-reino e pimenta vermelha,c/ caldo de peixe, c/ óleo, cebola e alho, s/ sal),",Pescados e Frutos do mar,69,11.0,2.68,1.50,0.46
C0861B,"Couve, manteiga, refogada, c/ óleo, cebola e alho, c/ sal, Brassica oleracea var. Acephala,",Vegetais e derivados,92,2.07,1.97,7.19,5.43
C0312E,"Mexilhão ensopado com legumes, s/ sal, (mexilhão, legumes - cenoura, vagem, couve-flor, brócolis e champginon paris, tomate, pimentão, salsa, suco de limão, c/ óleo, cebola e alho, c/ pimenta do reino, s/ sal),",Pescados e Frutos do mar,58,7.33,2.04,2.00,1.30
C0527E,"Peixe, água doce, Tambaqui, grelhado, s/ óleo, s/ sal (média de cortes e amostras), Colossoma macropomum,",Pescados e frutos do mar,125,26.4,0.00,2.18,0.00
C0104N,"Papa de carne bovina moída (acém), fubá e couve, c/ caldo de frango, c/ cebola e óleo de soja, s/ sal,",Alimentos para fins especiais,128,10.8,7.03,6.10,0.91
C0958A,"Fogazza, c/ queijo muçarela e tomate, frito (c/ óleo de soja), (massa - farinha de trigo, óleo, fermento biológico, sal e açúcar, queijo muçarela, tomate e óleo de soja),",Cereais e derivados,322,10.1,43.0,11.8,1.48
C0029R,"Gelatina, uva, em pó, Ducoco,",Alimentos industrializados,392,8.86,89.2,0.00,0.08
C0890A,"Cuscuz paulista, c/ sal, (farinha de milho, farinha de mandioca, azeitonas verdes, ovos cozidos, tomate, sardinha em conserva, ervilha em conserva, salsinha, c/ óleo de soja, c/ sal),",Cereais e derivados,136,2.55,20.0,4.63,2.42
C0110T,"Vagem, refogada (c/ óleo, cebola e alho), s/ sal, Phaseolus vulgaris,",Leguminosas e derivados,48,2.59,4.41,1.41,3.45
C0906F,"Carne, galinha da angola, carne e pele, cozida, c/ óleo de soja, cebola e alho, c/ sal, Numida meleagris,",Carnes e derivados,160,22.8,0.56,7.35,0.12
C0728A,"Arroz com pequi, c/ arroz integral, c/ sal, (arroz integral, pequi, salsa, c/ óleo, cebola e alho, c/ pimenta-do-reino, c/ sal),",Cereais e derivados,178,2.45,15.9,10.7,4.15
C0154H,"Bebida, refresco, groselha, c/ xarope , s/ açúcar,",Bebidas,39,0.00,9.77,0.00,0.00
C0528A,"Arroz com lentilha, c/ arroz polido, c/ sal, (arroz polido, c/ lentilha, tomate, linguiça, c/ óleo, cebola e alho, c/ sal),",Cereais e derivados,144,5.21,18.0,5.23,2.23
C0493F,"Carne, porco, lombo, assada, recheada, c/ linguiça calabresa, c/ sal,",Carnes e derivados,210,32.1,0.20,9.03,0.00
C0095F,"Carne, cabrito, pescoço, crua (média de diferentes amostras), Capra hirbus,",Carnes e derivados,131,20.5,1.14,4.98,0.00
C0022G,"Iogurte, natural, desnatado,",Leite e derivados,48,4.04,7.04,0.42,0.00
C0863A,"Sanduíche, cheeseburguer, hambúrguer bovino grelhado (c/ pão hambúrguer), c/ queijo muçarela,",Cereais e derivados,267,13.5,27.9,10.9,1.24
C1005F,"Carne, rã, dorso, crua, Rana catesbeiana,",Carnes e derivados,64,15.7,0.00,0.17,0.00
C0353B,"Cará, refogado (c/ óleo, cebola e alho), c/ sal, Dioscorea alata L.,",Vegetais e derivados,99,2.36,15.7,1.33,7.16
C0800F,"Carne, boi, fraldinha, c/ gordura, cozida, s/ óleo, c/ sal, Bos taurus,",Carnes e derivados,330,24.1,0.00,25.9,0.00
C0139G,"Espeto de queijo coalho, grelhado, s/ óleo,",Leite e derivados,311,21.4,3.35,23.5,0.00
C0531B,"Salada, pepino, cebola, c/ molho de salada - salsa, vinagre de maçã, azeite de oliva, c/ sal,",Vegetais e derivados,52,1.03,2.99,3.67,1.28
C0191K,"Beijinho, c/ coco ralado, caseiro, (leite condensado, coco ralado, cravo, c/ manteiga),",Produtos açucarados,350,5.45,45.3,16.1,1.25
C0065L,"Molho de ervas, c/ sal, caseiro, (vinagre de maçã, cebola, tomilho, manjericão, alecrim, salsa, c/ pimenta-do-reino, c/ azeite de oliva, c/ sal),",Miscelâneas,389,1.27,6.27,39.0,4.23
C1050F,"Carne, novilho, crua (média de 10 espécies), Bos taurus,",Carnes e derivados,105,22.5,0.00,1.64,0.00
C0077H,"Bebida, capuccino (leite integral, infusão café descafeinado e cacau em pó), c/ açúcar,",Bebidas,88,3.05,11.2,2.99,1.90
C0139K,"Pavê, morango, (biscoito champagne, leite condensado, leite, creme de leite, gema de ovo, amido de milho (maisena), extrato de baunilha, açúcar e morango),",Produtos açucarados,231,4.89,31.3,9.51,0.35
C0579A,"Torta, vegetais, c/ cenoura, vagem e abobrinha, c/ sal, (massa - leite, farinha de trigo, ovo e fermento químico, c/ vegetais - cenoura, vagem, abobrinha, c/ óleo, cebola e alho, c/ sal),",Cereais e derivados,181,5.75,19.8,8.48,1.31
C0578A,"Torta, vegetais, c/ cenoura, vagem e abobrinha, c/ queijo parmesão, c/ sal, (massa - leite, farinha de trigo, ovo e fermento químico, c/ vegetais - cenoura, vagem, abobrinha, c/ queijo parmesão, c/ óleo, cebola e alho, c/ sal),",Cereais e derivados,204,7.30,19.4,10.3,1.34
C0242T,"Mousse, chocolate, c/ melado, (tofu, chocolate amargo, c/ melado),",Leguminosas e derivados,240,6.81,14.0,16.5,4.05
C0333F,"Carne, boi, capa de contra-filé, s/ gordura, grelhada,  c/ molho de tomate (tomate, c/ óleo, cebola e alho), c/ sal,",Carnes e derivados,199,28.4,0.81,8.99,0.50
C0102B,"Couve, manteiga, refogada (c/ óleo, cebola e alho), s/ sal, Brassica oleracea var. Acephala,",Vegetais e derivados,83,2.03,1.49,6.41,5.59
C0071N,"Biscoito, doce, recheado, diet (média de diferentes sabores),",Alimentos para fins especiais,481,4.50,64.1,22.1,4.10
C0285F,"Carne, boi, quarto traseiro, s/ gordura, grelhada, c/ molho branco (farinha de trigo, manteiga e leite), s/ sal,",Carnes e derivados,217,26.7,3.62,10.6,0.05
C0028G,"Leite, cabra, integral, fluído,",Leite e derivados,67,3.33,3.52,4.42,0.00
C0147G,"Leite, Nestogeno 1, reconstituído, s/ açúcar,",Leite e derivados,65,1.43,6.77,3.38,0.38
C0020F,"Carne, boi, quarto traseiro, c/ gordura, grelhada, s/ óleo, s/ sal, Bos taurus,",Carnes e derivados,289,28.6,0.00,19.4,0.00
C0003U,"Castanha do Brasil, crua, Bertholletia excelsa H.B.K.,",Sementes e Oleaginosas,674,14.5,7.15,63.5,7.93
C0150K,"Cheese cake, massa, (biscoito de maisena, manteiga, ricota, leite condensado, ovo, casca de limão, extrato de baunilha e açúcar),",Produtos açucarados,244,9.84,24.1,11.9,0.27
C0213E,"Peixe, água salgada, filé/ posta, cru (média de várias espécies),",Pescados e Frutos do mar,95,17.9,0.00,2.57,0.00
C0166K,"Bombom, chocolate ao leite, c/ recheio cremoso de morango, Sensação, Nestlê,",Produtos açucarados,481,4.50,71.2,19.8,0.00
C1203A,"Macarrão, trigo, c/ queijo, c/ sal, (macarrão de trigo, creme de leite, leite, queijo muçarela e queijo parmesão, c/ sal),",Cereais e derivados,184,7.92,17.2,9.20,0.75
C0400B,"Salada, folhas, c/ molho de salada, c/ sal, (alface americana, alface roxa, agrião, c/ molho de salada - salsa, vinagre de maçã, azeite de oliva, c/ sal),",Vegetais e derivados,44,1.47,0.77,3.53,1.67
C0624A,"Risoto de frutos do mar, c/ arroz polido, c/ sal, (arroz polido, camarão, lula, mexilhão, polvo, vinho branco, tomate, queijo parmesão, c/ azeite de oliva, manteiga, cebola e alho, c/ sal),",Cereais e derivados,158,11.1,10.6,7.42,0.65
C0971A,"Brownie, c/ doce de leite, caseiro, (chocolate meio amargo, farinha de trigo, manteiga, ovo, açúcar e doce de leite),",Cereais e derivados,453,4.69,43.3,28.4,1.34
C0563A,"Canelone, frios, c/ molho de tomate, caseiro, c/ sal, (massa com farinha de trigo, c/ muçarela, presunto, c/ molho de tomate (tomate, c/ óleo, cebola e alho), c/ sal),",Cereais e derivados,174,11.8,11.1,8.92,1.00
C0687F,"Carne, porco, bisteca, empanada (farinha de trigo), frita (c/ óleo de soja), c/ sal, Sus ssp,",Carnes e derivados,286,26.9,7.26,16.5,0.26
C0056J,"Omelete, c/ couve-flor e tomate, c/ queijo muçarela, salsinha e cebolinha, c/ óleo e cebola, c/ sal,",Ovos e derivados,147,9.96,2.38,10.7,0.55
C0720B,"Bolinho, madioca (aipim, macaxeira), frito, c/ sal, (mandioca (aipim, macaxeira), farinha de trigo, ovo, salsa, cebolinha, manteiga, cebola, frito (c/ óleo de soja), c/ sal),",Vegetais e derivados,178,2.12,25.0,7.41,1.52
C0272F,"Carne, boi, quarto traseiro, c/ gordura, grelhada, c/ molho branco (farinha de trigo, manteiga e leite), s/ sal,",Carnes e derivados,269,24.0,3.23,17.8,0.05
C0660B,"Salada, almeirão, cru, c/ molho de salada - salsa, suco de limão, azeite de oliva, c/ sal,",Vegetais e derivados,52,1.76,1.49,3.72,2.86
C0551B,"Salada, repolho, branco, cru, c/ azeite de oliva, c/ sal,",Vegetais e derivados,99,1.02,2.26,9.19,1.74
C0496N,"Papa de carne bovina moída (patinho), cará e brócolis, c/ caldo de frango, c/ cebola e azeite de oliva, c/ sal,",Alimentos para fins especiais,115,13.7,3.87,4.72,1.26
C0290B,"Batata, inglesa, cozida, s/ casca, c/ molho de tomate (tomate, c/ óleo, cebola e alho), s/ sal, Solanum tuberosum L.,",Vegetais e derivados,57,1.42,9.48,1.09,1.69
C0749A,"Pastel de forno integral, recheado c/ palmito e requeijão, assado, (farinha de trigo integral, manteiga, ovo, palmito, requeijão, c/ sal),",Cereais e derivados,431,7.46,35.5,28.7,0.56
C0107E,"Peixe, água doce, filé, frito (c/ óleo de soja), c/ sal (média de 7 espécies),",Pescados e Frutos do mar,179,22.2,0.00,10.00,0.00
C0320A,"Sanduíche, pão francês, c/ queijo muçarela,",Cereais e derivados,308,15.1,37.5,10.5,1.63
C0029K,"Melado, cana,",Produtos açucarados,306,0.00,76.6,0.00,0.00
C0210F,"Salame, italiano, porco, Sadia,",Carnes e derivados,338,26.7,5.02,23.4,
C0183E,"Peixe, água salgada, porquinho, cozido, drenado, s/ óleo, c/ sal, Prochilodus spp.,",Pescados e Frutos do mar,99,23.0,0.00,0.79,0.00
C0058N,"Geleia, s/ açúcar (média de diferentes sabores),",Alimentos para fins especiais,116,0.55,27.4,0.00,2.20
C0608N,"Papa de peixe (pescada branca) e cará, c/ caldo de peixe, c/ cebola, s/ óleo, c/ sal,",Alimentos para fins especiais,82,8.64,6.13,2.31,1.06
C1022F,"Carne, frango, miúdos, à milanesa, c/ sal, (carne, frango, miúdos (média de cortes - coração, fígado e moela), farinha de trigo, farinha de rosca, ovo, frito (c/ óleo de soja), c/ sal), Gallus gallus domesticus,",Carnes e derivados,277,19.7,14.5,15.4,0.71
C0249N,"Papa de ovo e batata, c/ caldo de frango, c/ cebola e óleo de soja, c/ sal,",Alimentos para fins especiais,89,4.96,4.64,5.53,0.61
C0573F,"Xinxim de frango, c/ sal, (frango, camarão, castanha de caju, amendoim, suco de limão, leite de coco, coentro, gengibre, c/ azeite de dendê, c/ óleo, cebola e alho, c/ pimenta-do-reino, c/ sal),",Carnes e derivados,225,21.3,0.83,13.9,1.75
C0409F,"Carne, boi, maminha, grelhada, c/ manteiga, c/ sal,",Carnes e derivados,284,27.7,0.00,18.9,0.00
C0015T,"Feijão, roxo, cru, Phaseolus vulgaris L.,",Leguminosas e derivados,272,22.2,26.1,1.24,33.8
C0088K,"Manjar, coco, c/ calda de ameixa, (leite, leite de coco e coco, amido de milho, ameixa seca, c/ açúcar),",Produtos açucarados,1969,1.99,34.8,5.55,1.03
C0298N,"Papa de carne bovina (músculo), feijão carioca, batata, abóbora (jerimum) e cenoura, c/ caldo de frango, c/ cebola e óleo de soja, s/ sal,",Alimentos para fins especiais,102,10.7,3.86,4.40,1.87
C0226K,"Aletria doce, (macarrão, leite, manteiga, gema de ovo, extrato de baunilha, casca de limão, canela, c/ açúcar),",Açúcares e doces,153,3.42,20.4,5.94,0.51
C0553A,"Arroz de forno, c/ arroz polido, c/ sal, (arroz polido, c/ cenoura, milho e ervilha em conserva, azeitona, muçarela, c/ molho de tomate (tomate, c/ óleo, cebola e alho), c/ óleo, cebola e alho, c/ sal),",Cereais e derivados,140,3.52,20.1,4.65,1.89
C0071R,"Sopa, creme de cebola, desidratada, Maggi,",Alimentos industrializados,338,7.30,59.9,6.90,3.80
C0592B,"Salada, alface americana, c/ óleo de soja, c/ sal,",Vegetais e derivados,133,0.35,0.22,14.3,1.06
C0186E,"Peixe, água salgada, porquinho, frito (c/ óleo de soja), c/ sal, Prochilodus spp.,",Pescados e Frutos do mar,129,19.6,0.00,5.66,0.00
C0175E,"Peixe, água salgada, pescadinha, ensopado (c/ cebola, tomate e pimentão), c/ óleo, c/ sal, Cynoscion striatus,",Pescados e Frutos do mar,131,16.8,1.76,6.27,0.51
C0357F,"Carne, boi, acém moída, cozida, c/ batata e vegetais - cenoura, chuchu, vagem, c/ óleo, cebola e alho, s/ sal,",Carnes e derivados,139,15.2,2.74,7.26,0.85
C0888A,"Bolinho de arroz, frito, c/ sal, (arroz polido, farinha de trigo, ovos, salsinha, óleo de soja para fritura, c/ sal),",Cereais e derivados,338,8.61,44.7,13.5,1.72
C0319N,"Papa de feijão preto, batata doce, abóbora cabotian (japonesa) e cenoura, c/ caldo de frango, c/ cebola e óleo de soja, s/ sal,",Alimentos para fins especiais,66,2.81,5.88,2.40,4.96
C0320B,"Rabanete, c/ casca, cozido, drenado, s/ óleo, s/ sal, Raphanus sativus L.,",Vegetais e derivados,14,1.13,1.20,0.08,1.81
C0083B,"Taioba, folha, crua, Xanthosoma sagittifolium Schott,",Vegetais e derivados,46,3.65,2.01,1.34,5.68
C0106F,"Carne, frango, coração, assada, brasa, s/ óleo, s/ sal, Gallus gallus,",Carnes e derivados,202,39.0,11.4,12.1,0.00
C0179T,"Salada, grão-de-bico, s/ óleo, s/ sal, (grão-de-bico cozido, tomate, cebola, salsa, suco de limão, s/ óleo, s/ sal),",Leguminosas e derivados,76,4.03,11.0,0.99,3.78
C0058J,"Omelete, c/ espinafre, c/ queijo muçarela, salsinha e cebolinha, c/ óleo e cebola, c/ sal,",Ovos e derivados,147,10.1,2.34,10.7,0.58
C0733A,"Pão, italiano,",Cereais e derivados,261,8.80,46.9,3.50,3.20
C1076B,"Cebola, em pó, Allium cepa L.,",Vegetais e derivados,337,10.4,63.9,1.04,15.2
C0021A,"Aveia, crua (média de diferentes tipos), Avena sativa,",Cereais e derivados,382,15.4,55.6,8.70,9.74
C0464F,"Carne, boi, picanha, s/ gordura, grelhada, c/ óleo, cebola e alho, c/ sal,",Carnes e derivados,233,30.4,1.22,11.8,0.11
C0043G,"Leite, vaca, integral, fluído,",Leite e derivados,64,2.93,5.92,3.23,0.00
C0791F,"Carne, peru, coxa, s/ pele, assada, s/ óleo, c/ sal, Meleagris gallopavo,",Carnes e derivados,184,22.9,0.00,10.3,0.00
C0015G,"Iogurte, integral, maracujá,",Leite e derivados,67,2.99,10.0,1.63,0.23
C1043A,"Macarrão, trigo, c/ sardinha fresca, salsa, c/ molho de tomate (tomate, c/ óleo, cebola e alho), s/ sal,",Cereais e derivados,125,6.01,18.3,2.82,1.15
C0008B,"Agrião, cru, Nasturtium officinale,",Vegetais e derivados,23,3.17,0.59,0.45,1.98
C0191A,"Cuscuz paulista, s/ sal, (farinha de milho, farinha de mandioca, azeitonas verdes, ovos cozidos, tomate, sardinha em conserva, ervilha em conserva, salsinha, c/ óleo de soja, s/ sal),",Cereais e derivados,137,2.56,20.1,4.65,2.43
C0034D,"Patê, presunto, vidro, Sadia,",Gorduras e óleos,227,9.63,2.85,19.7,0.00
C0179F,"Hambúrguer, bovino, industrializado, grelhado,",Carnes e derivados,210,13.2,11.3,12.4,
C0608A,"Macarrão, trigo, c/ molho de tomate (tomate, c/ óleo, cebola e alho) e frutos do mar (camarão, lula e mexilhão), queijo parmesão, c/ óleo, cebola e alho, c/ sal,",Cereais e derivados,132,6.57,18.6,3.31,1.13
C0940B,"Charuto de repolho, c/ peito de frango refogado, s/ molho, s/ sal, (repolho branco, recheado com arroz e peito de frango refogado, c/ óleo, cebolha e alho, s/ sal),",Vegetais e derivados,87,8.85,8.53,1.68,0.99
C1027A,"Arroz com cenoura, c/ óleo, cebola e alho, c/ sal,",Cereais e derivados,118,2.19,22.3,1.75,1.93
C0008K,"Beijinho, lata, Moça,",Produtos açucarados,341,4.40,53.8,12.0,
C0018D,"Manteiga, cacau, Theobroma cacao L.,",Gorduras e óleos,900,0.00,0.00,100.0,0.00
C0075A,"Bolo, páscoa, c/ gotas de chocolate, Bauducco,",Cereais e derivados,387,6.90,57.7,14.2,0.50
C1092B,"Batata, inglesa, s/ casca, assada, c/ óleo de soja, c/ sal,",Vegetais e derivados,125,2.39,17.8,4.57,1.55
C0086K,"Queijadinha, c/ coco, (farinha de trigo, ovo, margarina, coco e açúcar),",Produtos açucarados,443,4.20,69.1,16.4,1.32
C0341N,"Papa de carne bovina (músculo), feijão carioca, batata baroa (mandioquinha, salsa) e abóbora cabotian (japonesa), c/ caldo de frango, c/ cebola, s/ óleo, s/ sal,",Alimentos para fins especiais,92,10.7,6.03,2.41,1.86
C0243N,"Papa de ovo e batata baroa (mandioquinha, batata salsa), c/ caldo de frango, c/ cebola e óleo de soja, c/ sal,",Alimentos para fins especiais,98,4.79,6.88,5.57,0.71
C0430E,"Peixe, água salgada, abadejo, filé, à milanesa (farinha de rosca e ovo), frito (c/ óleo de soja), s/ sal, Genypterus blacodes,",Pescados e Frutos do mar,237,17.9,14.6,11.6,0.96
C0146T,"Jardineira de carne de soja, s/ sal, (proteína de soja texturizada (hidratada com caldo de legumes), batata, cenoura, ervilha em vagem, tomate, pimentão, cheiro verde, c/ óleo, cebola e alho, s/ sal),",Leguminosas e derivados,97,10.1,9.88,1.18,3.12
C0384N,"Papa de peito de frango, ervilha e abóbora (jerimum), c/ caldo de frango, c/ cebola e óleo de soja, s/ sal,",Alimentos para fins especiais,92,12.2,2.66,3.33,1.53
C0126G,"Vitamina, leite integral, c/ goiaba, c/ açúcar,",Leite e derivados,80,2.22,11.9,2.31,1.56
C0196E,"Peixe, água salgada, merluza, cozido, c/ molho de tomate (tomate, c/ óleo, cebola e alho), c/ sal, Merlucius hubbsi,",Pescados e Frutos do mar,93,16.4,0.00,3.00,0.51
C0007L,"Fermento, biológico, levedura, tablete,",Miscelâneas,104,17.0,7.70,1.52,4.17
C0709A,"Enroladinho de muçarela e presunto, caseiro, (farinha de trigo, leite, fermento biológico, muçarela, presunto, c/ óleo de soja, c/açúcar, c/ sal),",Cereais e derivados,225,13.1,20.5,9.91,0.52
C0282T,"Soja, farelo, Glycine max L.,",Miscelâneas,274,34.6,4.17,2.91,46.4
C0002H,"Bebida alcoólica, destilada (gim, rum, vodka, whisky) (teor alcoólico 33%),",Bebidas,231,0.00,0.00,0.00,0.00
C0103B,"Batata, inglesa, sauté (c/ margarina e salsa), s/ sal, Solanum tuberosum L.,",Vegetais e derivados,67,1.29,12.7,0.90,1.38
C0058H,"Bebida, chá, camomila, infusão, c/ açúcar,",Bebidas,25,0.02,6.16,0.01,0.00
C0664F,"Carne, boi, paleta, s/ gordura, frita (c/ óleo de soja), s/ sal, Bos taurus,",Carnes e derivados,243,27.3,0.00,14.8,0.00
C0818B,"Sopa/creme, cenoura, s/ sal, (cenoura, c/ caldo de vegetais, c/ molho branco (farinha de trigo, manteiga e leite), c/ óleo e cebola, s/ sal),",Vegetais e derivados,48,1.20,3.98,2.84,1.11
C0814B,"Mussaká, c/ molho bolonhesa, c/ sal, (batata frita, berinjela grelhada, c/ molho branco (farinha de trigo, manteiga e leite), c/ molho bolonhesa (carne bovina - patinho moído, tomate, cebola, alho, c/ óleo), queijo parmesão, salsa, cebolinha, pimenta-do-reino, c/ sal),",Vegetais e derivados,147,6.09,10.6,8.12,3.57
C0101G,"Bebida, leite integral, c/ cacau em pó (10%), s/ açúcar,",Bebidas,94,4.60,7.41,4.28,3.70
C0583N,"Papa de carne moída bovina (patinho), feijão preto, batata, abóbora (jerimum) e cenoura, c/ caldo de carne, c/ cebola e azeite de oliva, s/ sal,",Alimentos para fins especiais,107,12.2,3.48,4.44,2.13
C0032B,"Quiabo, cru, Hibiscus esculentus L.,",Vegetais e derivados,27,1.77,2.45,0.20,4.08
C0842B,"Tapioca, c/ peito de frango refogado e requeijão,",Vegetais e derivados,267,6.46,50.7,4.30,0.14
C0002U,"Caju, castanha, torrada, c/ sal, Anacardium occidentale L.,",Sementes e Oleaginosas,617,20.7,20.0,49.5,4.09
C0126E,"Peixe, água salgada, abadejo, filé, frito (c/ óleo de soja), c/ sal, Genypterus blacodes,",Pescados e Frutos do mar,101,13.1,0.00,5.36,0.00
C0063G,"Queijo, pasteurizado, Polenghinho,",Leite e derivados,310,10.5,4.12,27.9,0.00
C0361A,"Sanduíche, pão francês, c/ peito de peru defumado, queijo prato, c/ margarina,",Cereais e derivados,292,15.0,25.2,14.4,1.09
C1037B,"Purê, batata, inglesa, s/ sal, (batata inglesa, margarina, leite, c/ linguiça calabresa, s/ sal),",Vegetais e derivados,100,3.70,9.21,5.12,1.18
C0169A,"Torrada, trigo, tradicional,",Cereais e derivados,395,11.5,72.3,6.39,1.28
C0625A,"Risoto de camarão, c/ arroz polido, c/ sal, (arroz polido, camarão, vinho branco, tomate, queijo parmesão, c/ azeite de oliva, manteiga, cebola e alho, c/ sal),",Cereais e derivados,156,8.97,11.1,7.83,0.71
C0026B,"Jiló, c/ casca, cru, Solanum gilo,",Vegetais e derivados,23,1.40,1.36,0.22,4.83
C0231C,"Suco natural, cajá (tapereba), s/ açúcar,",Frutas e derivados,11,0.24,2.01,0.07,0.54
C0380F,"Carne, boi, filé mignon, s/ gordura, grelhada, c/ manteiga, c/ sal,",Carnes e derivados,264,29.6,0.00,16.2,0.00
C0952F,"Carne, boi, baço, cozido, s/ óleo, s/ sal,",Carnes e derivados,138,25.0,0.00,4.20,0.00
C0612B,"Salada, palmito, s/ óleo, s/ sal,",Vegetais e derivados,25,2.44,1.57,0.34,3.12
C0896A,"Sonho, assado, c/ recheio de creme, polvilhado c/ açúcar e canela, (farinha de trigo, ovo, margarina, leite, sal, fermento químico, c/ açúcar e canela),",Cereais e derivados,320,6.42,60.8,5.45,1.27
C0026D,"Óleo, cação, fígado (média de diferentes amostras),",Gorduras e óleos,900,0.00,0.00,100.0,0.00
C0021L,"Vinagre, maçã,",Miscelâneas,24,0.00,6.02,0.00,0.00
C0598F,"Carne, boi, filé mignon, s/ gordura, à milanesa (ovo e farinha de rosca), frita (c/ óleo de soja), s/ sal, Bos taurus,",Carnes e derivados,275,26.3,7.50,15.4,0.48
C0151N,"Papa de peito de frango, batata e cenoura, c/ caldo de frango, c/ cebola, s/ óleo, s/ sal,",Alimentos para fins especiais,78,13.3,2.73,1.34,0.78
C0137H,"Bebida alcóolica, cuba libre, (rum, suco de limão, refrigerante tipo cola),",Bebidas,88,0.03,6.79,0.00,0.04
C0807B,"Pirão, c/ caldo de peixe, c/ sal, (caldo de peixe, farinha de mandioca (aipim, macaxeira), extrato de tomate, tomate, pimentão, cebolinha, c/ pimenta-do-reino, c/ sal),",Vegetais e derivados,47,1.12,9.56,0.26,1.07
C0454B,"Salada, folhas e vegetais, c/ muçarela de búfala, c/ azeite de oliva, s/ sal, (rúcula, tomate seco, muçarela de búfala, c/ azeite de oliva, s/ sal),",Vegetais e derivados,272,7.71,7.43,23.1,1.63
C0503E,"Peixe, água doce, Arraia (Raia), filé, frito (c/ óleo de soja), s/ sal, Paratrygon eiereba e Potamotrygon motoro,",Pescados e frutos do mar,132,20.0,0.38,5.60,0.00
C0133N,"Papa de feijão carioca, macarrão e chicória, c/ caldo de frango, c/ cebola, c/ óleo de soja, s/ sal,",Alimentos para fins especiais,82,3.33,8.50,2.99,3.88
C0507A,"Tabule, quinoa, s/ sal, (quinoa cozida, cebola, suco de limão, pepino, tomate, salsa, hortelã, c/ azeite de oliva, s/ sal),",Vegetais e derivados,82,2.30,8.15,4.07,2.04
C0112T,"Orelha-de-padre, semente, seca, cru, Lablab purpureus (L) Sweet,",Leguminosas e derivados,316,23.2,44.2,1.51,16.2
C0701F,"Carne, porco, lombo, empanada (farinha de trigo), frita (c/ óleo de soja), c/ sal, Sus ssp,",Carnes e derivados,340,27.0,7.26,22.5,0.26
C0901A,"Arroz de coco, c/ arroz integral, c/ sal, (arroz integral cozido, c/ coco e leite de coco, c/ óleo, cebola e alho, c/ sal),",Cereais e derivados,163,2.39,16.1,9.47,2.17
C0116G,"Iogurte, natural, c/ granola, caseira, simples (aveia em flocos, flocos de milho, semente de linhaça, castanha de caju e Brasil, damasco seco, uva passa e canela em pó),",Leite e derivados,123,5.34,15.3,4.15,1.73
C0303N,"Papa de feijão preto, batata, abóbora (jerimum) e cenoura, c/ caldo de frango, c/ cebola e óleo de soja, s/ sal,",Alimentos para fins especiais,63,2.85,5.02,2.39,4.84
C0232E,"Peixe, água salgada, pescada, branca, assado/grelhado, c/ vegetais (cebola, cenoura, vagem, abobrinha), c/ óleo, s/ sal,",Pescados e Frutos do mar,134,16.6,0.67,7.16,0.40
C0868B,"Purê, batata baroa (mandioquinha, batata salsa), c/ sal, (batata baroa (mandioquinha, batata salsa), leite, c/ manteiga, c/ sal),",Vegetais e derivados,107,1.04,15.2,4.36,1.49
C0101F,"Empada de frango, pré-cozida, assada,",Carnes e derivados,358,6.94,47.5,15.6,
C0136H,"Coquetel de frutas, sem álcool, (leite condensado, creme de leite, xarope de frutas, suco de abacaxi, uva, goiaba e pêssego),",Bebidas,106,1.76,15.5,4.93,0.78
C0742B,"Sopa, mandioca (aipim, macaxeira), c/ charque (carne seca, carne de sol, jaba), c/ sal, (mandioca (aipim, macaxeira), c/ caldo de vegetais, charque (carne seca, carne de sol, jaba), salsa, c/ óleo, cebola e alho, c/ sal),",Vegetais e derivados,88,4.68,12.2,2.09,0.95
C0747B,"Sopa/creme, tomate, s/ sal, (tomate, manjericão, c/ caldo de legumes, c/ molho branco (farinha de trigo, manteiga e leite), c/ óleo, cebola e alho, s/ sal),",Vegetais e derivados,56,1.50,4.76,3.30,0.50
C1039F,"Carne, peru, coxa, cozida, refogado (c/ óleo de soja, cebola e alho), c/ sal, Meleagris gallopavo,",Carnes e derivados,193,22.6,0.56,11.2,0.12
C0361F,"Carne, boi, acém moída, cozida, c/ vegetais - cenoura, chuchu, vagem, c/ óleo, cebola e alho, s/ sal,",Carnes e derivados,154,17.8,1.66,8.35,0.71
C0996A,"Arroz selvagem, cozido, c/ óleo, cebola e alho, s/ sal,",Cereais e derivados,110,3.94,19.2,1.53,1.85
C0035J,"Omelete, vegetais, c/ sal, (ovo de galinha, tomate, champignon paris, salsa, cebolinha verde, c/ óleo, cebola e alho, c/ sal),",Ovos e derivados,122,7.85,2.86,8.63,0.65
C0543N,"Papa de carne bovina moída (patinho), cará e brócolis, c/ caldo de carne, c/ cebola, s/ óleo, s/ sal,",Alimentos para fins especiais,99,13.8,4.06,2.76,1.32
C0486F,"Ensopado, c/ linguiça calabresa e legumes, c/ sal, (linguiça calabresa, legumes - cenoura, vagem, abobrinha, salsa, cebolinha, c/ molho de tomate (tomate, c/ óleo, cebola e alho), c/ sal),",Carnes e derivados,124,7.55,2.29,9.05,1.42
C0516N,"Papa de carne bovina moída (patinho) e abóbora cabotian (japonesa), c/ caldo de carne, c/ cebola e óleo de soja, s/ sal,",Alimentos para fins especiais,118,14.2,3.58,5.03,1.02
C0172E,"Peixe, água salgada, pescadinha, assado/grelhado, s/ óleo, c/ sal, Cynoscion striatus,",Pescados e Frutos do mar,93,20.0,0.00,1.48,0.00
C0251E,"Sopa, pescados e frutos do mar (Sopa Leão Veloso), c/ sal, (pescado, água salgada, cação, camarão, lula, siri, mexilhão, tomate, pimentão amarelo e vermelho, c/ caldo de peixe, c/ óleo, cebola e alho, c/ sal),",Pescados e Frutos do mar,51,8.11,1.49,1.32,0.38
C0126N,"Papa de batata, cenoura e carne moída (acém), c/ caldo de frango, c/ cebola, s/ óleo, c/ sal,",Alimentos para fins especiais,91,10.3,3.26,3.89,0.86
C0005A,"Milho, pipoca, grão, cru (média diferentes amostras), Zea mays,",Cereais e derivados,355,10.0,65.2,3.47,11.2
C0111N,"Papa de feijão carioca, macarrão e chicória, c/ caldo de frango, c/ cebola, c/ óleo de soja, c/ sal,",Alimentos para fins especiais,82,3.33,8.48,2.99,3.87
C0991A,"Salgado, massa folhada, c/ recheio de linguiça calabresa e creme de queijo (Tipo Catupiry),",Cereais e derivados,454,7.98,33.3,31.8,1.16
C0536E,"Peixe, água doce, Tucunaré, filé, grelhado, s/ óleo, s/ sal, Cichla ocellaris,",Pescados e frutos do mar,123,24.9,0.74,2.29,0.00
C0033K,"Torta, mousse , chocolate c/ baunilha, Sadia,",Produtos açucarados,341,5.18,35.4,19.8,0.12
C0235A,"Macarrão, trigo, integral, c/ molho de tomate (tomate, c/ óleo, cebola e alho), c/ sal,",Cereais e derivados,113,4.27,19.1,1.50,3.31
C0174E,"Peixe, água salgada, pescadinha, cozido, drenado, s/ óleo, c/ sal, Cynoscion striatus,",Pescados e Frutos do mar,87,18.6,0.88,1.37,0.00
C1077A,"Torta, c/ vegetais, c/ farinha de trigo, vegana, c/ sal, (farinha de trigo, amido de milho, bebida vegetal à base de castanha de caju, óleo de soja, milho, ervilha, tomate, brócolis, azeitona, salsinha e cebolinha, vinagre de maçã, fermento químico, c/ sal),",Cereais e derivados,259,5.41,27.8,13.6,1.86
C0866F,"Carne, tartaruga, jabuti, cozida, s/ óleo, s/ sal,",Carnes e derivados,158,33.9,0.00,2.50,0.00
C0244B,"Mostarda, cozida, drenada, c/ óleo de soja, c/ sal, Brassica juncea (L.),",Vegetais e derivados,48,2.16,2.29,2.90,2.23
C0344N,"Creme de manga, c/ morango, c/ iogurte integral, s/ açúcar,",Alimentos para fins especiais,51,2.01,7.51,1.19,1.14
C0158B,"Chicória, refogada (c/ óleo, cebola e alho), s/ sal, Cichorium endivia L.,",Vegetais e derivados,35,2.09,1.57,1.45,3.88
C0164A,"Pastel, massa fresca, c/ recheio de queijo, cru, caseiro, (massa - farinha de trigo, margarina, água e sal, queijo muçarela),",Cereais e derivados,308,9.85,44.8,9.63,1.11
C0102N,"Papa de carne bovina moída (acém), fubá e couve, c/ caldo de frango, c/ cebola e óleo de soja, c/ sal,",Alimentos para fins especiais,128,10.8,7.01,6.10,0.90
C0124K,"Waffle (farinha de trigo, amido de milho, leite, manteiga, ovos, fermento químico, c/ sal, c/ açúcar), c/ morango, c/ mel,",Produtos açucarados,253,5.92,37.6,8.40,1.46
C0248C,"Murici (mirici, muricizinho), polpa, s/ casca, in natura, Byrsonima crassifolia,",Frutas e derivados,90,0.88,12.5,2.58,6.80
C0049J,"Ovos Benedict, c/ lombo canadense, s/ sal, (pão forma integral, ovo cozido, lombo canadense, molho holandês, salsa, c/ pimenta-do-reino, s/ sal),",Ovos e derivados,230,13.5,11.8,14.0,1.42
C0372A,"Sanduíche, peito de frango grelhado (c/ pão de hambúrguer) , c/ queijo prato, c/ maionese,",Cereais e derivados,256,18.4,21.7,10.3,1.10
C0109F,"Carne, frango, coxa, s/ pele, cozida, s/ óleo, s/ sal, Gallus gallus,",Carnes e derivados,160,26.8,0.00,5.85,0.00
C0005H,"Bebida alcoólica, destilada (gim, rum, vodka, whisky) (teor alcoólico 42%),",Bebidas,295,0.00,0.00,0.00,0.00
C0054F,"Carne, boi, acém, moída, crua, Bos taurus,",Carnes e derivados,132,19.4,0.00,5.45,0.00
C0741A,"Pastel de forno, recheado c/ carne, assado, (farinha de trigo, manteiga, ovo, carne moída (acém) refogada (c/ óleo, cebola e alho), c/ sal),",Cereais e derivados,467,12.2,36.6,29.9,1.32
C0437E,"Peixe, água salgada, porquinho, à milanesa (farinha de rosca e ovo), frito (c/ óleo de soja), s/ sal, Prochilodus spp.,",Pescados e Frutos do mar,267,25.1,14.3,12.0,0.96
C0633A,"Rondele, frios, s/ molho, caseiro, (massa com farinha de trigo, c/ muçarela, presunto),",Cereais e derivados,197,14.0,13.6,9.49,0.65
C0151C,"Suco, polpa, congelada, preparado, cupuaçu, s/ açúcar,",Frutas e derivados,11,0.18,2.06,0.12,0.33
C0306N,"Papa de feijão preto, batata, abóbora (jerimum) e cenoura, c/ caldo de frango, c/ cebola, s/ soja, c/ sal,",Alimentos para fins especiais,45,2.87,5.02,0.39,4.84
C0264N,"Papa de peito de frango e batata doce, c/ caldo de frango, c/ cebola, s/ óleo, c/ sal,",Alimentos para fins especiais,116,13.7,11.4,1.40,1.50
C0228C,"Araça, polpa, com casca, sem semente, in natura, Psidium cattleianum,",Frutas e derivados,47,1.00,8.00,0.20,4.50
C0016F,"Carne, avestruz, leque, crua, Struthio camelus African Black,",Carnes e derivados,137,30.1,0.40,1.63,0.00
C0119F,"Carne, frango, coração, crua, Gallus gallus,",Carnes e derivados,190,12.1,0.00,15.7,0.00
C0257E,"Moqueca de lagosta, c/ sal, (lagosta, pimentão, coentro, leite de coco, azeite de dendê, c/ óleo, cebola e alho, c/ sal),",Pescados e Frutos do mar,114,14.1,1.52,4.56,1.37
C0303A,"Sanduíche, pão forma tradicional, c/ presunto, c/ manteiga,",Cereais e derivados,268,10.4,27.9,12.4,1.49
C0147E,"Peixe, água salgada, corvina do mar, cozido, drenado, s/ óleo, c/ sal, Micropogonias furnieri,",Pescados e Frutos do mar,116,23.2,0.00,2.55,0.00
C0085B,"Coentro, folhas, desidratadas, Coriandrum sativum L.,",Vegetais e derivados,294,20.9,10.7,10.4,37.3
C0397E,"Peixe, água salgada, corvina do mar, ensopado (c/ cebola, tomate e pimentão), c/ óleo, s/ sal, Micropogonias furnieri,",Pescados e Frutos do mar,143,19.7,0.55,6.73,0.51
C0126B,"Sopa, creme, ervilha, industrializada, desidratada, preparada,",Vegetais e derivados,30,0.96,3.47,1.11,1.18
C0069T,"Vagem, manteiga, crua, Phaseolus vulgaris L.,",Leguminosas e derivados,24,1.77,2.74,0.16,2.46
C0734F,"Carne, boi, de segunda (acém, costela, músculo, paleta), refogada/ensopada (c/ óleo, cebola e alho), c/ sal, Bos taurus,",Carnes e derivados,201,27.8,0.60,9.73,0.13
C0224T,"Feijão preto, c/ beterraba, c/ óleo, cebola e alho, c/ sal,",Leguminosas e derivados,63,3.58,5.54,1.50,6.51
C1102A,"Macarrão, trigo integral, c/ carne bovina músculo, salsa, pimenta-do-reino, c/ manteiga, cebola e alho, c/ sal,",Cereais e derivados,157,9.77,16.5,5.18,2.64
C0108G,"Vitamina, leite de vaca integral c/ manga, c/ açúcar,",Leite e derivados,84,2.13,13.6,2.25,0.58
C0138C,"Suco natural, laranja e cenoura, c/ açúcar,",Frutas e derivados,87,0.75,20.5,0.10,0.76
C0037H,"Bebida alcoólica, vinho, tinto (média diferentes amostras),",Bebidas,87,0.07,2.05,0.00,0.00
C0190N,"Papa de carne bovina moída (acém) e abóbora cambotian (japonesa), c/ caldo de frango, c/ cebola e óleo de soja, s/ sal,",Alimentos para fins especiais,118,11.0,3.69,6.33,1.02
C0689A,"Pizza, doce, brigadeiro c/ morango, caseira, (massa (farinha de trigo, óleo, fermento biológico, sal e açúcar), brigadeiro, c/ morango),",Cereais e derivados,282,7.54,52.0,4.52,1.44
C0030B,"Pepino, c/ casca, cru, Cucumis sativus l.,",Vegetais e derivados,10,0.70,1.20,0.09,1.04
C0051G,"Queijo, ricota,",Leite e derivados,139,12.6,3.79,8.11,
C0128E,"Peixe, água salgada, abadejo, filé, cozido, c/ molho de tomate (tomate, c/ óleo, cebola e alho), c/ sal, Genypterus blacodes,",Pescados e Frutos do mar,67,13.0,0.36,1.40,0.51
C0599A,"Macarrão, trigo integral, c/ vegetais, s/ sal, (massa com trigo integral, pimentão vermelho e amarelo, abobrinha, brocólis, cenoura, c/ óleo, cebola e alho, s/ sal),",Cereais e derivados,99,3.84,16.9,1.12,3.11
C0364F,"Carne, boi, acém moída, cozida, c/ azeitona, milho verde, ovo cozido, c/ óleo, cebola e alho, c/ sal,",Carnes e derivados,190,18.9,2.48,11.3,1.05
C0061K,"Maria mole (média de diferentes sabores),",Produtos açucarados,287,3.48,67.5,0.23,0.65
C0628B,"Salada, repolho roxo cru, c/ óleo de soja, c/ sal,",Vegetais e derivados,73,1.15,2.99,5.92,1.58
C0373F,"Carne, boi, fígado, grelhada, c/ óleo e cebola, s/ sal,",Carnes e derivados,219,28.5,4.40,9.72,0.12
C0853A,"Macarrão, trigo, c/ linguiça calabresa, salsa, cebolinha, c/ molho de tomate (tomate, c/ óleo, cebola e alho), c/ sal,",Cereais e derivados,133,5.19,18.0,4.23,1.12
C0756F,"Carne, boi, fígado, refogada (c/ óleo, cebola e alho), s/ sal, Bos taurus,",Carnes e derivados,194,21.8,7.92,8.27,0.14
C1109B,"Erva-doce, bulbo, cru, Foeniculum vulgare,",Vegetais e derivados,30,1.24,4.21,0.20,3.10
C0358F,"Carne, boi, acém moída, cozida, c/ batata, c/ óleo, cebola e alho, c/ sal,",Carnes e derivados,169,19.2,3.26,8.75,0.49
C0142B,"Sopa, batata inglesa, s/ sal, (batata, água, c/ óleo, cebola e alho, s/ sal), Solanum tuberosum L.,",Vegetais e derivados,45,0.95,7.10,1.24,1.02
C1024F,"Carne, frango, miúdo, coração, a milanesa, c/ sal, (carne, frango, miúdo, coração, farinha de trigo, farinha de rosca, ovo, frito (c/ óleo de soja), c/ sal), Gallus gallus domesticus,",Carnes e derivados,337,15.4,14.0,24.2,0.71
C0010R,"Flan, em pó,",Alimentos industrializados,391,0.55,94.4,0.76,2.28
C0503F,"Sopa, carne bovina, c/ vegetais, c/ sal, (carne bovina (músculo), c/ cenoura, chuchu, abóbora e batata, c/ caldo de carne, c/ óleo, cebola e alho, c/ sal),",Vegetais e derivados,80,8.71,2.45,3.73,0.81
C0620B,"Salada, vegetais crus, s/ óleo, s/ sal, (nabo, cenoura e beterraba, s/ óleo, s/ sal),",Vegetais e derivados,35,1.44,5.53,0.12,2.91
C0446A,"Empada, camarão, caseira, assada, (massa (farinha de trigo, margarina, ovo e sal), c/ camarão refogado (c/ óleo, cebola e alho), c/ sal),",Cereais e derivados,338,7.89,34.9,18.1,2.09
C0656B,"Salada, trigo em grão, c/ azeite de oliva, c/ sal, (trigo em grão cozido, tomate, cebola, salsa, suco de limão, c/ azeite de oliva, c/ sal),",Vegetais e derivados,79,2.32,9.65,2.77,3.16
C0820A,"Prato de comida brasileiro (região Centro-oeste), 90 g de arroz, polido, cozido + 140 g de feijão, preto, cozido (50% grão e 50% caldo) + 35 g de carne, boi, quarto traseiro, s/ gordura + 80g de tomate, in natura - c/ óleo, cebola e alho, c/ sal),",Cereais e derivados,96,5.70,10.2,2.66,3.97
C0745F,"Carne, frango, asa, c/ pele, à milanesa (ovo e farinha de rosca), frita (c/ óleo de soja), s/ sal, Gallus gallus,",Carnes e derivados,395,22.6,14.7,27.1,0.96
C0474B,"Pimentão, assado, s/ óleo, c/ sal, Capsicum annuum L.,",Vegetais e derivados,25,1.14,3.70,0.28,1.74
C0470F,"Lagarto recheado com cenoura, s/ sal, (carne, boi, lagarto, cozida, c/ cenoura, c/ molho de tomate (tomate, c/ óleo, cebola e alho), s/ sal),",Carnes e derivados,166,23.3,1.04,7.45,0.73
C0724F,"Carne, frango, caipira, inteiro, cozida, c/ molho branco (farinha de trigo, manteiga e leite), c/ sal (média de amostras c/ e s/ pele), Gallus gallus,",Carnes e derivados,203,22.4,3.20,11.2,0.05
C0598A,"Macarrão, trigo integral, c/ vegetais, c/ sal, (massa com trigo integral, pimentão vermelho e amarelo, abobrinha, brocólis, cenoura, c/ óleo, cebola e alho, c/ sal),",Cereais e derivados,99,3.82,16.8,1.11,3.09
C0249B,"Maxixe, c/ casca, cozido, drenado, c/ óleo de soja, s/ sal, Cucumis anguria,",Vegetais e derivados,41,1.95,1.12,2.49,3.07
C0526F,"Carne desfiada (carne louca), c/ sal, (carne, boi, acém, s/ gordura, cozida, c/ pimentão, cebolinha, pimenta do reino, c/ molho de tomate (tomate, c/ óleo, cebola e alho), c/ sal),",Carnes e derivados,223,17.5,4.82,14.6,1.16
C0069B,"Caruru, folha, crua, Amaranthus deflexus L.,",Vegetais e derivados,33,3.20,1.50,0.58,4.47
C0044C,"Mamão, Papaia, polpa, in natura, Carica papaya L.,",Frutas e derivados,43,0.50,9.19,0.20,1.03
C0004B,"Abóbora, moranga, s/ casca, s/ sementes, crua, Curcubita spp.,",Vegetais e derivados,16,1.12,1.44,0.13,2.22
C0011F,"Carne, avestruz, crua (média de diferentes cortes), Struthio camelus African Black,",Carnes e derivados,141,30.0,0.71,2.00,0.00
C0828B,"Pimenta, vermelha, caiena, in natura, Capsicum annuum Capsicum frutescens,",Vegetais e derivados,376,12.0,29.4,17.3,27.2
C0079B,"Rabanete, c/ casca, cru, Raphanus sativus L.,",Vegetais e derivados,14,1.13,1.20,0.08,1.81
C0597A,"Macarrão, trigo, c/ vegetais,  s/ sal, (massa com trigo, pimentão vermelho e amarelo, abobrinha, brocólis, cenoura, c/ óleo, cebola e alho, s/ sal),",Cereais e derivados,101,2.90,19.1,1.12,1.30
C0089F,"Carne, cabrito, crua (média de diferentes cortes), Capra hirbus,",Carnes e derivados,120,19.3,0.09,4.69,0.00
C0025R,"Gelatina, maracujá, em pó, Ducoco,",Alimentos industrializados,392,8.86,89.2,0.00,0.08
C0047E,"Peixe, água salgada, cação, cru (média de diferentes espécies), Carcharhinus plumbeus,",Pescados e Frutos do mar,83,17.3,1.87,0.67,0.00
C0219N,"Papa de carne bovina moída (acém), abóbora (jerimum) e chuchu, c/ caldo de frango, c/ cebola e óleo de soja, c/ sal,",Alimentos para fins especiais,112,10.8,2.84,6.22,0.83
C0024N,"Pudim, caramelo, mistura p/, diet, Ducoco,",Alimentos para fins especiais,363,1.11,88.4,0.23,1.28
C0210N,"Papa de feijão carioca, ovo e macarrão, c/ caldo de frango, c/ cebola, s/ óleo, c/ sal,",Alimentos para fins especiais,85,5.32,7.66,3.07,2.66
C0089T,"Fava, grão, seco, cozida (grão e água), c/ óleo, cebola e alho, c/ sal, Vicia faba L.,",Leguminosas e derivados,78,5.39,8.56,1.49,4.42
C0081F,"Carne, boi, salgada, crua (média várias amostras: charque, seca, jerked beef), Bos taurus,",Carnes e derivados,273,22.3,0.00,20.4,0.00
C0193N,"Papa de carne bovina moída (acém) e abóbora cambotian (japonesa), c/ caldo de frango, c/ cebola, s/ óleo, s/ sal,",Alimentos para fins especiais,102,11.3,3.78,4.44,1.05
C0362N,"Papa de arroz polido, feijão preto e carne bovina moída (acém), c/ caldo de frango, c/ cebola e azeite de oliva, c/ sal,",Alimentos para fins especiais,125,10.2,6.93,5.72,2.70
C0738F,"Salsicha, tradicional, c/ molho de tomate (tomate, c/ óleo, cebola e alho), c/ sal,",Carnes e derivados,224,11.4,7.24,16.5,0.60
C0264F,"Carne, boi, quarto traseiro, s/ gordura, cozida, c/ batata e vegetais - cenoura, chuchu, vagem, c/ óleo, cebola e alho, c/ sal,",Carnes e derivados,149,19.4,2.26,6.82,0.70
C0362F,"Carne, boi, acém moída, cozida, c/ cenoura, abobrinha, milho, ervilha, c/ óleo, cebola e alho, c/ sal,",Carnes e derivados,149,15.8,4.03,7.39,1.44
C0113K,"Rocambole (farinha de trigo, ovo, leite, manteiga, açúcar e fermento químico), recheado com doce de leite e  nozes, c/ cobertura de açúcar,",Produtos açucarados,424,6.97,54.1,19.7,1.05
C0602B,"Salada, chicória, c/ molho vinagrete (tomate, cebola, salsa, vinagre e azeite de oliva) s/ sal,",Vegetais e derivados,30,1.08,1.38,1.81,1.96
C0254B,"Salada, maxixe, maduro, c/ casca, cru, c/ molho vinagrete (tomate, cebola, salsinha, vinagre e azeite), c/ sal, Cucumis anguria,",Vegetais e derivados,43,0.88,2.69,2.68,2.21
C0587N,"Papa de carne moída bovina (patinho), feijão carioca, batata, abóbora (jerimum) e cenoura, c/ caldo de carne, c/ cebola e óleo de soja, s/ sal,",Alimentos para fins especiais,110,12.2,3.96,4.64,1.87
C1047B,"Ora-pro-nobis, folhas e talos, cozido, s/ óleo, c/ sal,",Vegetais e derivados,37,2.98,2.99,0.26,5.61
C0240B,"Taioba, folha, refogada (c/ óleo, ceboha e alho), c/ sal, Xanthosoma sagittifolium Schott,",Vegetais e derivados,68,4.45,2.97,2.78,6.81
C0567F,"Carne, caça (esquilo), crua, Sciuridae,",Carnes e derivados,114,21.2,0.00,3.21,0.00
C0034C,"Uva, Itália, in natura, Vitis vinifera L. Itália,",Frutas e derivados,57,0.77,12.6,0.19,0.92
C0242A,"Sanduíche, cachorro quente (c/ pão hot dog e salsicha), c/ milho, ervilha, batata palha e molho de tomate,",Cereais e derivados,203,7.46,23.1,8.25,3.42
C0309A,"Sanduíche, pão forma integral, c/ presunto, c/ margarina,",Cereais e derivados,245,10.9,24.6,10.8,2.94
C0985F,"Quibe com carne bovina, c/ quinoa, assado, s/ sal , (quinoa, alho, cebola, carne bovina moída (patinho), hortelã, pimenta do reino, s/ sal),",Carnes e derivados,165,21.6,7.66,5.02,1.38
C1057A,"Sopa, macarrão, c/ vegetais, s/ sal, (macarrão, c/ batata, abobrinha, chuchu, repolho e purê de tomate, c/ caldo de carne, c/ óleo, cebola e alho, s/ sal),",Cereais e derivados,65,1.92,11.4,1.00,1.10
C0408B,"Salada, vegetais crus, c/ óleo de soja, c/ sal, (tomate, cebola, c/ óleo de soja, c/ sal),",Vegetais e derivados,64,1.12,3.05,4.90,1.60
C0140H,"Coquetel de frutas, com álcool, (leite condensado, xarope de frutas, suco de abacaxi, uva, goiaba e pêssego, aguardente (cachaça)),",Bebidas,158,2.42,24.6,1.95,1.30
C0349B,"Inhame, s/ casca, refogado (c/ óleo, cebola e alho), c/ sal, Colocasia esculenta,",Vegetais e derivados,99,2.34,18.6,1.34,1.67
C0135T,"Sopa/creme, ervilha, s/ sal, (ervilha, c/ caldo de vegetais, c/ molho branco (leite, manteiga e farinha de trigo), c/ óleo e cebola, s/ sal),",Leguminosas e derivados,89,4.06,10.5,2.96,1.98
C0531A,"Arroz com linguiça, c/ arroz polido, s/ sal, (arroz polido, c/ linguiça, tomate, c/ óleo, cebola e alho, s/ sal),",Cereais e derivados,167,6.50,18.1,7.34,1.29
C0913B,"Cenoura, s/ casca, cozida, drenada, s/ óleo, c/ sal, Daucus carota L.,",Vegetais e derivados,17,0.54,2.12,0.19,2.17
C0038G,"Leite, vaca, desnatado, em pó,",Leite e derivados,355,34.4,52.1,1.06,0.00
C0907F,"Carne, frango, pé, cozido, s/ óleo, s/ sal,",Carnes e derivados,210,19.4,0.20,14.6,0.00
C0743A,"Pastel de forno, recheado c/ palmito e requeijão, assado, (farinha de trigo, manteiga, ovo, palmito, requeijão, c/ sal),",Cereais e derivados,438,7.03,37.0,28.7,1.85
C1045B,"Ora-pro-nobis, folhas e talos, in natura, Pereskia aculeata,",Vegetais e derivados,23,2.59,2.60,0.23,4.88
C0018H,"Bebida, chá, infusão, cidreira, planta, folha, s/ açúcar, Lippia alba (Mill.) N.E. Brown,",Bebidas,1,0.00,0.30,0.00,0.00
C0039K,"Chocolate, amargo, 70% cacau, Neugebauer,",Produtos açucarados,577,7.79,35.0,42.6,10.9
C0140N,"Pudim, caramelo, diet, c/ leite desnatado (preparado conforme a embalagem), Oetker,",Alimentos para fins especiais,50,3.07,8.41,0.42,0.08
C0226E,"Molusco, polvo, cozido, s/ óleo, s/ sal, Octopus vulgaris,",Pescados e Frutos do mar,156,29.8,4.40,2.08,0.00
C0822A,"Bolo, cenoura, c/ cobertura de chocolate, caseiro, (bolo - cenoura, farinha de trigo, açúcar, ovo e fermento em pó, c/ óleo, cobertura para bolo - cacau em pó, leite, manteiga e açúcar),",Cereais e derivados,366,5.72,62.0,10.2,2.08
C1002A,"Bolo, laranja, c/ cobertura, de chocolate, caseiro, (bolo - farinha de trigo, achocolatado, açúcar, manteiga, ovo e fermento em pó, cobertura para bolo - cacau em pó, leite, manteiga e açúcar),",Cereais e derivados,293,6.27,47.1,8.37,2.25
C1099B,"Farofa, vegana, c/ farinha de milho, s/ sal, (farinha de milho, tofu, pimentão, tomate, cenoura, azeitona preta, salsinha e cebolinha, páprica, c/ óleo de soja, cebola e alho, s/ sal),",Vegetais e derivados,107,2.38,9.57,6.19,2.13
C0359B,"Berinjela, refogada (c/ óleo, cebola e alho), c/ sal, Solanum melongena L.,",Vegetais e derivados,34,1.28,2.72,1.35,3.17
C0285A,"Sanduíche,  queijo quente, pão forma integral, c/ queijo prato e maionese,",Cereais e derivados,295,13.7,21.2,16.7,2.40
C0364A,"Sanduíche, cachorro quente, (c/ pão para hot dog e salsicha de frango), c/ catchup, mostarda, maionese, milho, ervilha, purê de batata, molho vinagrete e batata palha,",Cereais e derivados,173,5.48,19.5,7.72,2.21
C1110A,"Torta, sardinha, (massa - leite, farinha de trigo, ovo e fermento químico, sardinha, tomate, salsinha em conserva, c/ óleo de soja, cebola e alho, c/ pimenta do reino, c/ sal),",Cereais e derivados,231,11.8,15.0,13.6,0.65
C0521F,"Carne, porco, cozida, c/ batata e vegetais - cenoura, chuchu, vagem, c/ óleo, cebola e alho, c/ sal,",Carnes e derivados,183,18.2,3.12,10.7,0.84
C0272B,"Sopa, legumes, c/ sal, (batata inglesa, cenoura, chuchu, c/ caldo de legumes, c/ óleo, cebola e alho, c/ sal),",Vegetais e derivados,31,0.63,3.61,1.28,1.06
C0222N,"Papa de carne bovina moída (acém), abóbora (jerimum) e chuchu, c/ caldo de frango, c/ cebola, s/ óleo, c/ sal,",Alimentos para fins especiais,95,10.8,2.96,4.23,0.87
C0089K,"Canudinho, c/ recheio de creme de coco, (farinha de trigo, ovo, leite, leite condensado, amido de milho, coco, óleo de soja e açúcar),",Produtos açucarados,267,6.49,41.0,8.28,1.17
C0014C,"Goiaba, inteira, in natura, Psidium guajava L.,",Frutas e derivados,50,0.86,7.65,0.53,5.78
C0298C,"Laranja, casca, in natura, Citrus spp.,",Frutas e derivados,87,1.50,14.4,0.20,10.6
C0026H,"Bebida, infusão, mastruço, planta, folha, s/ açúcar, Chenopodium ambrosioides L.,",Bebidas,1,0.00,0.30,0.00,0.00
C0293B,"Batata, inglesa, cozida, s/ casca, c/ molho branco (leite, farinha de trigo e manteiga), c/ sal, Solanum tuberosum L.,",Vegetais e derivados,80,2.15,11.8,2.37,1.22
C1072A,"Bolo de cenoura, s/ glúten, s/ lactose, caseiro, (cenoura, farinha de arroz, óleo de soja, ovo, fermento químico, c/ sal, c/ açúcar),",Cereais e derivados,418,3.80,56.0,19.6,1.19
C0496B,"Salada, beterraba cozida, cebola, c/ molho de salada - salsa, suco de limão, azeite de oliva, c/ sal,",Vegetais e derivados,61,1.40,5.07,3.49,1.97
C0237B,"Taioba, folha, cozida, drenada, s/ óleo, s/ sal, Xanthosoma sagittifolium Schott,",Vegetais e derivados,41,3.25,1.79,1.20,5.05
C0424F,"Carne, boi, músculo, s/ gordura, cozida, c/ cenoura e ervilha, c/ molho de tomate (tomate, c/ óleo, cebola e alho), s/ sal,",Carnes e derivados,138,17.6,3.31,5.69,1.55
C0039R,"Maria mole, morango, em pó, Ducoco,",Alimentos industrializados,382,25.3,69.8,0.00,0.67
C0373N,"Papa de arroz polido, feijão carioca e carne, c/ caldo de frango, c/ cebola, s/ óleo, s/ sal,",Alimentos para fins especiais,113,10.3,7.74,4.05,2.27
C0171K,"Bombom, chocolate ao leite, recheado c/ amendoim e castanha de caju, Crocante, Garoto,",Produtos açucarados,515,8.80,58.6,26.4,4.00
C0564A,"Canelone, c/ carne moída refogada, caseiro, c/ sal, (massa com farinha de trigo, carne bovina, acém moído, refogado (c/ óleo, cebola e alho), c/ sal),",Cereais e derivados,192,17.6,12.7,7.70,0.73
C0444A,"Empada, queijo minas, caseira, assada, (massa (farinha de trigo, margarina, ovo e sal), c/ queijo minas, leite, margarina, c/ sal),",Cereais e derivados,422,12.0,34.9,25.8,1.16
C0195T,"Feijão, preto, cozido (50% grão e 50% caldo), c/ carne de boi, músculo, s/ gordura, c/ óleo, cebola e alho, s/ sal,",Leguminosas e derivados,103,11.0,4.54,3.23,6.02
C0612F,"Carne, bovina, alcatra, refogada (c/ óleo, cebola e alho), c/ sal, Bos taurus,",Carnes e derivados,203,28.2,0.61,9.76,0.13
C0259B,"Repolho, branco, cozido, c/ molho branco (leite, manteiga e farinha de trigo), s/ sal, Brassica oleracea L. var. capitata,",Vegetais e derivados,57,2.33,5.45,2.61,1.08
C0156H,"Bebida, cerveja, sem álcool,",Bebidas,36,0.21,8.10,0.12,0.00
C0751F,"Carne, boi, fígado, grelhada, s/ óleo, c/ sal, Bos taurus,",Carnes e derivados,216,29.7,4.18,8.97,0.00
C0385B,"Salada, bacalhau com batata, c/ azeite de oliva, c/ sal, (bacalhau dessalgado cozido, batata cozida, pimentão verde e vermelho, alho, salsa, c/ azeite de oliva, c/ sal),",Vegetais e derivados,136,10.2,4.60,8.24,1.06
C0730B,"Caldo de vegetais, caseiro, s/ óleo, s/ sal, (cebola, cenoura, aipo (salsão), alho-poró e alho, s/ óleo, s/ sal),",Vegetais e derivados,6,0.22,0.99,0.03,0.32
C0188A,"Baião de dois, arroz e feijão de corda, c/ sal, (feijão de corda, arroz branco polido, toucinho defumado (bacon), cebola, alho, coentro, queijo coalho, s/ óleo, c/ sal),",Cereais e derivados,126,5.17,19.1,2.30,3.98
C0119A,"Macarrão, trigo, c/ ovos, seco, cru,",Cereais e derivados,361,10.3,74.3,1.97,2.30
C1137A,"Torrada, caseira, (farinha de trigo, farinha de arroz, farinha de milho, leite em pó, açúcar, sal e fermento biológico),",Cereais e derivados,375,9.68,70.1,5.91,1.27
C0063C,"Maçã, Argentina, c/ casca, in natura, Malus domestica,",Frutas e derivados,65,0.22,14.6,0.25,2.03
C0739F,"Carne, frango, asa, c/ pele, cozida (líquido do cozimento excluído), s/ óleo, s/ sal, Gallus gallus,",Carnes e derivados,223,21.0,0.00,15.4,0.00
C0188F,"Linguiça, frango, grelhada,",Carnes e derivados,242,18.2,1.00,18.4,
C0957F,"Sopa, peito de frango, c/ macarrão, c/ vegetais, c/ sal, (peito de frango, c/ macarrão, c/ batata, abóbora (jerimum), espinafre, purê de tomate, c/ caldo de frango, c/ óleo, cebola e alho, c/ sal),",Carnes e derivados,69,7.69,5.69,1.57,0.94
C1079A,"Torta, c/ vegetais, c/ farinha de trigo, vegana, s/ sal, (farinha de trigo, amido de milho, bebida vegetal à base de castanha de caju, óleo de soja, milho, ervilha, tomate, brócolis, azeitona, cheiro verde, vinagre de maçã, fermento químico, s/ sal),",Cereais e derivados,260,5.44,27.9,13.7,1.87
C0105F,"Carne, frango, caipira, inteiro, s/ pele, cozida, s/ óleo, s/ sal, Gallus gallus,",Carnes e derivados,188,29.6,0.21,7.70,0.00
C0407E,"Peixe, água salgada, atum, cozido, ao molho branco (farinha de trigo, manteiga e leite), s/ sal, Thunnus thynnus,",Pescados e Frutos do mar,141,25.8,2.33,3.17,0.05
C0028U,"Bebida vegetal, à base de castanha de caju,",Sementes e Oleaginosas,123,4.14,3.99,9.91,0.82
C0827A,"Croissant, assado, c/ recheio, de muçarela e presunto,",Cereais e derivados,357,11.7,37.2,17.7,1.18
C0057T,"Tremoço, cru, Lupinus albus,",Leguminosas e derivados,328,33.6,9.05,10.3,32.3
C0610F,"Carne, boi, alcatra, à milanesa (ovo e farinha de rosca), frita (c/ óleo de soja), c/ sal, Bos taurus,",Carnes e derivados,282,26.0,7.46,16.3,0.48
C0462B,"Aspargo, cozido, drenado, s/ sal, Asparagus officinalis,",Vegetais e derivados,24,2.40,2.11,0.22,2.00
C0371B,"Salada, legumes cozidos, c/ molho de salada, c/ sal, (couve-flor, cenoura, vagem, c/ molho de salada - salsa, suco de limão, azeite de oliva, c/ sal),",Vegetais e derivados,52,1.02,2.68,3.71,2.05
C0018N,"Gelatina, limão, em pó, preparada, diet, Oetker,",Alimentos para fins especiais,12,1.58,1.10,0.10,
C0011B,"Almeirão, cru, Cichorium intybus,",Vegetais e derivados,20,1.78,1.08,0.29,3.04
C0015B,"Beterraba, s/ casca, crua, Beta vulgaris L.,",Vegetais e derivados,46,1.95,7.74,0.09,3.37
C0849B,"Torta de batata com carne, c/ sal, (batata inglesa, leite, amido de milho, ovo, manteiga, carne bovina moída, tomate, salsa e queijo parmesão, c/ óleo, cebola e alho, c/ sal),",Vegetais e derivados,145,9.15,8.77,7.91,1.02
C0071E,"Peixe, água salgada, sardinha, conserva, c/ molho de tomate,",Pescados e Frutos do mar,212,24.8,0.02,12.4,0.22
C0143B,"Sopa, batata inglesa, c/ sal, (batata, água, c/ óleo, cebola e alho, c/ sal), Solanum tuberosum L.,",Vegetais e derivados,45,0.95,7.10,1.24,1.02
C0536N,"Papa de carne bovina moída (patinho), abóbora (jerimum) e chuchu, c/ caldo de carne, c/ cebola, s/ óleo, c/ sal,",Alimentos para fins especiais,96,14.0,2.85,2.94,0.87
C0480F,"Carne, porco, pernil, assada, c/ molho de limão (suco de limão, manteiga e farinha de trigo), c/ óleo, cebola e alho, c/ sal,",Carnes e derivados,273,29.4,5.05,15.0,0.14
C0317N,"Papa de banana, c/ laranja, s/ açúcar,",Alimentos para fins especiais,34,0.74,7.55,0.07,0.00
C0071G,"Queijo, tilst,",Leite e derivados,265,6.92,42.8,26.0,0.00
C0015D,"Manteiga e margarina, s/ sal, Vigor mix,",Gorduras e óleos,720,0.15,0.00,80.0,0.00
C0234F,"Carne, frango, peito, s/ pele, refogado (c/ óleo, cebola e alho), s/ sal, Gallus gallus,",Carnes e derivados,162,29.9,0.61,4.43,0.14
C0629N,"Papa de feijão carioca, batata doce, abóbora cabotian (japonesa) e cenoura, c/ caldo de carne, c/ cebola e óleo de soja, c/ sal,",Alimentos para fins especiais,75,2.83,7.11,2.99,4.04
C0052E,"Peixe, água salgada, pescada branca, cru,",Pescados e Frutos do mar,104,16.0,0.04,4.49,0.00
C1021F,"Carne, frango, miúdos, à milanesa, s/ sal, (carne, frango, miúdos (média de cortes - coração, fígado e moela), farinha de trigo, farinha de rosca, ovo, frito (c/ óleo de soja), s/ sal), Gallus gallus domesticus,",Carnes e derivados,278,19.8,14.6,15.4,0.71
C0734B,"Sopa, vegetais, c/ sal, (cenoura, abobrinha, brócolis e inhame, c/ caldo de carne, c/ óleo, cebola e alho, c/ sal),",Vegetais e derivados,38,1.64,5.00,0.98,1.22
C0838F,"Carne, boi, rabo, cozido, s/ óleo, c/ sal,",Carnes e derivados,349,21.6,0.00,29.2,0.00
C0258E,"Moqueca de lagosta, s/ sal, (lagosta, pimentão, coentro, leite de coco, azeite de dendê, c/ óleo, cebola e alho, s/ sal),",Pescados e Frutos do mar,114,14.1,1.57,4.56,1.37
C0604A,"Macarrão, trigo, c/ frango e cogumelos, c/ sal, (massa com trigo, peito de frango, cogumelo paris e shiitake, salsa, cebolinha, c/ óleo, cebola e alho, c/ sal),",Cereais e derivados,119,6.15,18.8,1.91,1.12
C0252N,"Papa de ovo e batata, c/ caldo de frango, c/ cebola, s/ óleo, c/ sal,",Alimentos para fins especiais,72,4.99,4.79,3.53,0.65
C0881F,"Dobradinha, c/ toucinho defumado (bacon), c/ linguiça calabresa, c/ paio, s/ sal, (feijão branco, bucho bovino, toucinho defumado (bacon), linguiça calabresa, paio, tomate, pimentão, cebolinha e salsinha, c/ óleo, cebola e alho, s/ sal),",Carnes e derivados,186,13.9,8.53,10.2,2.58
C0513E,"Peixe, água doce, Pirarucu, cultivado em Rondonia, ensopado (c/ tomate e pimentão) (a partir do peixe fresco), c/ óleo de soja, cebola e alho, c/ sal (média de peixes com diferentes pesos e cortes), Arapaima gigas,",Pescados e frutos do mar,121,20.9,1.01,3.63,0.29
C0106K,"Crème brûlée, (gema de ovo, leite, creme de leite, extrato de baunilha, c/ açúcar),",Produtos açucarados,244,3.61,16.6,18.0,0.00
C0038B,"Pimentão, vermelho, cru, Capsicum annuum L.,",Vegetais e derivados,24,1.04,3.87,0.15,1.59
C0545A,"Arroz com brócolis, c/ arroz polido, c/ sal, (arroz polido, c/ brócolis, c/ óleo, cebola e alho, c/ sal),",Cereais e derivados,118,2.50,20.5,2.46,1.83
C0097E,"Peixe, água doce, Pintado, cozido, s/ óleo, c/ sal, Pseudoplatystoma corruscans,",Pescados e Frutos do mar,108,22.3,0.00,2.08,0.00
C0909A,"Macarrão, trigo cozido, c/ molho pesto (azeite de oliva, queijo parmesão, manjericão, noz, alho, c/ pimenta-do-reino), c/ sal,",Cereais e derivados,231,5.30,20.4,14.0,1.27
C0037N,"Queijo, minas, frescal, light, Danúbio,",Alimentos para fins especiais,156,14.0,3.80,9.40,0.00
C0006B,"Abobrinha, italiana, c/ casca, crua, Cucurbita pepo L.,",Vegetais e derivados,17,1.01,2.43,0.12,1.28
C0100C,"Pêssego, enlatado, em calda, drenado,",Frutas e derivados,68,0.71,15.9,,1.02
C0027G,"Leite, búfala,  integral,",Leite e derivados,100,3.82,5.31,7.02,0.00
C1050A,"Pamonha, milho verde, c/ queijo muçarela,",Cereais e derivados,202,6.81,23.0,8.76,1.90
C0149H,"Quentão de vinho, (vinho tinto, aguardente (cachaça), água, gengibre, cravo, canela, c/ açúcar),",Bebidas,92,0.10,7.49,0.03,0.18
C0081C,"Macaúba, in natura, Acrocomia aculeata (Jacq.) Lood. ex Mart.,",Frutas e derivados,403,2.08,0.50,40.7,13.4
C0643N,"Papa de peito de frango, batata e cenoura, c/ caldo de carne, c/ cebola e c/ óleo de soja, s/ sal,",Alimentos para fins especiais,96,13.1,2.86,3.35,1.14
C0164K,"Bombom, chocolate branco, Galak, Nestlê,",Produtos açucarados,549,5.77,60.2,31.7,0.00
C0110F,"Carne, frango, inteiro, s/ pele, assada, s/ óleo, s/ sal, Gallus gallus,",Carnes e derivados,180,28.0,0.12,7.50,0.00
C0145K,"Bombom, leite em pó, caseiro, (leite em pó, leite condensado e açúcar),",Produtos açucarados,403,9.69,69.9,9.48,0.00
C0457B,"Salada, batata com maionese, s/ sal, (batata cozida, salsa, maionese, s/ sal),",Vegetais e derivados,108,1.26,9.96,6.83,1.20
C0887A,"Arroz carreteiro, c/ sal, (arroz branco polido, charque dessalgado, cebola, tomate, salsinha, c/ óleo de soja, c/ sal),",Cereais e derivados,150,10.8,10.0,7.09,1.49
C0049H,"Bebida, chá, preto, infusão 5%, c/ açúcar,",Bebidas,26,0.02,6.49,0.00,0.00
C0816B,"Angu a baiana, polenta, c/ molho de carne bovina, c/ sal, polenta, c/ molho de carne bovina (acém, coração, língua, rabada, bucho), c/ molho de tomate (tomate, c/ óleo, cebola e alho), pimentão, c/ óleo, cebola e alho, c/ pimenta-do-reino, c/ sal,",Vegetais e derivados,146,8.11,12.1,6.90,1.52
C0682N,"Papa de feijão carioca, abobrinha e beterraba, c/ caldo de frango, c/ cebola e óleo de soja, c/ sal,",Alimentos para fins especiais,61,2.54,4.91,2.69,3.29
C0972F,"Panelada, s/ sal , (vísceras bovinas (bucho, pulmão, coração, língua), rabo, mocotó, tomate, pimentão, salsinha e cebolinha, pimenta-do-reino, c/ óleo, cebola e alho, s/ sal),",Carnes e derivados,164,16.4,1.19,10.4,0.37
C0044N,"Papa de pêssego e banana, s/ açúcar,",Alimentos para fins especiais,75,1.08,16.3,0.18,2.06
C0094K,"Chocolate, em pó, solúvel (média de diferentes marcas),",Produtos açucarados,387,8.90,71.8,5.00,9.53
C0064N,"Barra de cereal, diet,",Alimentos para fins especiais,406,5.55,66.3,12.5,3.10
C0424B,"Salada, repolho, vagem cozida, tomate, c/ molho vinagrete (tomate, cebola, salsa, vinagre e azeite de oliva), s/ sal,",Vegetais e derivados,33,1.16,3.29,1.24,1.77
C0267B,"Sopa, abóbora, cabotian (japonesa), s/ sal, (abóbora, cabotian (japonesa), c/ caldo de legumes, c/ óleo, cebola e alho, s/ sal),",Vegetais e derivados,40,0.94,4.87,1.56,1.43
C0250N,"Papa de ovo e batata, c/ caldo de frango, c/ cebola e óleo de soja, s/ sal,",Alimentos para fins especiais,90,4.96,4.66,5.53,0.61
C0107T,"Feijão, preto, cozido (50% grão e 50% caldo), c/ óleo, cebola e alho, s/ sal, Phaseolus vulgaris L.,",Leguminosas e derivados,73,4.41,5.93,1.72,8.12
C0236C,"Suco natural, buriti, c/ açúcar,",Frutas e derivados,103,0.89,7.88,6.17,6.00
C0709B,"Salada, pimentão verde, amarelo, vermelho assados, c/ óleo de soja, c/ sal,",Vegetais e derivados,59,1.05,3.48,4.23,1.65
C0077T,"Lentilha, cozida, drenada, c/ óleo, cebola e alho, s/ sal, Lens culinaris,",Leguminosas e derivados,108,7.09,13.1,1.64,6.25
C0041F,"Carne, boi, maminha, grelhada, s/ óleo, s/ sal, Bos taurus,",Carnes e derivados,233,30.7,0.17,11.9,0.00
C0970A,"Pão,  c/ farinha de trigo integral, c/ uva passa, c/ canela em pó,",Cereais e derivados,251,10.2,44.4,2.47,5.41
C0233B,"Serralha, folha, cozida, drenada, s/ óleo, s/ sal, Sonchus oleraceus L.,",Vegetais e derivados,32,2.81,1.50,0.78,3.69
C0250B,"Maxixe, c/ casca, cozido, drenado, c/ óleo de soja, c/ sal, Cucumis anguria,",Vegetais e derivados,41,1.94,1.11,2.48,3.06
C0295E,"Camarão na moranga, s/ sal, (moranga assada, requeijão, camarão, tomate, salsa, suco de limão, creme de leite, c/ óleo, cebola e alho, c/ pimenta-do-reino, s/ sal),",Pescados e Frutos do mar,110,8.20,2.47,7.16,1.19
C0217F,"Salsichão, não aquecido, Sadia,",Carnes e derivados,233,15.3,3.19,17.7,
C0108N,"Papa de feijão preto, macarrão e chicória, c/ caldo de frango, c/ cebola, c/ óleo de soja, c/ sal,",Alimentos para fins especiais,72,3.23,7.09,2.40,4.66
C0011N,"Gelatina, morango, em pó, diet, Ducocco,",Alimentos para fins especiais,318,63.5,13.5,0.00,4.69
C0044T,"Soja, extrato, c/ suco de maçã, Glycine max L.,Tonyu,",Leguminosas e derivados,63,1.27,11.5,1.28,0.34
C0694N,"Papa de feijão carioca, abobrinha e beterraba, c/ caldo de carne, c/ cebola e óleo de soja, s/ sal,",Alimentos para fins especiais,61,2.54,4.93,2.72,3.30
C0229E,"Peixe, água salgada, pescada, branca, assado/grelhado, c/ molho tártaro (picles de pepino, maionese, mostarda, vinagre), c/ óleo, c/ sal,",Pescados e Frutos do mar,155,16.4,1.05,9.50,0.14
C0458A,"Arroz, c/ ovo frito, c/ sal, (arroz polido cozido (c/ óleo, cebola e alho), ovo frito, c/ sal),",Cereais e derivados,186,8.97,14.5,10.0,0.63
C0058R,"Pudim, leite, mistura p/, Ducoco,",Alimentos industrializados,388,,96.2,0.13,0.69
C0130C,"Suco natural, laranja, mamão, pera e maçã, c/ açúcar,",Frutas e derivados,67,0.57,15.6,0.14,0.68
C1044F,"Carne, peru, coxa, cozida, c/ óleo de soja, c/ sal, Meleagris gallopavo,",Carnes e derivados,214,22.7,0.00,13.7,0.00
C0452N,"Papa de carne bovina moída (acém), abóbora (jerimum) e chuchu, c/ caldo de carne, c/ cebola, s/ óleo, c/ sal,",Alimentos para fins especiais,95,10.8,2.96,4.26,0.87
C0699F,"Carne, porco, lombo, frita (c/ óleo de soja), c/ sal, Sus ssp,",Carnes e derivados,255,32.7,0.00,13.8,0.00
C0075F,"Carne, boi, patinho, crua (média de várias amostras), Bos taurus,",Carnes e derivados,115,21.0,0.30,3.33,0.00
C0532N,"Papa de carne bovina moída (patinho), abóbora (jerimum) e chuchu, c/ caldo de carne, c/ cebola e azeite de oliva, c/ sal,",Alimentos para fins especiais,113,14.0,2.73,4.93,0.83
C0038N,"Queijo, minas, padrão, zero% gordura,",Alimentos para fins especiais,81,16.9,3.20,0.10,0.00
C0557B,"Salada, tomate, c/ azeite de oliva, c/ sal,",Vegetais e derivados,98,0.94,2.01,9.21,1.45
C0152G,"Patê de ervas, caseiro , (creme de leite, maionese, requeijão, cebolinha e salsinha, manjericão, hortelã, pimenta-do-reino, azeite de oliva, c/ sal),",Leite e derivados,247,5.00,3.86,23.4,0.42
C0228E,"Peixe, água salgada, pescada, branca, assado/grelhado, c/ manteiga e alcaparra, c/ sal,",Pescados e Frutos do mar,163,19.1,0.24,9.53,0.00
C0787B,"Farofa, cenoura com ovos, s/ sal, (farinha de mandioca (aipim, macaxeira), cenoura, ovo, azeitona, salsa, c/ óleo, cebola e alho, s/ sal),",Vegetais e derivados,279,2.95,43.6,9.31,4.39
C0652F,"Carne, boi, acém, s/ gordura, frita (c/ óleo de soja), c/ sal, Bos taurus,",Carnes e derivados,259,24.4,0.00,18.0,0.00
C0824B,"Alecrim, seco, Rosmarinus officinalis,",Vegetais e derivados,328,4.88,21.5,15.2,42.6
C0177E,"Peixe, água salgada, pescadinha, frito (c/ óleo de soja), c/ sal, Cynoscion striatus,",Pescados e Frutos do mar,120,15.5,0.73,6.14,0.00
C0121C,"Suco natural, goiaba, vermelha, s/ açúcar,",Frutas e derivados,37,0.67,5.58,0.39,4.05
C0982F,"Espetinho de kafta, assado, c/ sal, (carne bovina acém, farinha de rosca, molho inglês, hortelã, salsinha e cebolinha, suco de limão, pimenta do reino, c/ azeite de oliva, c/ sal), Bos taurus,",Carnes e derivados,240,23.5,2.24,15.1,0.48
C0324B,"Salada, beterraba, crua, c/ molho vinagrete (tomate, cebola, salsinha, vinagre e óleo), s/ sal, Beta vulgaris L.,",Vegetais e derivados,63,1.62,6.82,2.60,2.66
C0440F,"Carne, boi, paleta, s/ gordura, cozida, c/ brócolis e cenoura, c/ óleo, cebola e alho, s/ sal,",Carnes e derivados,140,19.8,1.11,6.06,0.95
C0001B,"Abóbora, s/ casca, s/ sementes, crua, Curcubita spp.,",Vegetais e derivados,22,1.05,3.01,0.18,2.02
C0265B,"Abobrinha, italiana, c/ casca, à milanesa (farinha de trigo, ovo e farinha de rosca), frita em imersão, s/ sal,",Vegetais e derivados,131,3.78,10.4,7.80,2.02
C1058B,"Tapioca, c/ manteiga à base de óleo de coco, c/ sal,",Vegetais e derivados,350,0.32,64.5,10.0,0.18
C0085C,"Pitanga, polpa, congelada,",Frutas e derivados,20,0.29,4.02,0.12,0.74
C0778F,"Carne, frango, fígado, cozida (líquido do cozimento excluído), s/ óleo, s/ sal,",Carnes e derivados,147,22.6,2.10,5.37,0.00
C0074H,"Bebida, capuccino (leite integral, infusão café descafeinado e chocolate em pó), s/ açúcar,",Bebidas,87,2.91,12.7,2.68,0.17
C0864B,"Batata, inglesa, s/ casca, assada, alecrim, c/ azeite de oliva, c/ pimenta-do-reino, c/ sal,",Vegetais e derivados,130,2.40,17.8,5.13,1.71
C0188C,"Salada de frutas, c/ açúcar, (laranja, banana, maçã e mamão, c/ açúcar),",Frutas e derivados,92,0.73,20.7,0.27,1.88
C0727B,"Pimentão recheado, c/ arroz polido, c/ carne bovina, c/ sal, (pimentão, c/ carne bovina, patinho moído, refogado (c/ óleo, cebola e alho), c/ arroz polido, c/ molho de tomate (tomate, c/ óleo, cebola e alho), c/ sal),",Vegetais e derivados,75,4.92,6.93,2.69,1.51
C0019H,"Bebida, chá, infusão, colônia, planta, folha, s/ açúcar, Alpinia speciosa Schum,",Bebidas,1,0.00,0.30,0.00,0.00
C0441A,"Risole, recheado c/ carne, caseiro, frito, (farinha de trigo, leite, margarina, carne moída refogada (c/ óleo, cebola e alho), farinha de rosca, ovo, c/ sal, frito (c/ óleo de soja)),",Cereais e derivados,351,16.1,28.8,18.7,1.18
C0228N,"Papa de carne bovina moída (acém), cará e brócolis, c/ caldo de frango, c/ cebola, s/ óleo, c/ sal,",Alimentos para fins especiais,98,10.8,4.15,3.98,1.32
C0089N,"Lasanha, vegetariana, light, caseira, (massa lasanha fresca, c/ cenoura e brócolis, c/ ricota, c/ molho de tomate (tomate, c/ óleo, cebola e alho), c/ sal),",Alimentos para fins especiais,112,5.17,15.6,2.84,1.78
C0898A,"Granola, caseira, simples, (aveia em flocos, flocos de milho, semente linhaça, castanha de caju e Brasil, damasco seco, uva passa, c/ canela),",Cereais e derivados,389,10.6,57.4,11.0,8.67
C0964B,"Broto de alfafa, in natura,",Vegetais e derivados,27,3.99,0.20,0.69,1.90
C0443N,"Papa de carne bovina moída (acém), cenoura e batata baroa (mandioquinha, batata salsa), c/ caldo de carne, c/ cebola e óleo de soja, c/ sal,",Alimentos para fins especiais,114,10.2,4.52,5.94,0.92
C0005B,"Abóbora, pescoço, s/ casca, s/ sementes, crua, Cucurbita moschata,",Vegetais e derivados,24,0.67,3.82,0.12,2.30
C0105B,"Almeirão, refogado (c/ óleo, cebola e alho), s/ sal, Cichorium intybus,",Vegetais e derivados,86,1.68,1.08,7.20,5.07
C0642B,"Salada, brócolis, cozido, c/ molho de salada - salsa, vinagre de maçã, azeite de oliva, c/ sal,",Vegetais e derivados,56,2.56,1.42,3.80,3.05
C0225E,"Molusco, polvo, cru, Octopus vulgaris Lamarck,",Pescados e Frutos do mar,78,14.9,2.20,1.04,0.00
C0666F,"Carne, bovina, paleta, s/ gordura, refogada (c/ óleo, cebola e alho), s/ sal, Bos taurus,",Carnes e derivados,193,27.9,0.61,8.69,0.14
C0054D,"Óleo, gergelim,",Gorduras e óleos,900,0.00,0.00,100.0,0.00
C1123B,"Couve rabano, cozida, drenada, s/ óleo, s/ sal, Brassica oleracea var. gongylodes,",Vegetais e derivados,33,1.80,5.59,0.11,1.10
C0025F,"Carne, boi, acém moída, cozida, s/ óleo, s/ sal, Bos taurus,",Carnes e derivados,205,26.7,0.00,10.9,0.00
C0192N,"Papa de carne bovina moída (acém) e abóbora cambotian (japonesa), c/ caldo de frango, c/ cebola, s/ óleo, c/ sal,",Alimentos para fins especiais,102,11.3,3.76,4.44,1.04
C0023U,"Tahini (pasta de gergelim),",Sementes e Oleaginosas,618,17.0,11.9,53.8,9.30
C0084N,"Pão de mel, c/ cobertura, chocolate diet, (farinha de trigo, ovo, adoçante, canela em pó, cacau em pó, leite desnatado, amido de milho, manteiga light e chocolate diet),",Alimentos para fins especiais,331,5.80,38.4,16.5,1.89
C1095A,"Macarrão, trigo integral, c/ carne bovina músculo, gratinado, c/ molho branco (manteiga, farinha de trigo e leite) e queijo parmesão, salsa, pimenta-do-reino, s/ sal,",Cereais e derivados,144,8.43,16.3,4.55,2.22
C0233A,"Macarrão, trigo, integral, c/ manteiga, c/ sal,",Cereais e derivados,155,4.65,21.6,4.81,3.32
C0006H,"Bebida alcoólica, aguardente, cachaça,",Bebidas,218,0.00,0.00,0.00,0.00
C0048B,"Batata, inglesa, frita, s/ sal, Solanum tuberosum L.,",Vegetais e derivados,248,4.06,29.4,11.9,3.18
C0003J,"Ovo, codorna, inteiro, cru, Coturnix coturnix,",Ovos e derivados,157,13.1,1.16,11.1,0.00
C0296N,"Papa de carne bovina (músculo), feijão preto, batata, abóbora (jerimum) e cenoura, c/ caldo de frango, c/ cebola, s/ óleo, c/ sal,",Alimentos para fins especiais,80,10.7,3.39,2.20,2.13
C0440N,"Papa de carne bovina moída (acém), macarrão e brócolis, c/ caldo de carne, c/ cebola, s/ óleo, c/ sal,",Alimentos para fins especiais,111,12.1,5.11,4.51,0.94
C0152H,"Quentão, (aguardente (cachaça), água, maçã, gengibre, cravo, canela, casca de laranja e limão, c/ açúcar),",Bebidas,154,0.08,16.6,0.08,0.39
C0575B,"Salada, escarola, crua, c/ molho de salada - salsa, suco de limão, azeite de oliva, c/ sal,",Vegetais e derivados,48,1.55,1.30,3.64,1.81
C0006D,"Manteiga, s/ sal,",Gorduras e óleos,776,0.40,0.00,86.0,0.00
C0627B,"Salada, repolho roxo cru, c/ azeite de oliva, c/ sal,",Vegetais e derivados,73,1.15,2.99,5.92,1.58
C0642F,"Carne, boi, coxão mole, s/ gordura, frita (c/ óleo de soja), s/ sal, Bos taurus,",Carnes e derivados,265,29.8,0.00,16.2,0.00
C0600B,"Salada, chicória, c/ molho de salada - salsa, vinagre de maçã, azeite de oliva, c/ sal,",Vegetais e derivados,44,1.15,0.88,3.50,2.07
C0608F,"Carne, boi, alcatra, frita (c/ óleo de soja), c/ sal, Bos taurus,",Carnes e derivados,285,29.2,0.00,18.6,0.00
C0213N,"Papa de carne bovina moída (acém), cenoura e batata baroa (mandioquinha, salsa), c/ caldo de frango, c/ cebola e óleo de soja, c/ sal,",Alimentos para fins especiais,114,10.2,4.52,5.91,0.92
C0990A,"Salada, macarrão, trigo, c/ brócolis, tomate e peito de peru defumado, c/ azeite de oliva, c/ vinagre de maçã, s/ sal,",Cereais e derivados,114,4.93,16.6,2.88,1.13
C0378N,"Papa de macarrão, batata e couve, c/ caldo de frango, c/ cebola, s/ óleo, c/ sal,",Alimentos para fins especiais,55,2.26,9.97,0.32,1.45
C0572A,"Canelone, c/ ricota e espinafre, c/ molho de tomate, caseiro, c/ sal, (massa com farinha de trigo, c/ ricota e espinafre, c/ molho de tomate  (tomate, c/ óleo, cebolha e alho), c/ sal),",Cereais e derivados,103,5.70,11.4,3.49,1.47
C0019K,"Geleia, goiaba, Ritter,",Produtos açucarados,258,0.31,61.5,0.27,4.21
C0028N,"Pudim, coco, mistura p/, diet, Oetker,",Alimentos para fins especiais,369,1.30,86.3,1.42,2.61
C0768F,"Linguiça, frango/porco, fresca, refogada (c/ óleo, cebola e alho), c/ sal,",Carnes e derivados,267,19.7,1.29,20.3,0.13
C0225K,"Docinho, olho de sogra, caramelizado, (leite condensado, coco ralado, gema de ovo, ameixa seca, c/ açúcar),",Açúcares e doces,332,2.83,65.7,6.10,1.78
C0500E,"Peixe, água doce, Arraia (Raia), filé, cozido, c/ óleo de soja, c/ sal, Paratrygon eiereba e Potamotrygon motoro,",Pescados e frutos do mar,119,20.0,0.38,4.15,0.00
C1187B,"Farofa de cuscuz, c/ linguiça calabresa, c/ sal, (cuscuz de milho, linguiça calabresa, pimentão, salsinha, cebolinha, manteiga, c/ óleo de soja, cebola e alho, c/ sal),",Vegetais e derivados,192,4.43,13.7,12.5,1.54
C0033G,"Leite, vaca, c/ chocolate, fluído,",Leite e derivados,84,2.05,13.7,2.28,0.32
C0029D,"Óleo, cobertura, sardinha enlatada (média de diferentes amostras),",Gorduras e óleos,900,0.00,0.00,100.0,0.00
C0008M,"Sanduíche, Hambúrguer, McDonald´s,",Fast food,261,12.9,29.0,10.1,1.30
C0577A,"Massa, filo, assada,",Cereais e derivados,360,12.2,68.6,3.10,4.30
C0042N,"Adoçante, sacarina, em pó,",Alimentos para fins especiais,360,0.00,90.1,0.00,0.00
C0186T,"Missô, pasta de soja (média de diferentes tipos),",Leguminosas e derivados,162,12.5,10.9,6.50,5.14
C0136C,"Suco, concentrado, preparado, caju, c/ açúcar,",Frutas e derivados,37,0.07,9.19,0.03,0.09
C0586F,"Carne, cabrito, cozida, c/ batata, cenoura, chuchu, abobrinha, ervilha em vagem, alecrim, c/ óleo, cebola e alho, c/ pimenta do reino, c/ sal,",Carnes e derivados,96,14.3,2.72,2.86,1.33
C0632N,"Papa de feijão carioca, batata doce, abóbora cabotian (japonesa) e cenoura, c/ caldo de carne, c/ cebola e azeite de oilva, s/ sal,",Alimentos para fins especiais,76,2.65,7.39,2.97,4.45
C0313N,"Papa de banana e maçã, s/ açúcar,",Alimentos para fins especiais,87,0.78,19.0,0.34,2.15
C0933A,"Arroz com espinafre, c/ arroz polido, s/ sal (arroz polido, espinafre, c/ óleo de soja, s/ sal),",Cereais e derivados,121,2.21,22.0,2.36,1.34
C0272A,"Sanduíche, queijo quente, pão branco tradicional, c/ queijo muçarela, c/ margarina,",Cereais e derivados,319,14.3,24.9,17.7,1.34
C0120K,"Petit gateau, (chocolate amargo, farinha de trigo, ovos, manteiga, c/ açúcar),",Produtos açucarados,446,8.51,32.5,30.2,4.96
C0036R,"Maria mole, coco, em pó, Ducoco,",Alimentos industrializados,382,25.3,6.80,0.00,0.67
C0214N,"Papa de carne bovina moída (acém), cenoura e batata baroa (mandioquinha, batata salsa), c/ caldo de frango, c/ cebola e óleo de soja, s/ sal,",Alimentos para fins especiais,114,10.2,4.54,5.92,0.92
C0017A,"Arroz, integral, cru (média diferentes cultivares), Oryza sativa L.,",Cereais e derivados,345,7.57,72.5,1.95,3.90
C0692A,"Cuscuz, atum, c/ sal, (farinha de milho, atum, ervilha e palmito em conserva, salsa, cebolinha, azeitona, tomate, ovo cozido, c/ molho de tomate (tomate, c/ óleo, cebola e alho), c/ sal),",Cereais e derivados,108,5.24,13.0,3.46,1.98
C0267F,"Carne, boi, quarto traseiro, c/ gordura, grelhada, c/ óleo, c/ sal,",Carnes e derivados,315,27.2,0.00,23.0,0.00
C0531F,"Paçoca de charque (carne seca, carne de sol, jaba), (charque (carne seca, carne de sol, jaba) dessalgado, farinha de mandioca, salsa, pimenta do reino, c/ óleo, cebola e alho, c/ sal),",Carnes e derivados,314,22.4,23.2,14.2,1.95
C0453B,"Salada, folhas e vegetais, s/ óleo e s/ sal, (rúcula, tomate seco, s/ óleo, s/ sal),",Vegetais e derivados,174,2.14,7.52,14.5,2.45
C0593A,"Canelone, ricota e espinafre, c/ molho branco, caseiro, c/ sal, (massa com farinha de trigo, c/ ricota e espinafre, c/ molho branco (leite, manteiga e farinha de trigo), c/ sal),",Cereais e derivados,142,6.14,19.4,4.12,1.15
C0772A,"Panqueca, c/ banana, c/ açúcar e canela, (massa - leite, farinha de trigo, óleo de soja e ovo, banana, c/ açúcar e canela),",Cereais e derivados,209,5.39,30.9,6.73,1.54
C0154B,"Chuchu, s/ casca, cozido, drenado, s/ óleo, c/ sal, Sechium edule,",Vegetais e derivados,21,0.50,3.70,0.15,1.39
C0995A,"Arroz selvagem, cozido, c/ óleo, cebola e alho, c/ sal,",Cereais e derivados,109,3.93,19.1,1.42,1.83
C0267A,"Sanduíche, misto quente, pão francês, c/ presunto e queijo muçarela,",Cereais e derivados,257,15.1,27.9,9.17,1.19
C0187A,"Arroz carreteiro, s/ sal, (arroz branco polido, charque (carne seca, carne de sol, jaba) dessalgado, cebola, tomate, salsinha, c/ óleo de soja, s/ sal),",Cereais e derivados,151,10.8,10.1,7.12,1.50
C0274A,"Sanduíche, queijo quente, pão forma integral, c/ queijo muçarela e margarina,",Cereais e derivados,314,14.8,22.2,17.8,2.64
C1015F,"Carne, quelônio, tracajá, à milanesa, c/ sal, (carne, tracajá, farinha de trigo, farinha de rosca, ovo, frito (c/ óleo de soja), c/ sal), Podocnemis unifilis,",Carnes e derivados,244,23.5,14.0,10.3,0.71
C0023G,"Iogurte, natural, desnatado, Vigor,",Leite e derivados,55,4.24,8.30,0.52,0.00
C0684A,"Pizza, Hawaiana, caseira, (massa (farinha de trigo, óleo, fermento biológico, sal e açúcar), muçarela, presunto e abacaxi),",Cereais e derivados,267,11.5,38.1,7.34,1.30
C0223B,"Quiabo, c/ casca, cozido, drenado, c/ óleo de soja, s/ sal, Hibiscus esculentus L.,",Vegetais e derivados,41,1.29,1.89,2.51,3.06
C0270E,"Casquinha de marisco, c/ sal, (mexilhão, tomate, leite de coco, farinha de rosca, queijo parmesão, cebolinha, c/ azeite de dendê, c/ óleo, cebola e alho, c/ pimenta do reino, c/ sal),",Pescados e Frutos do mar,141,11.4,5.11,8.11,0.74
C0230A,"Macarrão, trigo, integral, c/ alho e óleo, s/ sal,",Cereais e derivados,178,4.82,22.2,6.97,3.39
C0467N,"Papa de peito de frango, fubá e couve, c/ caldo de frango, c/ cebola e azeite de oliva, c/ sal,",Alimentos para fins especiais,109,12.3,6.79,3.40,0.90
C0746A,"Pastel de forno integral, recheado c/ queijo, assado, (farinha de trigo integral, manteiga, ovo, queijo minas, c/ sal),",Cereais e derivados,467,10.3,35.8,31.5,0.00
C0233N,"Papa de fígado bovino e batata doce, c/ caldo de frango, c/ cebola e azeite de oliva, s/ sal,",Alimentos para fins especiais,140,12.6,9.12,5.70,1.06
C0922F,"Barreado, c/ sal, (carne bovina patinho, toucinho, cebola, louro, manjerona, pimenta-do-reino, s/ óleo, c/ sal),",Carnes e derivados,158,18.2,0.09,9.49,0.15
C0803F,"Carne, boi, fraldinha, c/ gordura, frita (c/ óleo de soja), s/ sal, Bos taurus,",Carnes e derivados,292,20.0,0.00,23.5,0.00
C0236N,"Papa de peito de frango e inhame, c/ caldo de frango, c/ cebola e azeite de oliva, c/ sal,",Alimentos para fins especiais,114,13.7,6.91,3.35,0.65
C0072A,"Bolo, cenoura, recheio sabor chocolate, Bauducco,",Cereais e derivados,454,6.30,51.4,24.8,0.00
C0853F,"Vitela, cozida, s/ óleo, c/ sal,",Carnes e derivados,186,31.8,0.00,6.55,0.00
C0163F,"Carne, porco, lombo, assada, s/ óleo, s/ sal, Sus ssp.,",Carnes e derivados,200,35.7,0.00,6.40,0.00
C0173F,"Hambúrguer, cru (média diferentes tipos de carne),",Carnes e derivados,216,15.6,4.12,15.2,
C1004A,"Bolo, trigo, c/ recheio, limão, caseiro, (bolo - farinha de trigo, ovo, leite, manteiga, açúcar e fermento químico e recheio - leite condesando, suco de limão e raspas de limão),",Cereais e derivados,409,7.21,54.4,17.9,0.68
C0008E,"Crustáceo, siri, azul, cru, Callinectes bocourti,",Pescados e Frutos do mar,107,19.2,0.00,3.40,0.00
C0393E,"Camarão à baiana, c/ sal, (camarão, tomate, leite de coco, pimenta dedo-de-moça, suco de limão, c/ óleo de soja, cebola e alho, c/ azeite de dendê, c/ sal),",Pescados e Frutos do mar,96,7.91,2.77,5.94,0.38
C0574B,"Salada, escarola, crua, c/ óleo de soja, c/ sal,",Vegetais e derivados,142,1.32,0.75,14.5,1.59
C0094N,"Leite, vaca, fluído, s/ lactose, integral,",Alimentos para fins especiais,64,3.15,4.80,3.25,0.00
C0910A,"Macarrão, trigo cozido, c/ molho pesto (azeite de oliva, queijo parmesão, manjericão, noz, alho, c/ pimenta-do-reino), s/ sal,",Cereais e derivados,234,5.35,20.4,14.3,1.28
C0844A,"Sanduíche, pão sírio, c/ filé mignon grelhado, rúcula, pimentão vermelho, c/ molho de iogurte, c/ óleo, c/ sal,",Cereais e derivados,205,13.8,20.7,7.11,1.23
C0698F,"Carne, porco, lombo, frita (c/ óleo de soja), s/ sal, Sus ssp,",Carnes e derivados,256,32.9,0.00,13.9,0.00
C0438F,"Carne, boi, paleta, s/ gordura, cozida, c/ batata doce e cenoura, c/ óleo, cebola e alho, s/ sal,",Carnes e derivados,150,19.5,3.98,6.01,0.87
C0041R,"Mousse, chocolate, mistura p/, Oetker,",Alimentos industrializados,436,11.2,62.3,13.9,8.45
C0422B,"Salada, nabo, cenoura, chuchu, c/ molho vinagrete (tomate, cebola, salsa, vinagre e azeite de oliva), s/ sal,",Vegetais e derivados,32,0.64,3.15,1.54,1.67
C0944F,"Carne, bovina, quarto traseiro, s/ gordura, assado, recheado com queijo muçarela, s/ óleo, c/ sal,",Carnes e derivados,242,30.3,0.73,13.1,0.00
C0275A,"Sanduíche, queijo quente, pão branco tradicional, c/ queijo muçarela e manteiga,",Cereais e derivados,333,14.3,25.1,19.2,1.34
C0180E,"Peixe, água salgada, porquinho, assado/grelhado, s/ óleo, s/ sal, Prochilodus spp.,",Pescados e Frutos do mar,109,25.4,0.00,0.85,0.00
C0011U,"Amêndoa, crua, s/ sal, Prunua amygdalus L.,",Sementes e Oleaginosas,632,21.1,9.04,49.9,12.5
C0529F,"Canjica de milho com costela de porco, c/ linguiça calabresa, tomate, cheiro verde, pimenta do reino, c/ óleo, cebola e alho, c/ sal,",Carnes e derivados,195,10.7,12.6,11.1,0.90
C0980F,"Locro, cozido argentino, c/ sal ola e alho, c/ sal), (canjica de milho, feijão branco, costela suína, carne bovina - fraldinha, bacon (toucinho defumado), linguiça, repolho, batata, abóbora cabotian (japonesa), pimentão, alho poró, salsão (aipo), c/ caldo de carne, c/ óleo, ceb,",Carnes e derivados,180,15.1,5.88,10.4,1.05
C0177F,"Hambúrguer, bovino, cru,",Carnes e derivados,187,14.5,4.08,12.6,
C0662F,"Carne, boi, charque (carne seca, carne de sol, jaba), dessalgada, cozida, c/ molho de tomate (tomate, c/ óleo, cebola e alho), s/ sal, Bos taurus,",Carnes e derivados,217,29.4,0.83,10.6,0.51
C1052B,"Purê, mandioca (aipim, macaxeira), c/ manteiga, leite, c/ sal,",Vegetais e derivados,144,0.85,24.4,4.42,1.51
C0042K,"Chocolate, amargo, Lacta amaro,",Produtos açucarados,577,7.79,35.0,42.6,10.9
C0059C,"Jaca, in natura, Artocarpus integrifolia L. f.,",Frutas e derivados,93,1.40,20.1,0.26,2.39
C0639A,"Rondele, muçarela, s/ molho, caseiro, (massa com farinha de trigo, c/ muçarela),",Cereais e derivados,257,16.6,13.4,15.1,0.65
C0832B,"Dill, endro, in natura, Anethum graveolens,",Vegetais e derivados,48,3.46,4.92,1.12,2.10
C0030D,"Óleo, soja, Glycine max,",Gorduras e óleos,900,0.00,0.00,100.0,0.00
C0043K,"Chocolate, amargo, Nestlè Classic,",Produtos açucarados,577,7.79,35.0,42.6,10.9
C0183F,"Linguiça, frita,",Carnes e derivados,257,19.4,0.00,19.9,
C0887F,"Almôndega, ao sugo (molho de tomate), (carne, boi, frita, c/ molho de tomate (tomate, c/ óleo, cebola e alho, c/ sal),",Carnes e derivados,194,11.6,10.2,11.6,1.02
C0056B,"Repolho, branco, cozido, drenado, s/ óleo, s/ sal, Brassica oleracea L.,",Vegetais e derivados,23,1.54,2.77,0.34,1.28
C0195K,"Creme, de confeiteiro (pâtissiére), vegano, (amido de milho, bebida vegetal à base de soja, suco de limão, casca de limão, extrato de baunilha, c/ sal, c/ açúcar),",Produtos açucarados,155,2.62,31.9,1.35,0.91
C1171A,"Pudim de chia, c/ morango, c/ açúcar, vegano, (sementes de chia, bebida vegetal à base de soja, morango, c/ açúcar),",Cereais e derivados,97,3.49,9.67,4.06,4.02
C0294E,"Camarão na moranga, c/ sal, (moranga assada, requeijão, camarão, tomate, salsa, suco de limão, creme de leite, c/ óleo, cebola e alho, c/ pimenta-do-reino, c/ sal),",Pescados e Frutos do mar,109,8.16,2.46,7.13,1.19
C0090E,"Peixe, água doce, Corimba, cozido, s/ óleo, s/ sal, Prochilodus lineatus,",Pescados e Frutos do mar,148,20.8,0.00,7.18,0.00
C0155H,"Bebida alcoólica, drink (Tipo Smirnoff ice) (água gaseificada, vodka e açúcar), (água gaseificada, vodka e açúcar),",Bebidas,111,0.09,24.6,0.01,0.00
C0026J,"Omelete, c/ ovo de galinha, c/ queijo parmesão, c/ sal, (ovo de galinha inteiro, queijo parmesão, c/ óleo de soja, c/ sal),",Ovos e derivados,261,15.5,0.44,21.9,0.00
C0765F,"Linguiça, frango/porco, fresca, frita (c/ óleo de soja), s/ sal,",Carnes e derivados,257,19.4,0.00,19.9,0.00
C0160B,"Repolho, branco, refogado (c/ óleo, cebola e alho), s/ sal, Brassica oleracea L. var. capitata,",Vegetais e derivados,36,1.42,3.43,1.37,2.31
C0154C,"Suco natural, laranja e banana, c/ açúcar,",Frutas e derivados,65,0.73,14.4,0.16,1.50
C0269A,"Sanduíche, misto quente, pão forma tradicional, c/ presunto, queijo muçarela, c/ margarina,",Cereais e derivados,269,13.7,21.2,14.1,1.12
C0692F,"Carne, porco, costela, frita (c/ óleo de soja), c/ sal, Sus ssp,",Carnes e derivados,432,27.7,0.00,35.7,0.00
C0066A,"Bolo, coco, mistura p/, preparado, Oetker,",Cereais e derivados,371,7.50,54.3,13.8,0.00
C0477B,"Pimentão, verde, assado, s/ óleo, s/ sal, Capsicum annuum L.,",Vegetais e derivados,21,0.95,2.90,0.28,1.66
C0027T,"Feijão, branco, cru, Phaseolus vulgaris L.,",Leguminosas e derivados,312,23.4,45.1,0.85,15.2
C0080T,"Feijão, guandu, grão, seco, cozido, drenado, s/ óleo, c/ sal, Cajanus cajan,",Leguminosas e derivados,136,9.41,18.5,0.91,8.12
C0375E,"Caldeirada de frutos do mar, c/ sal, (camarão, lula, polvo, mexilhão, tomate, pimentão, coentro, suco de limão, c/ pimenta-do-reino e pimenta vermelha, c/ caldo de peixe, c/ óleo, cebola e alho, c/ sal),",Pescados e Frutos do mar,71,11.1,2.06,1.91,0.45
C0021H,"Bebida, chá, erva-doce, infusão 5%, s/ açúcar, Pimpinela anisum,",Bebidas,2,0.00,0.39,0.00,0.00
C0450N,"Papa de carne bovina moída (acém), abóbora (jerimum) e chuchu, c/ caldo de carne, c/ cebola, c/ óleo de soja, s/ sal,",Alimentos para fins especiais,113,10.8,2.86,6.25,0.83
C0507N,"Papa de peito de frango, fubá e couve, c/ caldo de carne, c/ cebola, s/ óleo, c/ sal,",Alimentos para fins especiais,92,12.3,6.93,1.43,0.94
C0004K,"Açúcar (média de diferentes tipos),",Produtos açucarados,395,0.35,98.3,0.02,
C0735F,"Carne, boi, de segunda (músculo, paleta), cozida, c/ molho de tomate (tomate, c/ óleo, cebola e alho), c/ sal, Bos taurus,",Carnes e derivados,163,24.6,0.82,6.66,0.51
C0803A,"Massa de bomba (profiteroles), s/ recheio, vegana, caseiro, (farinha de arroz, farinha de trigo, amido de milho, água, bebida vegetal à base de soja, fermento químico, c/ açúcar, c/ sal),",Cereais e derivados,225,3.43,37.6,6.60,0.56
C0050A,"Biscoito, doce, wafer, chocolate, recheio sabor chocolate e avelã, Bauducco,",Cereais e derivados,509,5.77,68.0,23.7,0.00
C0056A,"Biscoito, salgado, água, Tostines,",Cereais e derivados,445,10.8,65.9,14.4,4.10
C0714A,"Arroz com mexilhão (marisco lambe-lambe), c/ arroz polido, c/ sal, (arroz polido, mexilhão, tomate, pimentão vermelho, salsa, c/ molho de tomate (tomate, c/ óleo, cebola e alho), c/ pimenta-do-reino, c/ sal),",Cereais e derivados,103,6.24,12.8,2.78,1.10
C0788A,"Salgado assado, c/ tomante seco e manjericão, (farinha de trigo, leite, açúcar, óleo de soja, fermento biológico, tomate seco, manjericão, c/ sal),",Cereais e derivados,367,9.10,59.4,9.80,2.37
C0541N,"Papa de carne bovina moída (patinho), cará e brócolis, c/ caldo de carne, c/ cebola e azeite de oliva, s/ sal,",Alimentos para fins especiais,116,13.7,3.89,4.75,1.26
C0048J,"Ovos Benedict, c/ lombo canadense, c/ sal, (pão forma integral, ovo cozido, lombo canadense, molho holandês, salsa, c/ pimenta-do-reino, c/ sal),",Ovos e derivados,227,13.4,11.8,13.7,1.42
C0144E,"Peixe, água salgada, cação, posta, cozido, c/ molho branco (farinha de trigo, manteiga e leite), c/ sal, Carcharhinus spp.,",Pescados e Frutos do mar,118,17.8,5.01,2.97,0.05
C0762A,"Sanduíche, pão francês, c/ alface, tomate, cenoura, c/ molho de iogurte,",Cereais e derivados,174,5.75,31.5,2.32,2.19
C0207B,"Chicória, cozida, drenada, s/ óleo, s/ sal, Cichorium endivia L.,",Vegetais e derivados,13,1.17,0.58,0.15,2.27
C0070N,"Biscoito, salgado,  light,",Alimentos para fins especiais,437,9.34,68.1,13.4,3.40
C0473B,"Pimentão, assado, s/ óleo, s/ sal, Capsicum annuum L.,",Vegetais e derivados,25,1.14,3.71,0.28,1.74
C0672B,"Salada, agrião, cru, c/ molho de salada - salsa, vinagre de maçã, azeite de oliva, c/ sal,",Vegetais e derivados,54,2.97,0.92,3.86,1.88
C0013C,"Coco, polpa, in natura, Cocos nucifera,",Frutas e derivados,423,3.69,5.02,42.0,5.38
C0297A,"Sanduíche, pão francês, c/ salame,",Cereais e derivados,338,15.9,37.8,13.3,1.63
C0532B,"Salada, pepino, cebola, s/ óleo s/ sal,",Vegetais e derivados,19,1.00,2.90,0.10,1.32
C0057J,"Omelete, c/ couve-flor e tomate, c/ queijo muçarela, salsinha e cebolinha, c/ óleo e cebola, s/ sal,",Ovos e derivados,147,9.97,2.39,10.7,0.56
C0927B,"Repolho, roxo, cozido, drenado, s/ óleo, s/ sal,",Vegetais e derivados,29,1.51,4.34,0.09,2.60
C0056R,"Pudim, coco, mistura p/, Oetker,",Alimentos industrializados,385,,94.0,0.90,0.44
C1043B,"Farofa molhada, c/ sal, (farinha de mandioca (aipim, macaxeira), farinha de milho, tomate, pimentão, cenoura, ovo cozido, azeitona, cebola, suco de limão, salsinha, cebolinha, pimenta-do-reino, suco de limão, c/ azeite de oliva, c/ sal),",Vegetais e derivados,197,3.78,23.5,9.09,2.63
C0011R,"Flan, baunilha, em pó, Ducoco,",Alimentos industrializados,394,0.48,98.1,0.00,1.03
C0691B,"Vegetais, cozidos, c/ sal, (batata, cenoura e chuchu, cozidos, c/ óleo, cebola e alho, c/ sal),",Vegetais e derivados,42,0.92,6.09,1.22,1.71
C0004R,"Bolo, coco, mistura p/, Oetker,",Alimentos industrializados,369,6.40,82.8,0.90,1.80
C0034E,"Peixe, água salgada, abadejo, filé, congelado, assado, s/ óleo, s/ sal,",Pescados e Frutos do mar,104,23.3,0.00,1.24,0.00
C0190B,"Salada, almeirão, c/ molho vinagrete (tomate, cebola, salsinha, vinagre e óleo), c/ sal,",Vegetais e derivados,43,1.51,1.94,2.75,2.43
C0195F,"Carne, frango, peito, s/ pele, cozida, drenada, s/ óleo, c/ sal, Gallus gallus,",Carnes e derivados,153,31.2,0.00,3.13,0.00
C0108B,"Cebola e alho, refogados, c/ óleo de soja, s/ sal, Allium cepa L./ Allium sativum L.,",Vegetais e derivados,284,3.04,12.2,24.2,2.71
C0356F,"Carne, boi, acém moída, cozida, c/ batata e vegetais - cenoura, chuchu, vagem, c/ óleo, cebola e alho, c/ sal,",Carnes e derivados,138,15.2,2.69,7.15,0.84
C0352A,"Sanduíche, pão forma tradicional, c/ peito de peru defumado e queijo prato,",Cereais e derivados,247,16.3,23.0,9.66,1.22
C0051C,"Caju, polpa, congelada,",Frutas e derivados,39,0.48,8.54,0.15,0.81
C0107A,"Farinha de rosca, caseira,",Cereais e derivados,363,12.1,72.4,1.73,4.81
C0057C,"Figo, enlatado, em calda, Ficus carica L.,",Frutas e derivados,201,0.56,48.4,0.15,1.98
C0360A,"Sanduíche, pão forma tradicional, c/ peito de peru defumado, queijo prato, c/ margarina,",Cereais e derivados,276,14.9,21.0,14.5,1.12
C0670N,"Papa de carne bovina moída (acém), fubá e espinafre, c/ caldo de frango, c/ cebola, s/ óleo, s/ sal,",Alimentos para fins especiais,110,10.8,7.21,4.08,0.85
C0305F,"Carne, boi, cupim, assado, s/ óleo, c/ sal,",Carnes e derivados,319,28.1,0.03,23.0,0.00
C0121A,"Massa, fresca, crua, industrializada (média de diferentes recheios),",Cereais e derivados,277,10.7,48.0,3.93,3.25
C0385N,"Papa de peito de frango, ervilha e abóbora (jerimum), c/ caldo de frango, c/ cebola e azeite de oliva, s/ sal,",Alimentos para fins especiais,92,12.2,2.66,3.33,1.53
C0762F,"Linguiça, frango/porco, fresca, crua,",Carnes e derivados,229,15.3,0.77,18.3,0.00
C0414A,"Sanduíche, pão francês, c/ queijo minas, c/ margarina,",Cereais e derivados,307,12.0,26.0,17.0,1.09
C0128N,"Papa de batata, cenoura e carne moída (acém), c/ caldo de frango, c/ cebola, c/ azeite de oliva, s/ sal,",Alimentos para fins especiais,108,10.3,3.15,5.89,0.83
C0376B,"Salada, vegetais crus, c/ azeite de oliva, c/ sal, (alface, tomate, cebola, c/ azeite de oliva, c/ sal),",Vegetais e derivados,61,1.13,2.41,4.89,1.68
C1039B,"Farofa de castanha de caju, c/ sal, (farinha de mandioca torrada, castanha de caju torrada, cheiro verde, c/ manteiga, c/ óleo, cebola e alho, c/ sal),",Vegetais e derivados,288,6.74,55.8,19.6,5.23
C0866B,"Batata, inglesa, s/ casca, assada, alecrim, s/ óleo, c/ pimenta-do-reino, c/ sal,",Vegetais e derivados,90,2.53,18.8,0.10,1.79
C0041C,"Suco, laranja, Lima, s/ açúcar, Citrus sinensis (L.) Osbeck,",Frutas e derivados,40,0.71,8.74,0.12,0.42
C0195E,"Peixe, água salgada, merluza, cozido, c/ molho branco (farinha de trigo, manteiga e leite), c/ sal, Merlucius hubbsi,",Pescados e Frutos do mar,113,17.1,1.43,4.28,0.05
C0235N,"Papa de fígado bovino e batata doce, c/ caldo de frango, c/ cebola, s/ óleo, s/ sal,",Alimentos para fins especiais,123,12.6,9.27,3.70,1.10
C0740A,"Pastel de forno, recheado c/ queijo, assado, (farinha de trigo, manteiga, ovo, queijo minas, c/ sal),",Cereais e derivados,474,9.86,37.2,31.5,1.29
C0716B,"Chicória do Pará (coentro bravo), cru, Eryngium cf. campestre,",Vegetais e derivados,55,1.22,9.08,0.73,3.82
C0581F,"Carne, boi, costela, assada, c/ cenoura, abobrinha e cebola, s/ óleo, s/ sal,",Carnes e derivados,245,19.0,1.39,18.0,0.77
C0107G,"Vitamina, leite de vaca integral c/ manga, s/ açúcar,",Leite e derivados,64,2.21,8.29,2.36,0.64
C0351B,"Cará, s/ casca, cozido, drenado, c/ óleo de soja, c/ sal, Dioscorea alata L.,",Vegetais e derivados,118,1.45,15.3,5.08,2.49
C0063F,"Carne, boi, coxão duro (chã de fora), crua, Bos taurus,",Carnes e derivados,133,21.7,0.99,4.76,0.00
C0084T,"Fava, grão, seco, cozida, drenada, s/ óleo, s/ sal, Vicia faba L.,",Leguminosas e derivados,110,9.05,13.7,0.49,7.42
C0640F,"Carne, boi, patinho, s/ gordura, grelhada/assada, c/ molho de tomate (tomate, c/ óleo, cebola e alho), c/ sal, Bos taurus,",Carnes e derivados,182,28.9,0.82,6.87,0.51
C0402B,"Salada, folhas, vegetais e frutas, c/ azeite de oliva, c/ sal, (alface americana, alface roxa, agrião, pepino, uva Itália, c/ azeite de oliva, c/ sal),",Vegetais e derivados,59,0.99,3.41,4.32,1.30
C0382B,"Salada,  c/ arroz integral, c/ azeite de oliva, c/ sal, (aipo (salsão), pimentão verde e vermelho, salsa, azeitona preta, vinagre de maçã, c/ azeite de oliva, c/ sal),",Vegetais e derivados,115,1.70,11.9,6.28,1.84
C0408N,"Papa de batata, cenoura e carne bovina moída (patinho), c/ caldo de carne, c/ cebola, s/ óleo, c/ sal,",Alimentos para fins especiais,93,13.1,3.42,2.65,1.26
C0959B,"Quibebe, c/ sal, (abóbora, cabotian (japonesa), carne seca dessalgada, cebola, c/ óleo, c/ sal),",Vegetais e derivados,78,8.53,4.96,2.66,1.66
C0812B,"Molho de tomate, c/ proteína texturizada de soja, c/ óleo, cebola e alho, c/ sal,",Vegetais e derivados,114,10.3,9.17,3.26,3.28
C0218B,"Repolho, branco, cozido, drenado, c/ óleo de soja, c/ sal, Brassica oleracea L. var. capitata,",Vegetais e derivados,44,1.50,2.70,2.71,1.25
C1085B,"Cebola caramelizada, caseira, (cebola, açúcar mascavo, molho shoyu e manteiga, s/ sal),",Vegetais e derivados,138,4.68,13.3,6.35,2.87
C0274N,"Papa de peixe (pescada branca), abóbora (jerimum), batata-doce e couve c/ caldo de frango, c/ cebola e óleo de soja, c/ sal,",Alimentos para fins especiais,93,7.17,6.57,3.92,1.52
C0853B,"Bolo de mandioca (aipim, macaxeira) com carne, c/ sal, (mandioca (aipim, macaxeira), ovo, manteiga, carne bovina moída (acém), tomate, salsa e queijo parmesão, c/ óleo, cebola e alho, c/ sal),",Vegetais e derivados,178,8.92,15.1,8.88,1.23
C0479N,"Papa de carne bovina moída (patinho), macarrão e brócolis, c/ caldo de frango, c/ cebola e óleo de soja, c/ sal,",Alimentos para fins especiais,126,15.1,4.73,5.01,0.93
C0053L,"Lanche brasileiro (biscoito, doce, maisena, c/ café, infusão 10%, c/ açúcar),",Miscelâneas,141,2.70,24.7,3.35,0.58
C0142K,"Doce, massa folhada, c/ creme de confeiteiro, c/ açúcar polvilhado,",Produtos açucarados,448,6.48,40.5,28.7,1.08
C0057A,"Biscoito, salgado, água e sal, Marilan,",Cereais e derivados,425,11.9,68.0,10.9,3.60
C0002D,"Azeite, oliva, Olea europaea L.,",Gorduras e óleos,900,0.00,0.00,100.0,0.00
C0850A,"Prato de comida brasileiro, (90 g de arroz, polido, cozido + 140 g de feijão, preto, cozido (50 % grão e 50 % caldo) + 35 g de carne, boi, quarto traseiro, s/ gordura, grelhada + 110 g de macarrão, trigo, c/ ovos, cozido, drenado + 1,2 g de sal refinado), c/ óleo, cebola e alho),",Cereais e derivados,121,6.11,16.6,2.60,3.56
C0627N,"Papa de carne bovina moída (patinho), arroz branco e brócolis, c/ caldo de carne, c/ cebola, s/ óleo, c/ sal,",Alimentos para fins especiais,108,13.7,6.19,2.99,0.99
C0228T,"Sopa, feijão preto, c/ carne bovina, c/ macarrão, c/ vegetais, c/ sal, (feijão preto, c/ carne bovina músculo, c/ macarrão, c/ batata, abóbora (jerimum) e repolho, c/ caldo de carne, c/ óleo, cebola e alho, c/ sal),",Leguminosas e derivados,73,5.54,6.99,1.76,3.26
C0845B,"Tomate recheado, c/ sal, (tomate, toucinho defumado (bacon), farinha de rosca, queijo ricota, creme de leite, queijo parmesão, salsa, c/ óleo, cebola e alho, c/ pimenta-do-reino, c/ sal),",Vegetais e derivados,101,4.31,6.38,6.30,0.88
C0029B,"Maxixe, maduro, c/ casca, cru, Cucumis anguria,",Vegetais e derivados,17,1.74,0.99,0.09,2.74
C0249F,"Carne, frango, moela, cozida, s/ óleo, s/ sal, Gallus gallus,",Carnes e derivados,127,28.8,0.92,0.88,0.00
C0294N,"Papa de carne bovina (músculo), feijão preto, batata, abóbora (jerimum)e cenoura, c/ caldo de frango, c/ cebola e azeite de oliva, c/ sal,",Alimentos para fins especiais,98,10.6,3.37,4.20,2.13
C0005U,"Milkshake, paçoca de amendoim, vegano, (bebida vegetal à base de coco, água, amendoim de amendoim, castanha de caju, amêndoa, óleo de coco, c/ açúcar mascavo),",Sementes e Oleaginosas,321,7.42,14.3,25.4,2.51
C0101N,"Achocolatado, em pó, sem adição de açúcar,",Alimentos para fins especiais,362,15.5,64.4,3.00,7.50
C0143H,"Bebida energética,",Bebidas,43,0.46,10.2,0.00,0.00
C0129C,"Suco natural, laranja, mamão, pera e maçã, s/ açúcar,",Frutas e derivados,39,0.61,8.42,0.15,0.74
C0689B,"Batata suíça, c/ ricota e espinafre, c/ sal, (batata inglesa cozida, c/ ricota e espinafre, c/ manteiga, c/ sal),",Vegetais e derivados,78,3.20,9.73,2.66,1.34
C0892A,"Vatapá, c/ sal, (camarão seco dessalgado, leite de coco, amendoim torrado, castanha de caju torrada, tomate, cebola, azeite de dendê, farinha de trigo, gengibre, c/ óleo de soja, c/ sal),",Cereais e derivados,268,5.97,8.01,23.1,1.69
C0998B,"Edamame, cozida, c/ óleo, cebola e alho, c/ sal, Glycine max L. Merril,",Vegetais e derivados,127,11.5,4.08,6.04,5.06
C0585N,"Papa de carne moída bovina (patinho), feijão preto, batata, abóbora (jerimum) e cenoura, c/ caldo de carne, c/ cebola, s/ óleo, s/ sal,",Alimentos para fins especiais,89,12.2,3.50,2.45,2.14
C0029E,"Peixe, água doce, pintado, cru, Spotted sorubim,",Pescados e Frutos do mar,85,18.4,0.00,1.31,0.00
C0115B,"Alho, cozido, s/ óleo, s/ sal, Allium sativum,",Vegetais e derivados,121,5.70,22.6,0.20,3.19
C0106N,"Papa de carne bovina moída (acém), fubá e couve, c/ caldo de frango, c/ cebola, s/ óleo de soja, c/ sal,",Alimentos para fins especiais,111,10.9,7.15,4.10,0.94
C0557N,"Papa de fígado bovino e batata doce, c/ caldo de carne, c/ cebola e óleo de soja, c/ sal,",Alimentos para fins especiais,140,12.6,9.11,5.73,1.05
C0979F,"Carne, peito de frango, grelhado, c/ molho de laranja , (suco de laranja, farinha de trigo, manteiga, pimenta-do-reino), c/ sal,",Carnes e derivados,121,3.05,21.1,2.23,2.13
C0652A,"Quiche, alho-poró, assado, c/ sal, (massa brise (farinha de trigo, manteiga, gema, leite, c/ açúcar, c/ sal), alho-poró, creme de leite, ovo, queijo parmesão, c/ cebola, c/ sal),",Cereais e derivados,265,6.76,17.4,18.5,0.83
C0044J,"Ovos Benedict, c/ lombo canadense, c/ sal, (pão forma tradicional, ovo cozido, lombo canadense, molho holandês, salsa, c/ pimenta-do-reino, c/ sal),",Ovos e derivados,230,13.2,13.1,13.7,0.77
C0030T,"Feijão, vermelho, cru, Phaseolus vulgaris L.,",Leguminosas e derivados,314,22.5,46.0,1.06,15.2
C0939F,"Sopa, peito de frango e requeijão, c/ sal, (peito de frango, requeijão, c/ caldo de vegetais, salsa, c/ óleo, cebola e alho, c/ sal),",Carnes e derivados,154,12.5,4.44,9.37,1.02
C0072K,"Pudim, leite c/ calda de caramelo, pó, preparado, Oetker,",Produtos açucarados,151,5.50,23.7,3.80,
C0448E,"Peixe, água salgada, pescadinha, frito (c/ óleo de soja), s/ sal, Cynoscion striatus,",Pescados e Frutos do mar,120,15.5,0.73,6.14,0.00
C0238C,"Suco natural, cacau, c/ açúcar,",Frutas e derivados,51,0.40,11.8,0.06,0.88
C0005K,"Açúcar, cristal,",Produtos açucarados,400,0.32,99.6,,0.00
C0222B,"Berinjela, c/ casca, cozida, drenada, c/ óleo de soja, c/ sal, Solanum melongena L.,",Vegetais e derivados,47,0.77,4.17,2.61,1.86
C1094B,"Cominho, semente, Cuminum cyminum,",Vegetais e derivados,428,17.8,33.7,22.3,10.5
C0167A,"Pastel, c/ recheio de queijo, frito, caseiro, (massa - farinha de trigo, margarina, água e sal, queijo muçarela, frito (c/ óleo de soja),",Cereais e derivados,430,8.71,47.2,22.7,0.94
C0140K,"Rocambole (farinha de trigo, ovo, leite, manteiga, açúcar e fermento químico), recheado com doce de leite, c/ cobertura de açúcar,",Produtos açucarados,396,5.25,60.1,14.6,1.62
C0018K,"Geleia, framboesa, Ritter,",Produtos açucarados,283,0.50,68.0,0.45,2.37
C0781B,"Farofa, carne bovina, s/ sal, (farinha de mandioca (aipim, macaxeira), carne bovina, tomate, azeitona, salsa, c/ óleo, cebola e alho, s/ sal),",Vegetais e derivados,283,10.1,38.2,9.15,3.36
C0819A,"Prato de comida brasileiro (região Sul), 90 g de arroz, polido, cozido + 140 g de feijão, preto, cozido (50% grão e 50% caldo) + 35 g de carne, boi, quarto traseiro, s/ gordura + 110g de macarrão, trigo, c/ ovos, cozido, drenado - c/ óleo, cebola e alho, c/ sal),",Cereais e derivados,137,6.09,16.2,4.48,3.59
C0113C,"Suco natural, abacaxi, maracujá e caju, s/ açúcar,",Frutas e derivados,43,0.57,9.31,0.25,0.76
C0001A,"Arroz, polido, cru (média de diferentes cultivares), Oryza sativa L.,",Cereais e derivados,346,7.04,77.4,0.50,1.68
C0993F,"Carne, frango, sobrecoxa, s/ pele, assada, c/ óleo de soja, alho e pimenta do reino, c/ sal,",Carnes e derivados,216,27.7,0.34,15.1,0.10
C1168A,"Macarrão, trigo, integral, c/ espinafre e molho branco vegano, c/ sal, (macarrão, trigo, integral, espinafre, c/ molho branco vegano (farinha de trigo, bebida vegetal à base de soja), c/ queijo vegetal (tremoço, castanha de caju, água, alho, suco de limão, óleo de girassol, polvilho, ágar ágar), c/ sal),",Cereais e derivados,117,4.29,17.0,2.97,2.66
C0307A,"Sanduíche, pão forma tradicional, c/ presunto, c/ margarina,",Cereais e derivados,252,10.3,27.7,10.7,1.49
C0861F,"Carne, porco, cozida, s/ óleo, c/ sal,",Carnes e derivados,188,36.0,1.41,4.88,0.00
C0130F,"Carne, frango, inteiro, s/ pele, crua, Gallus gallus,",Carnes e derivados,122,20.4,0.00,4.57,0.00
C0830A,"Pão de alho, assado, (pão francês, maionese, alho, salsa, cebolinha, c/ queijo parmesão, c/ sal),",Cereais e derivados,304,10.4,43.6,9.36,2.23
C0358E,"Molusco, lula, cozido, s/ óleo, c/ sal, Order Teuthoidea,",Pescados e Frutos do mar,97,20.8,0.00,1.49,0.00
C0556N,"Papa de fígado bovino e batata doce, c/ caldo de carne, c/ cebola e azeite de oliva, c/ sal,",Alimentos para fins especiais,140,12.6,9.11,5.73,1.05
C0912A,"Macarrão, trigo integral cozido, c/ molho pesto (azeite de oliva, queijo parmesão, manjericão, noz, alho, c/ pimenta-do-reino), s/ sal,",Cereais e derivados,232,6.36,17.9,14.3,3.22
C0571F,"Carne, crocodilo, rabo, crua, Crocodylus spp.,",Carnes e derivados,104,22.5,0.00,1.60,0.00
C0369B,"Salada, legumes cozidos, c/ azeite de oliva, c/ sal, (batata, cenoura, chuchu, c/ azeite de oliva, c/ sal),",Vegetais e derivados,61,0.91,2.28,4.91,2.03
C0086A,"Cereais, barra, frutas e castanha do Brasil, Nutry,",Cereais e derivados,431,5.16,68.7,14.2,4.00
C0583B,"Salada, alface crespa, s/ óleo, s/ sal,",Vegetais e derivados,10,1.35,0.00,0.16,1.83
C0009E,"Molusco, lula, músculo, cru, Loligo plei,",Pescados e Frutos do mar,106,14.4,7.70,2.00,0.00
C0026F,"Carne, boi, acém, s/ gordura, cozida, s/ óleo, s/ sal, Bos taurus,",Carnes e derivados,210,27.3,0.63,10.9,0.00
C0086R,"Manjar, coco, em pó, Ducoco,",Alimentos industrializados,392,0.00,92.7,2.18,0.84
C0013A,"Arroz, farelo, cru, Orysa sativa L.,",Cereais e derivados,324,14.2,11.2,19.3,24.3
C1138B,"Cogumelo, assado, s/ óleo, s/ sal (média de diferentes tipos),",Vegetais e derivados,34,2.47,3.12,0.43,3.66
C0667B,"Salada, acelga, crua, s/ óleo, s/ sal,",Vegetais e derivados,23,1.44,3.51,0.11,1.12
C0234N,"Papa de fígado bovino e batata doce, c/ caldo de frango, c/ cebola, s/ óleo, c/ sal,",Alimentos para fins especiais,123,12.6,9.25,3.70,1.09
C0863B,"Batata, inglesa, s/ casca, assada, alecrim, c/ manteiga, c/ pimenta-do-reino, s/ sal,",Vegetais e derivados,126,2.44,17.9,4.51,1.90
C0322N,"Papa de feijão preto, batata doce, abóbora cabotian (japonesa) e cenoura, c/ caldo de frango, c/ cebola, s/ óleo, c/ sal,",Alimentos para fins especiais,48,2.83,5.88,0.40,4.96
C0756A,"Sanduíche, pão forma tradicional, c/ queijo minas, alface e tomate,",Cereais e derivados,195,9.00,25.6,5.89,1.75
C0271E,"Casquinha de marisco, s/ sal, (mexilhão, tomate, leite de coco, farinha de rosca, queijo parmesão, cebolinha, c/ azeite de dendê, c/ óleo, cebola e alho, c/ pimenta do reino, s/ sal),",Pescados e Frutos do mar,141,11.4,5.11,8.11,0.75
C0843A,"Sanduíche, pão sírio, c/ peito de frango grelhado, alface americana, cenoura crua, tomate e molho de iogurte, s/ óleo, s/ sal,",Cereais e derivados,148,11.4,20.5,2.00,1.47
C0867A,"Sushi, c/ pepino, (arroz para sushi (c/ vinagre de arroz, açúcar e sal), alga nori e pepino),",Cereais e derivados,122,5.28,20.3,1.19,4.73
C0460E,"Peixe, água salgada, salmão, filé, s/ pele, frito (c/ óleo de soja), s/ sal, Salmo salar L.,",Pescados e Frutos do mar,213,19.3,0.83,14.7,0.00
C0340N,"Papa de carne bovina (músculo), feijão carioca, batata baroa (mandioquinha, salsa) e abóbora cabotian (japonesa), c/ caldo de frango, c/ cebola, s/ óleo, c/ sal,",Alimentos para fins especiais,92,10.7,6.01,2.41,1.85
C1034B,"Purê, batata, c/ queijo parmesão, c/ sal, (batata inglesa, margarina, leite, c/ queijo parmesão, c/ sal),",Vegetais e derivados,107,4.57,9.55,5.27,1.38
C0045C,"Mamão, Formosa, polpa, in natura, Carica papaya L.,",Frutas e derivados,47,0.82,9.74,0.12,1.81
C0105K,"Camafeu, (leite condensado, noz, manteiga, leite, c/ açúcar),",Produtos açucarados,375,5.33,59.3,12.7,0.94
C0184N,"Papa de peito de frango, batata baroa (mandioquinha, salsa) e cenoura, c/ caldo de frango, c/ cebola e c/ óleo de soja, s/ sal,",Alimentos para fins especiais,94,11.7,4.14,3.21,0.89
C1081A,"Pizza, calabresa, palmito e queijo muçarela, caseira, (massa (farinha de trigo, óleo, fermento biológico, sal e açúcar), muçarela, palmito, calabresa, c/ molho de tomate (tomate, c/ óleo, cebola e alho, c/ sal), c/ orégano, c/ azeite de oliva),",Cereais e derivados,260,10.1,31.5,9.76,1.85
C0375A,"Sanduíche, peito de frango grelhado (c/ pão de hambúrguer), c/ queijo prato, alface e tomate,",Cereais e derivados,212,17.6,20.0,6.59,1.31
C0102F,"Empada de frango, pré-cozida,",Carnes e derivados,377,7.34,35.5,22.9,
C0138H,"Bebida alcoólica, grappa,",Bebidas,370,0.00,33.6,0.00,0.00
C0255B,"Mostarda, folha, refogada (c/ óleo, cebola e alho), s/ sal, Brassica juncea (L.),",Vegetais e derivados,58,3.71,4.37,2.06,3.80
C0417N,"Papa de batata, cenoura e carne bovina moída (acém), c/ caldo de carne, c/ cebola e azeite de oliva, c/ sal,",Alimentos para fins especiais,109,10.3,3.13,5.92,0.83
C0421F,"Carne, boi, músculo, s/ gordura, cozida, c/ óleo, cebola e alho, c/ sal,",Carnes e derivados,186,29.4,0.58,7.37,0.12
C1047F,"Espetinho de kafta, assado, s/ sal, (carne bovina acém, farinha de rosca, molho inglês, hortelã, salsinha e cebolinha, suco de limão, pimenta do reino, c/ azeite de oliva, s/ sal), Bos taurus,",Carnes e derivados,240,23.5,2.25,15.1,0.51
C0055B,"Quiabo, cozido, drenado, s/ óleo, s/ sal, Hibiscus esculentus L.,",Vegetais e derivados,20,1.32,1.94,0.12,3.13
C0531N,"Papa de carne bovina moída (patinho), cenoura e batata baroa (mandioquinha, batata salsa), c/ caldo de carne, c/ cebola, s/ óleo, s/ sal,",Alimentos para fins especiais,97,13.2,4.45,2.70,0.93
C0001R,"Bolo, mistura p/ (média de diferentes sabores),",Alimentos industrializados,376,6.51,82.8,1.72,1.67
C0334N,"Papa de carne bovina (músculo), feijão preto, batata baroa (mandioquinha, salsa) e abóbora cabotian (japonesa), c/ caldo de frango, c/ cebola, s/ óleo, c/ sal,",Alimentos para fins especiais,89,10.7,5.53,2.21,2.12
C1116A,"Arroz basmati (jasmim), cozido, c/ óleo de soja, cebola e alho, c/ sal,",Cereais e derivados,131,2.67,26.8,1.37,0.50
C0502A,"Sanduíche, vegetariano, pão forma integral, c/ alface, tomate, pimentão vermelho, cebola, berinjela grelhada e cream cheese, c/ sal,",Cereais e derivados,128,5.20,16.8,3.73,2.93
C0205K,"Geladinho (sacolé, dindim), c/ polpa congelada, leite integral, amido de milho, c/ açúcar,",Produtos açucarados,88,2.69,12.6,2.92,0.03
C0621F,"Carne, boi, contrafilé, s/ gordura, refogada (c/ óleo, cebola e alho), s/ sal, Bos taurus,",Carnes e derivados,212,31.8,0.61,9.13,0.14
C0155B,"Quiabo, c/ casca, cozido, drenado, s/ óleo, c/ sal, Hibiscus esculentus L.,",Vegetais e derivados,20,1.32,1.94,0.12,3.13
C1026B,"Nhoque, c/ molho bolonhesa, c/ sal, (batata, ovo, margarina e farinha de trigo, c/ molho bolonhesa (carne moída refogada - acém, c/ molho de tomate, c/ óleo, cebola e alho), c/ sal),",Vegetais e derivados,162,6.38,25.5,3.43,1.83
C0978A,"Pão, bolo, de tapioca, caseiro, (goma de tapioca, ovo, leite, óleo de soja, c/ sal),",Cereais e derivados,291,3.25,30.7,17.2,0.23
C0185K,"Chocolate, ao leite, c/ amendoim,",Produtos açucarados,552,9.02,51.5,33.9,2.24
C0781F,"Carne, frango, fígado, refogada (c/ óleo, cebola e alho), c/ sal,",Carnes e derivados,161,22.6,2.70,6.55,0.13
C0575F,"Churrasquinho (espetinho), carne bovina, s/ sal, (carne bovina - miolo de alcatra, s/ gordura, grelhada, c/ cebola, pimentão e tomate, c/ óleo, s/ sal),",Carnes e derivados,200,22.8,3.57,10.4,0.50
C0068E,"Peixe, água salgada, sardinha, assada, s/ óleo, s/ sal,",Pescados e Frutos do mar,176,27.0,10.3,2.99,0.00
C0070R,"Sopa, cebola, desidratada, Maggi,",Alimentos industrializados,339,7.60,59.4,7.10,3.80
C0209N,"Papa de feijão carioca, ovo e macarrão, c/ caldo de frango, c/ cebola e azeite de oliva, s/ sal,",Alimentos para fins especiais,100,5.25,7.16,5.06,2.65
C1001A,"Bolo, chocolate, c/ recheio, brigadeiro, caseiro, (bolo - farinha de trigo, achocolatado, açúcar, manteiga, ovo e fermento em pó, recheio - leite condensado e chocolate),",Cereais e derivados,387,6.47,54.9,15.5,1.07
C0677N,"Papa de feijão preto, abobrinha e beterraba, c/ caldo de frango, c/ cebola e óleo de soja, s/ sal,",Alimentos para fins especiais,54,2.47,3.95,2.28,3.84
C0287A,"Sanduíche, queijo quente, pão forma integral, c/ queijo prato, c/ manteiga,",Cereais e derivados,337,15.0,21.8,20.5,2.64
C0302N,"Papa de carne bovina (músculo), feijão carioca, batata, abóbora (jerimum) e cenoura, c/ caldo de frango, c/ cebola, s/ óleo, s/ sal,",Alimentos para fins especiais,84,10.7,3.88,2.40,1.87
C0159B,"Chicória, refogada (c/ óleo, cebola e alho), c/ sal, Cichorium endivia L.,",Vegetais e derivados,35,2.09,1.57,1.45,3.88
C0024T,"Ervilha, fresca/seca, cozida, s/ óleo, s/ sal, Pisum sativum L.,",Leguminosas e derivados,93,6.62,12.4,0.62,5.72
C0500A,"Sanduíche, pão forma integral, c/ alface, tomate, sardinha em conserva e maionese,",Cereais e derivados,214,9.17,22.8,8.91,2.98
C0201T,"Cassoulet, c/ feijão branco, c/ carne, c/ sal, (feijão branco, carne bovina - músculo, coxa de frango, linguiça calabresa, toucinho defumado (bacon), tomate, cenoura, ervilha, vagem, cheiro verde, c/ pimenta-do reino, c/ óleo, cebola e alho, c/ sal),",Leguminosas e derivados,171,11.6,6.95,10.2,2.44
C0771F,"Carne, frango, coração, grelhada, s/ óleo, c/ sal, Gallus gallus,",Carnes e derivados,198,22.3,0.00,12.0,0.00
C1023B,"Creme, milho verde, c/ sal, (milho verde, creme de leite, cebola, c/ caldo de vegetais, c/ molho branco (farinha de trigo, manteiga e leite), c/ sal),",Vegetais e derivados,124,3.83,13.2,5.84,1.71
C0250C,"Suco, néctar, manga, c/ suco de maçã, c/ açúcar,",Frutas e derivados,40,0.06,9.61,0.05,0.26
C0636F,"Carne, boi, patinho, s/ gordura, à milanesa (ovo e farinha de rosca), frita (c/ óleo de soja), c/ sal, Bos taurus,",Carnes e derivados,249,25.6,7.46,12.9,0.48
C0086B,"Jurubeba, crua, Solanum spp.,",Vegetais e derivados,101,4.41,0.00,3.91,23.9
C0111B,"Nhoque (batata, ovo, margarina e farinha de trigo), cozido, s/ molho, s/ sal,",Vegetais e derivados,184,5.86,35.0,1.94,1.78
C0865B,"Batata, inglesa, s/ casca, assada, alecrim, c/ azeite de oliva, c/ pimenta-do-reino, s/ sal,",Vegetais e derivados,132,2.42,17.9,5.21,1.90
C0091E,"Peixe, água doce, Corimba, cozido, s/ óleo, c/ sal, Prochilodus lineatus,",Pescados e Frutos do mar,150,22.2,0.00,6.80,0.00
C0869A,"Sequilho, (amido de milho (maisena), gema de ovo, manteiga e açúcar),",Cereais e derivados,465,1.29,62.5,23.2,0.37
C0017L,"Sal, dietético,",Miscelâneas,0,,,,
C0841A,"Sanduíche, hambúrguer bovino grelhado (c/ pão hambúrguer), c/ queijo cheddar, alface e tomate,",Cereais e derivados,217,10.3,21.7,9.62,1.19
C0721A,"Arroz com jambu, c/ arroz integral, s/ sal, (arroz integral, jambu, c/ óleo, cebola e alho, s/ sal),",Cereais e derivados,108,2.62,16.8,2.79,2.56
C0092E,"Peixe, água doce, Dourado, filé, fresco, cozido, s/ óleo, s/ sal, Brachyplatystoma flavicans,",Pescados e Frutos do mar,149,22.1,0.00,6.77,0.00
C0432E,"Peixe, água salgada, cação, à milanesa (farinha de rosca e ovo), frito (c/ óleo de soja), s/ sal, Carcharhinus spp.,",Pescados e Frutos do mar,269,22.6,17.2,12.0,0.96
C0225F,"Estrogonofe de frango, s/ sal, (peito de frango, cogumelo paris, creme de leite, catchup e mostarda, cebola, c/ óleo, s/ sal),",Carnes e derivados,152,17.6,2.59,7.96,0.00
C0040E,"Peixe, água salgada, atum, sólido, conserva em óleo (média de diferentes marcas),",Pescados e Frutos do mar,157,26.2,1.58,5.05,0.00
C1140B,"Cogumelo, assado, c/ azeite de oliva, pimenta do reino, c/ sal (média de diferentes tipos),",Vegetais e derivados,64,2.40,3.08,3.90,3.56
C0011J,"Ovo, galinha, inteiro, cru (média de várias amostras),",Ovos e derivados,135,11.3,2.13,9.05,0.00
C0221N,"Papa de carne bovina moída (acém), abóbora (jerimum) e chuchu, c/ caldo de frango, c/ cebola e azeite de oliva, s/ sal,",Alimentos para fins especiais,112,10.8,2.86,6.22,0.83
C0119N,"Papa de peito de frango, batata doce e abobrinha, c/ caldo de frango, c/ cebola, c/ óleo de soja, c/ sal,",Alimentos para fins especiais,91,12.1,7.34,1.23,1.27
C0453N,"Papa de carne bovina moída (acém), abóbora (jerimum) e chuchu, c/ caldo de carne, c/ cebola, s/ óleo, s/ sal,",Alimentos para fins especiais,95,10.8,2.98,4.26,0.87
C0340B,"Cenoura, s/ casca, cozida, c/ molho de tomate (tomate, c/ óleo, cebola e alho), s/ sal, Daucus carota L.,",Vegetais e derivados,21,0.82,2.15,0.31,3.09
C0916F,"Sarapatel (arrasto suíno), c/ sal, (vísceras de porco, coração, fígado, rim, bucho e tripas, sangue de porco, pimentão, tomate, suco de limão, c/ óleo, cebola e alho, c/ sal),",Carnes e derivados,118,18.4,1.09,4.40,
C0045H,"Bebida, capuccino (leite, café e achocolatado em pó), s/ açúcar,",Bebidas,87,2.60,13.0,2.57,0.60
C0038R,"Maria mole, morango, em pó (média de diferentes marcas),",Alimentos industrializados,387,21.7,72.7,0.75,1.16
C0774B,"Bobó de frango, s/ sal, (mandioca (aipim, macaxeira), peito de frango refogado, tomate, cheiro verde, pimentão, leite de coco, azeite de dendê, c/ caldo de frango, c/ óleo, cebola e alho, s/ sal),",Vegetais e derivados,125,7.10,8.60,5.25,2.21
C0304A,"Sanduíche, pão forma integral, c/ presunto, c/ maionese,",Cereais e derivados,222,9.92,23.9,9.08,2.64
C0192F,"Lombo, canadense, defumado,",Carnes e derivados,200,35.7,0.00,6.40,
C0915F,"Frango com açafrão (cúrcuma), c/ sal, (carne de frango, coxa, sobrecoxa, peito, asa, cenoura, batata, tomate, cebola, açafrão em pó (cúrcuma), c/ óleo, c/ sal),",Carnes e derivados,140,15.7,2.50,7.36,0.22
C0253N,"Papa de ovo e batata, c/ caldo de frango, c/ cebola, s/ óleo, s/ sal,",Alimentos para fins especiais,72,5.00,4.81,3.53,0.65
C0336B,"Cenoura, s/ casca, sauté (c/ margarina e salsa), s/ sal, Daucus carota L.,",Vegetais e derivados,63,1.20,4.89,3.57,3.08
C0155A,"Pão, trigo, integral, forma (média de diferentes marcas),",Cereais e derivados,249,10.5,43.3,2.54,5.29
C0392N,"Papa de carne bovina moída (acém), fubá e couve, c/ caldo de carne, c/ cebola, s/ óleo, c/ sal,",Alimentos para fins especiais,111,10.9,7.15,4.13,0.94
C0991B,"Salada, rúcula, c/ molho vinagrete (tomate, cebola, salsa, vinagre, azeite de oliva), s/ sal,",Vegetais e derivados,25,2.32,0.73,0.96,2.29
C0103A,"Cereal matinal, milho, c/ açúcar, Sucrilhos,",Cereais e derivados,378,4.20,89.0,0.38,0.93
C0237N,"Papa de peito de frango e inhame, c/ caldo de frango, c/ cebola e óleo de soja, c/ sal,",Alimentos para fins especiais,114,13.7,6.91,3.35,0.65
C0027U,"Creme vegetal, à base de castanha de caju,",Sementes e Oleaginosas,154,5.18,4.99,12.4,1.02
C0425B,"Salada, vegetais crus,  c/ azeite de oliva, c/ sal, (repolho roxo, cenoura, alface americana, tomate, c/ azeite de oliva, c/ sal),",Vegetais e derivados,62,0.94,2.68,4.88,1.87
C0588F,"Carne, cabrito, cozida, c/ batata, cenoura, chuchu, abobrinha, ervilha em vagem, alecrim, c/ óleo, cebola e alho, c/ pimenta do reino, s/ sal,",Carnes e derivados,97,14.3,2.74,2.88,1.35
C0921B,"Cebolinha, verde, cozida, s/ óleo, c/ sal,",Vegetais e derivados,10,0.89,0.91,0.15,0.68
C0102H,"Bebida, café descafeinado - infusão 8% - médio, c/ leite desnatado (meio a meio), ""média"", c/ açúcar,",Bebidas,45,1.48,3.02,0.29,0.33
C0198K,"Bala gelatina, goma,",Produtos açucarados,327,4.60,74.9,0.50,2.40
C1141A,"Sanduíche, pão ciabatta, c/ tofu, queijo vegetal de castanha de caju, molho pesto de manjericão, pasta de abacate, cebola caramelizada, tomate seco, molho de pimenta e orégano,",Cereais e derivados,243,7.85,28.3,10.3,2.85
C0119B,"Cuxá, molho, s/ sal, (quiabo, camarão fresco e seco, tomate, farinha de mandioca, ervas frescas (salsinha, coentro, cebolinha), azedinha/vinagreira, gergelim torrado, cebola, alho, vinagre, suco de limão, pimenta vermelha, c/ azeite de oliva, s/ sal),",Vegetais e derivados,72,5.64,2.72,3.59,3.02
C0300C,"Abacaxi, grelhado, c/ cobertura de chocolate,",Frutas e derivados,148,1.69,20.2,6.43,1.10
C0164F,"Carne, porco, lombo, crua, Sus ssp.,",Carnes e derivados,180,20.0,0.00,11.1,0.00
C0908B,"Mandioca (aipim, macaxeira), s/ casca, cozida, drenada, s/ óleo, c/ sal, Manihot esculenta Crantz.,",Vegetais e derivados,120,0.64,27.9,0.24,1.77
C0001G,"Bebida láctea (média de diferentes sabores),",Leite e derivados,68,3.01,10.1,1.68,0.06
C0569F,"Sangue, porco, cru,",Carnes e derivados,75,18.5,0.01,0.10,0.00
C0374F,"Carne, boi, filé mignon, s/ gordura, grelhada, c/ óleo, cebola e alho, c/ sal,",Carnes e derivados,212,31.3,0.42,9.44,0.11
C0231F,"Carne, frango, peito, c/ pele, assada, s/ óleo, c/ sal, Gallus gallus,",Carnes e derivados,201,33.1,0.00,7.59,0.00
C0188E,"Peixe, água salgada, porquinho, cozido, c/ molho de tomate (tomate, c/ óleo, cebola e alho), c/ sal, Prochilodus spp.,",Pescados e Frutos do mar,93,19.2,0.12,1.69,0.51
C0164E,"Peixe, água salgada, pescada, cozido, drenado, s/ óleo, s/ sal, Macrodon oncylodon,",Pescados e Frutos do mar,122,19.8,0.00,4.70,0.00
C1080A,"Torta, c/ vegetais, c/ farinha de arroz, vegana, s/ sal, (farinha de arroz, amido de milho, bebida vegetal à base de castanha de caju, óleo de soja, milho, ervilha, tomate, brócolis, azeitona, cheiro verde, vinagre de maçã, fermento químico, s/ sal),",Cereais e derivados,263,4.08,30.6,13.5,1.33
C0809B,"Pirão de leite, c/ sal, (leite, farinha de mandioca (aipim, macaxeira), manteiga, cebola, c/ pimenta-do-reino, c/ sal),",Vegetais e derivados,122,2.58,13.4,6.21,0.86
C0273F,"Carne, boi, quarto traseiro, c/ gordura, grelhada, c/ molho branco (farinha de trigo, manteiga e leite), c/ sal,",Carnes e derivados,269,24.0,3.16,17.8,0.05
C0106H,"Bebida, capuccino (leite desnatado, infusão café descafeinado e cacau em pó), s/ açúcar,",Bebidas,49,3.26,5.63,1.02,2.02
C0466N,"Papa de peito de frango, fubá e couve, c/ caldo de frango, c/ cebola e óleo de soja, c/ sal,",Alimentos para fins especiais,109,12.3,6.79,3.40,0.90
C0667N,"Papa de carne bovina moída (acém), fubá e espinafre, c/ caldo de frango, c/ cebola e óleo de soja, s/ sal,",Alimentos para fins especiais,128,10.7,7.07,6.08,0.81
C0636N,"Papa de feijão preto, batata doce, abóbora cabotian (japonesa) e cenoura, c/ caldo de carne, c/ cebola e óleo de soja, s/ sal,",Alimentos para fins especiais,66,2.55,6.05,2.40,5.20
C0538B,"Salada, pimentão verde, cru, s/ óleo, s/ sal,",Vegetais e derivados,20,0.91,2.78,0.27,1.59
C0218N,"Papa de carne bovina moída (acém), abóbora (jerimum) e chuchu, c/ caldo de frango, c/ cebola e azeite de oliva, c/ sal,",Alimentos para fins especiais,112,10.8,2.84,6.22,0.83
C0561N,"Papa de fígado bovino e batata doce, c/ caldo de carne, c/ cebola, s/ óleo, s/ sal,",Alimentos para fins especiais,123,12.6,9.27,3.73,1.10
C1086A,"Sanduíche, pão forma integral, c/ manteiga, s/ sal,",Cereais e derivados,390,7.68,30.9,25.3,3.78
C0311N,"Papa de feijão carioca, batata, abóbora (jerimum) e cenoura, c/ caldo de frango, c/ cebola, s/ óleo, c/ sal,",Alimentos para fins especiais,55,2.98,6.42,0.98,4.06
C0788B,"Farofa, ovos, c sal, (farinha de mandioca (aipim, macaxeira), ovo, azeitona, salsa, c/ óleo, cebola e alho, c/ sal),",Vegetais e derivados,310,4.49,46.5,10.9,3.93
C0487E,"Peixe, água doce, Tilápia, filé s/ pele, grelhado, c/ óleo de soja, c/ sal,",Pescados e frutos do mar,114,17.9,0.00,4.67,0.00
C0636B,"Salada, rúcula, c/ molho de salada - salsa, vinagre de maçã, azeite de oliva, c/ sal,",Vegetais e derivados,48,2.36,0.64,3.48,2.28
C0438A,"Crepe, c/ presunto, c/ queijo muçarela, (massa - farinha de trigo, leite, ovo, óleo de soja e sal, presunto e queijo muçarela),",Cereais e derivados,230,15.2,13.0,12.9,0.36
C0468N,"Papa de peito de frango, fubá e couve, c/ caldo de frango, c/ cebola e óleo de soja, s/ sal,",Alimentos para fins especiais,109,12.3,6.80,3.40,0.91
C0129E,"Peixe, água salgada, atum, assado/grelhado, s/ óleo, s/ sal, Thunnus thynnus,",Pescados e Frutos do mar,149,34.7,0.00,1.18,0.00
C0891B,"Sopa, canja, c/ legumes, c/ arroz polido, c/ peito de frango, c/ sal, (carne, frango, peito, c/ cenoura, batata, tomate e aipo (salsão), c/ arroz polido, c/ caldo de frango, c/ salsinha e cebolinha, c/ óleo, cebola e alho, c/ sal),",Vegetais e derivados,70,7.48,5.36,1.86,0.80
C0478E,"Peixe, água doce, Tambaqui, cru (média de cortes e amostras), Colossoma macropomum,",Pescados e frutos do mar,140,19.9,0.00,6.67,0.00
C0591A,"Canelone, c/ peito de frango refogado, c/ molho branco, caseiro, c/ sal, (massa com farinha de trigo, c/ peito de frango refogado (c/ óleo, cebola e alho), c/ molho branco (farinha de trigo, manteiga e leite), c/ sal),",Cereais e derivados,167,17.7,12.8,4.88,0.61
C0558N,"Papa de fígado bovino e batata doce, c/ caldo de carne, c/ cebola e óleo de soja, s/ sal,",Alimentos para fins especiais,140,12.6,9.12,5.73,1.06
C0033E,"Peixe, água doce, tucunaré, inteiro, cru, Cichla ocellaris spp.,",Pescados e Frutos do mar,133,22.0,1.85,4.15,0.00
C0693A,"Cuscuz, atum, s/ sal, (farinha de milho, atum, ervilha e palmito em conserva, salsa, cebolinha, azeitona, tomate, ovo cozido, c/ molho de tomate (tomate, c/ óleo, cebola e alho), s/ sal),",Cereais e derivados,108,5.24,13.0,3.46,1.98
C0006E,"Crustáceo, lagosta, cozido, s/ óleo, s/ sal, Panulirus argus,",Pescados e Frutos do mar,83,19.0,0.08,0.74,0.00
C0489N,"Papa de carne bovina moída (patinho), cenoura e batata baroa (mandioquinha, batata salsa), c/ caldo de frango, c/ cebola, s/ óleo, s/ sal,",Alimentos para fins especiais,97,13.2,4.45,2.67,0.93
C0276A,"Sanduíche, queijo quente, pão forma integral, c/ queijo muçarela e maionese,",Cereais e derivados,286,13.6,21.7,15.6,2.40
C0054B,"Batata, baroa (mandioquinha, batata salsa), s/ casca, cozida, drenada, s/ óleo, s/ sal, Chaerophyllum bulbosum,",Vegetais e derivados,77,0.85,17.2,0.17,1.76
C0070H,"Bebida, café, descafeinado, infusão 10 %, s/ açúcar,",Bebidas,8,0.22,0.60,0.32,0.87
C0405B,"Salada, folhas e vegetais, c/ óleo de soja, s/ sal, (rúcula, tomate seco, c/ óleo de soja, s/ sal),",Vegetais e derivados,256,1.93,9.15,23.0,2.32
C0465B,"Pimentão, cozido, drenado, s/ óleo, s/ sal, Capsicum annuum L.,",Vegetais e derivados,28,1.26,4.11,0.31,1.93
C0088A,"Cereais, farinha, láctea,",Cereais e derivados,401,12.2,73.2,6.06,2.47
C0308B,"Mandioca (aipim, macaxeira), s/ casca, cozida, c/ óleo de soja, s/ sal, Manihot esculenta Crantz,",Vegetais e derivados,159,0.61,26.6,5.23,1.68
C0316N,"Papa de banana e maçã, c/ aveia em flocos, s/ açúcar,",Alimentos para fins especiais,183,5.57,31.0,3.01,4.68
C0166F,"Carne, porco, paleta, crua, Sus ssp.,",Carnes e derivados,220,18.1,5.65,13.9,0.00
C0014B,"Berinjela, c/ casca, crua, Solanum melongena L.,",Vegetais e derivados,18,1.01,1.88,0.13,2.69
C0318A,"Sanduíche, hambúrguer grelhado (c/ pão hambúrguer), c/ alface, tomate, queijo prato, maionese e ovo frito,",Cereais e derivados,246,11.9,18.7,13.6,0.93
C1111A,"Arroz de leite, (arroz integral, leite integral, c/ óleo de soja, cebola e alho, c/ sal),",Cereais e derivados,104,2.58,17.0,2.51,1.61
C0785F,"Carne, peru, peito, s/ pele, frita (c/ óleo de soja), c/ sal, Meleagris gallopavo,",Carnes e derivados,199,27.4,0.00,9.90,0.00
C0965B,"Rúcula, refogada (c/ óleo, cebola e alho), c/ sal,",Vegetais e derivados,34,3.01,0.94,1.35,2.94
C0954F,"Rocambole de carne, c/ sal, (carne bovina patinho, farinha de rosca, queijo muçarela, presunto, ovo, cebola, salsa, cebolinha, c/ sal),",Carnes e derivados,175,19.8,8.98,6.44,0.85
C0642N,"Papa de peito de frango, batata e cenoura, c/ caldo de carne, c/ cebola e c/ óleo de soja, c/ sal,",Alimentos para fins especiais,95,13.2,2.57,3.37,0.73
C0429A,"Pizza, portuguesa, caseira, (massa (farinha de trigo, óleo, fermento biológico, sal e açúcar), queijo muçarela, presunto, cebola, tomate, azeitona e ovo cozido, c/ molho de tomate (tomate, c/ óleo, cebola e alho, c/ sal),",Cereais e derivados,252,9.67,34.6,7.89,1.62
C0208N,"Papa de feijão carioca, ovo e macarrão, c/ caldo de frango, c/ cebola e óleo de soja, s/ sal,",Alimentos para fins especiais,100,5.25,7.16,5.06,2.65
C0671N,"Papa de ameixa e mamão, c/ aveia em flocos, s/ açúcar,",Alimentos para fins especiais,153,5.36,24.8,2.78,4.60
C0495N,"Papa de carne bovina moída (patinho), abóbora (jerimum) e chuchu, c/ caldo de frango, c/ cebola, s/ óleo, s/ sal,",Alimentos para fins especiais,96,14.0,2.87,2.91,0.87
C0499E,"Peixe, água doce, Pirarucu, músculo dorsal/ventral, salgado, dessalgado (média de várias amostras estado AM), Arapaima gigas,",Pescados e frutos do mar,116,17.9,0.00,4.95,0.00
C0760A,"Sanduíche, pão forma tradicional, c/ ricota e temperos, alface e tomate,",Cereais e derivados,169,8.19,25.8,3.27,1.75
C0332F,"Carne, boi, capa de contra-filé, s/ gordura, grelhada, c/ manteiga, s/ sal,",Carnes e derivados,284,31.6,0.00,17.6,0.00
C0425F,"Carne, boi, músculo, s/ gordura, cozida, c/ batata e cenoura, c/ óleo, cebola e alho, c/ sal,",Carnes e derivados,237,16.0,2.52,18.0,0.67
C0017U,"Babaçu, mesocarpo, farinha, crua, Attalea speciosa,",Sementes e Oleaginosas,288,1.41,61.3,0.20,17.9
C0535F,"Carne, frango, caipira, inteiro, s/ pele, cozida, salsa, c/ molho de tomate (tomate, c/ óleo, cebola e alho), c/ pimenta-do-reino, c/ sal,",Carnes e derivados,163,21.3,1.78,7.64,0.82
C0137A,"Trigo, farelo,",Cereais e derivados,277,17.5,17.8,4.74,46.4
C0294C,"Cubiu (Maná-cubiu), in natura, Solanum sessiliflorum,",Frutas e derivados,31,0.72,3.63,0.75,3.60
C0246F,"Molho, à bolonhesa (25% de carne moída), c/ sal, (carne, boi, acém, moída, refogada, c/ molho de tomate, c/ óleo, cebola e alho, c/ sal),",Carnes e derivados,110,7.67,3.25,6.96,1.95
C0886A,"Sopa instantânea, c/ macarrão,",Cereais e derivados,24,1.03,3.97,0.44,0.20
C0448F,"Carne, boi, patinho, s/ gordura, grelhada, c/ manteiga, s/ sal,",Carnes e derivados,267,32.3,0.30,15.2,0.00
C0022C,"Suco, limão, Tahiti, s/ açúcar (s/ diluição em água), Citrus aurantifolia Swing,",Frutas e derivados,47,0.94,9.90,0.14,1.18
C0713B,"Nori, alga, seca, Porphyra spp.,",Vegetais e derivados,229,34.8,2.70,0.70,36.4
C0024C,"Mamão, polpa, in natura, Carica papaya L.,",Frutas e derivados,44,0.57,8.89,0.25,1.83
C0961B,"Tabule, c/ sal, (trigo para quibe, pepino, cebola, tomate, salsinha, hortelã, suco de limão, c/ azeite de oliva, c/ sal),",Vegetais e derivados,57,2.04,8.47,1.20,2.08
C0700B,"Cogumelo, Shiimeji, cru, Pleurotus ostreatus,",Vegetais e derivados,31,2.55,2.41,0.35,4.22
C0070B,"Catalonha, crua, Cichorium intybus L.,",Vegetais e derivados,25,1.87,2.70,0.28,2.05
C0210B,"Almeirão, cozido, drenado, s/ óleo, c/ sal,",Vegetais e derivados,19,1.84,0.79,0.30,3.13
C0637B,"Salada, rúcula, s/ óleo, s/ sal,",Vegetais e derivados,17,2.48,0.29,0.12,2.43
C0632B,"Salada, repolho roxo cru, c/ molho vinagrete (tomate, cebola, salsa, vinagre e azeite de oliva), c/ sal,",Vegetais e derivados,37,1.15,3.48,1.74,1.54
C0215F,"Salsicha, hot dog, não aquecida, Sadia,",Carnes e derivados,266,13.2,6.03,21.0,
C0188T,"Missô, pasta de soja, shirô, Sakura,",Leguminosas e derivados,158,12.0,13.7,5.00,5.31
C0526A,"Arroz com legumes, c/ arroz integral, c/ sal, (arroz integral, c/ cenoura, pimentão amarelo e vermelho, ervilha e milho em conserva, abobrinha, brócolis, c/ óleo, cebola e alho, c/ sal),",Cereais e derivados,104,2.51,16.0,2.77,2.64
C0010E,"Molusco, mexilhão, cru, Anomalocardia brasiliana,",Pescados e Frutos do mar,71,12.7,2.53,1.10,0.00
C1058A,"Sopa, carne bovina, c/ macarrão, c/ vegetais, c/ sal, (carne bovina músculo, c/ macarrão, c/ batata, abobrinha, repolho e chuchu, purê de tomate, c/ caldo de carne, c/ óleo, cebola e alho, c/ sal),",Cereais e derivados,73,4.77,9.28,1.65,1.02
C0123B,"Pão, de queijo, industrializado, assado,",Vegetais e derivados,381,7.18,35.0,23.4,0.61
C0181A,"Milho, verde, grão, assado, c/ sal, Zea mays,",Cereais e derivados,165,7.87,29.4,0.73,4.68
C0115N,"Papa de fígado bovino, batata e cenoura, c/ caldo de frango, c/ cebola, c/ azeite de oliva, s/ sal,",Alimentos para fins especiais,120,12.6,4.27,5.68,0.74
C0587B,"Salada, alface lisa, c/ molho de salada - salsa, suco de limão, azeite de oliva, c/ sal,",Vegetais e derivados,45,1.68,0.60,3.48,2.23
C0371F,"Carne, boi, coxão mole (polpa, chã de dentro), s/ gordura, cozida, c/ molho de tomate (tomate, c/ óleo, cebola e alho), c/ sal,",Carnes e derivados,182,26.1,0.81,8.16,0.50
C0002E,"Crustáceo, camarão, s/ casca, cru, Penaeus brasiliensis,",Pescados e Frutos do mar,45,10.3,0.00,0.43,0.00
C0266F,"Carne, boi, quarto traseiro, s/ gordura, cozida, c/ batata e vegetais - cenoura, chuchu, vagem, c/ molho de tomate (tomate, c/ óleo, cebola e alho), c/ sal,",Carnes e derivados,124,15.7,2.43,5.47,1.02
C0868F,"Carne, boi, costela, cozida, c/ molho de tomate (tomate, c/ óleo, cebola e alho), c/ sal,",Carnes e derivados,244,25.0,0.81,15.5,0.50
C0837A,"Sonho, frito, s/ recheio, s/ açúcar polvilhado, (farinha de trigo, ovo, margarina, leite, sal, fermento químico, óleo de soja para fritura),",Cereais e derivados,332,8.12,52.1,9.76,1.61
C0135N,"Papa de feijão preto, macarrão e chicória, c/ caldo de frango, c/ cebola, s/ óleo, s/ sal,",Alimentos para fins especiais,55,3.26,7.25,0.41,4.70
C0337E,"Mujica/mojica de peixe (pirão de peixe), (tambaqui, farinha de mandioca (aipim, macaxeira), extrato de tomate, tomate, cebolinha, c/ caldo de peixe, c/ óleo, cebola e alho, c/pimenta-do-reino, c/ sal),",Pescados e Frutos do mar,132,4.03,22.0,2.72,1.94
C1073A,"Bolo de cenoura, c/ cobertura de chocolate e leite de coco, s/ glúten, s/ lactose, caseiro, (cenoura, farinha de arroz, óleo de soja, ovo, leite de coco, cacau em pó, fermento químico, c/ sal, c/ açúcar),",Cereais e derivados,393,4.71,50.5,18.3,3.97
C0412F,"Carne, boi, miolo de alcatra, s/ gordura, grelhada, c/ óleo, cebola e alho, c/ sal,",Carnes e derivados,243,30.4,3.01,12.1,0.11
C0665A,"Sopa, milho, fubá, c/ couve, c/ sal, (milho, fubá, couve, c/ caldo de frango, c/ óleo, cebola e alho, c/ sal),",Cereais e derivados,59,2.05,9.40,1.16,1.45
C0260B,"Repolho, branco, cozido, c/ molho branco (leite, manteiga e farinha de trigo), c/ sal, Brassica oleracea L. var. capitata,",Vegetais e derivados,56,2.31,5.41,2.60,1.07
C0866A,"Sanduíche, cheese salada, hambúrguer bovino grelhado (c/ pão hambúrguer), c/ queijo muçarela, alface, tomate e maionese,",Cereais e derivados,234,10.5,22.2,11.3,1.19
C0085A,"Cereais, barra, coco c/ chocolate, Ritter,",Cereais e derivados,405,6.63,67.9,10.4,6.40
C0510B,"Salada, cenoura cozida, cebola, c/ molho vinagrete (tomate, cebola, salsa, vinagre e azeite de oliva), s/ sal,",Vegetais e derivados,34,0.61,2.65,1.90,1.94
C0243B,"Mostarda, cozida, drenada, c/ óleo de soja, s/ sal, Brassica juncea (L.),",Vegetais e derivados,48,2.17,2.30,2.91,2.24
C0166C,"Suco, concentrado, preparado, uva, c/ açúcar, suco concentrado preparado uva acucar,",Frutas e derivados,53,0.01,13.1,,0.08
C0973A,"Biscoito, tipo goiabinha, c/ farinha integral, c/ recheio de goiaba, (farinha de trigo, farinha de trigo integral, açúcar, manteiga, ovo, casca de limão e goiabada),",Cereais e derivados,477,7.11,76.5,15.4,1.88
C0669F,"Carne, boi, paleta, s/ gordura, cozida, c/ molho de tomate (tomate, c/ óleo, cebola e alho), c/ sal, Bos taurus,",Carnes e derivados,163,24.0,0.82,6.94,0.51
C0173B,"Salada, couve, crua, c/ molho vinagrete (tomate, cebola, salsinha, vinagre e óleo), s/ sal, Brassica oleracea var. Acephala,",Vegetais e derivados,49,2.27,2.25,2.92,2.48
C0731B,"Caldo de cogumelos, caseiro, s/ óleo, s/ sal, (shiitake, c/ cebola, cenoura, aipo (salsão), alho-poró, alho, s/ óleo, s/ sal),",Vegetais e derivados,8,0.27,1.47,0.03,0.37
C0194E,"peixe agua salgada merluza frito oleo soja sal, Merlucius hubbsi,",Pescados e Frutos do mar,130,16.6,0.00,7.02,0.00
C0184A,"Canjica, milho, branca, cozida, c/ leite integral e açúcar,",Cereais e derivados,113,2.36,22.4,1.24,1.22
C0038F,"Carne, boi, fraldinha, c/ gordura, cozida, s/ sal, Bos taurus,",Carnes e derivados,329,24.0,0.04,25.9,0.00
C0559N,"Papa de fígado bovino e batata doce, c/ caldo de carne, c/ cebola e azeite de oliva, s/ sal,",Alimentos para fins especiais,140,12.6,9.12,5.73,1.06
C0075T,"Ervilha, em vagem, fresca, cozida, drenada, s/ óleo, s/ sal, Pisum sativum L.,",Leguminosas e derivados,36,2.72,3.26,0.25,4.84
C0921F,"Quibe, bovino, cru, c/ sal, (trigo para quibe, carne bovina patinho, cebola, cebolinha, hortelã, pimenta-do-reino, canela, c/ sal),",Carnes e derivados,107,12.3,10.7,1.66,
C0456F,"Carne, boi, peito, s/ gordura, grelhada, c/ manteiga, s/ sal,",Carnes e derivados,372,19.8,0.00,32.6,0.00
C0125N,"Papa de batata, cenoura e carne moída bovina (acém), c/ caldo de frango, c/ cebola e óleo de soja, s/ sal,",Alimentos para fins especiais,108,10.3,3.15,5.89,0.83
C0547F,"Carne, frango, inteiro, ensopado, c/ batata, salsa, c/ molho de tomate (tomate, c/ óleo, cebola e alho), c/ pimenta-do-reino, s/ sal,",Carnes e derivados,144,16.3,3.00,7.17,0.93
C0904B,"Chuchu, s/ casca, cozido, c/ molho branco (farinha de trigo, manteiga e leite), gratinado, c/ queijo parmesão, c/ sal,",Vegetais e derivados,76,2.87,5.69,4.35,1.14
C0061G,"Queijo, parmesão, ralado, Teixeira,",Leite e derivados,478,32.1,4.83,36.7,2.52
C0115T,"Vagem, cozida, drenada, c/ óleo de soja, c/ sal, Phaseolus vulgaris,",Leguminosas e derivados,44,1.56,2.63,2.53,2.28
C0975A,"Pão, australiano, caseiro, (farinha de trigo, farinha de trigo integral, farinha de centeio, melado de cana, fubá, fermento biológico, água, cacau em pó, manteiga, c/ açúcar mascavo, c/ sal),",Cereais e derivados,376,9.66,56.2,6.90,7.21
C0036F,"Carne, boi, filé mignon, s/ gordura, grelhada, s/ óleo, s/ sal, Bos taurus,",Carnes e derivados,211,32.8,0.05,8.83,0.00
C0094B,"Pão, de queijo, industrializado, cru,",Vegetais e derivados,293,3.65,37.5,14.0,0.98
C0482N,"Papa de carne bovina moída (patinho), macarrão e brócolis, c/ caldo de frango, c/ cebola, s/ óleo, c/ sal,",Alimentos para fins especiais,112,15.5,4.99,3.09,0.94
C0319A,"Sanduíche, pão forma tradicional, c/ margarina, c/ sal,",Cereais e derivados,359,6.80,34.9,21.0,1.91
C0734A,"Bruschetta, c/ muçarela de búfala, c/ sal, (pão italiano, tomate, azeite de oliva, alho, manjericão, muçarela de búfala, c/ sal),",Cereais e derivados,251,9.40,31.9,9.06,2.26
C0114N,"Papa de fígado bovino, batata e cenoura, c/ caldo de frango, c/ cebola, c/ óleo de soja, s/ sal,",Alimentos para fins especiais,120,12.6,4.27,5.68,0.74
C0114F,"Carne, frango, peito, s/ pele, grelhada, s/ óleo, s/ sal, Gallus gallus,",Carnes e derivados,150,32.0,0.00,2.48,0.00
C0583F,"Carne, cabrito, cozida, assada, s/ óleo, s/ sal,",Carnes e derivados,136,27.1,0.00,3.03,0.00
C0158F,"Carne, porco, bisteca, crua, Sus ssp.,",Carnes e derivados,151,20.9,1.50,6.84,0.00
C0512F,"Carne, bovino, rabo, cozido, s/ óleo, s/ sal, Bos taurus,",Carnes e derivados,351,21.7,0.00,29.3,0.00
C0467F,"Carne, boi, picanha, s/ gordura, grelhada, c/ manteiga, s/ sal,",Carnes e derivados,287,28.8,0.81,18.8,0.00
C0283F,"Carne, boi, quarto traseiro, s/ gordura, grelhada, c/ óleo e cebola, c/ sal,",Carnes e derivados,224,30.5,0.84,10.9,0.11
C0293E,"Frutos do mar com legumes, s/ sal, (frutos do mar - camarão, lula, mexilhão e polvo, legumes - cenoura, vagem, couve-flor, brócolis e champginon paris, tomate, pimentão, salsa, suco de limão, c/ óleo, cebola e alho, c/ pimenta-do-reino, s/ sal),",Pescados e Frutos do mar,68,9.39,2.47,2.01,1.28
C0769A,"Sanduíche, pão sírio, c/ alface, tomate, cenoura e pepino,",Cereais e derivados,142,5.14,27.8,0.69,2.15
C0143N,"Papa de carne bovina (músculo), feijão carioca, batata, abóbora (jerimum) e cenoura, c/ caldo de frango, c/ cebola e óleo de soja, c/ sal,",Alimentos para fins especiais,101,10.7,3.85,4.40,1.86
C0131F,"Carne, frango, moela, crua, Gallus gallus,",Carnes e derivados,85,20.0,0.00,0.56,0.00
C0455B,"Salada, folhas e vegetais, c/ muçarela de búfala, s/ óleo, s/ sal, (rúcula, tomate seco, muçarela de búfala, s/ óleo, s/ sal),",Vegetais e derivados,248,8.01,7.71,20.2,1.70
C0050R,"Pudim,  caramelo, mistura p/, Oetker,",Alimentos industrializados,382,0.60,94.6,0.10,0.43
C0629B,"Salada, repolho roxo cru, c/ molho de salada - salsa, suco de limão, azeite de oliva, c/ sal,",Vegetais e derivados,52,1.26,3.37,3.37,1.65
C1068B,"Salada, alface, c/ cebola, c/ azeite de oliva, c/ sal,",Vegetais e derivados,51,1.44,4.05,2.80,1.91
C0273C,"Banana madura, casca, cozida, s/ óleo, s/ sal, Musa sp.,",Frutas e derivados,31,1.23,1.80,0.70,6.38
C0737B,"Sopa de entulho, c/ carne e vegetais, c/ feijão vermelho, s/ sal, (carne bovina músculo, c/ caldo de carne, cenoura, repolho, nabo, batata e feijão vermelho, c/ óleo, cebola e alho, s/ sal),",Vegetais e derivados,70,7.94,3.68,2.24,1.53
C0048H,"Bebida, leite, c/ achocolatado em pó (10%), s/ açúcar,",Bebidas,98,3.04,13.9,3.20,0.60
C0517B,"Salada, couve crua, c/ azeite de oliva, c/ sal,",Vegetais e derivados,124,2.55,1.08,11.6,2.76
C0486E,"Peixe, água doce, Tilápia, filé s/ pele, grelhado, s/ óleo, s/ sal,",Pescados e frutos do mar,90,18.5,0.00,1.73,0.00
C0179E,"Peixe, água salgada, pescadinha, cozido, c/ molho de tomate (tomate, c/ óleo, cebola e alho), c/ sal, Cynoscion striatus,",Pescados e Frutos do mar,88,15.3,1.54,2.15,0.51
C0039D,"Azeite, oliva, cozido, Olea europaea L.,",Gorduras e óleos,900,0.00,0.00,100.0,0.00
C0305N,"Papa de feijão preto, batata, abóbora (jerimum) e cenoura, c/ caldo de frango, c/ cebola e azeite de oliva, s/ sal,",Alimentos para fins especiais,63,2.85,5.02,2.39,4.84
C0683B,"Lasanha, berinjela, c/ frios, caseira, s/ sal, (berinjela grelhada, c/ muçarela, presunto, c/ molho de tomate (tomate, c/ óleo, cebola e alho), s/ sal),",Vegetais e derivados,93,6.82,2.61,5.64,2.19
C0067F,"Carne, boi, fraldinha, c/ gordura, crua, Bos taurus,",Carnes e derivados,216,17.6,0.00,16.1,0.00
C0108K,"Doce, feijão, azuki,",Produtos açucarados,232,4.80,49.1,0.60,5.70
C0522B,"Salada, pepino, c/ azeite de oliva, c/ sal,",Vegetais e derivados,91,0.63,1.09,9.14,0.94
C1029F,"Carne, rã, coxa e dorso, à milanesa, s/ sal, (carne, rã, coxa e dorso, farinha de trigo, farinha de rosca, ovo, frito (c/ óleo de soja), s/ sal), Rana catesbeiana,",Carnes e derivados,240,21.4,16.3,9.73,0.71
C0136N,"Papa de feijão carioca, macarrão e chicória, c/ caldo de frango, c/ cebola, s/ óleo, c/ sal,",Alimentos para fins especiais,64,3.33,8.50,0.99,3.88
C0203A,"Vatapá, s/ sal, (camarão seco dessalgado, leite de coco, amendoim torrado, castanha de caju torrada, tomate, cebola, azeite de dendê, farinha de trigo, gengibre, c/ óleo, s/ sal),",Cereais e derivados,269,6.00,8.05,23.2,1.70
C0310A,"Sanduíche, pão francês, c/ mortadela, c/ manteiga,",Cereais e derivados,339,10.1,38.2,15.9,1.45
C0808F,"Carne, boi, cupim, frita (c/ óleo de soja), c/ sal, Bos taurus,",Carnes e derivados,355,26.8,0.00,27.5,0.00
C0539N,"Papa de carne bovina moída (patinho), cará e brócolis, c/ caldo de carne, c/ cebola e óleo de soja, c/ sal,",Alimentos para fins especiais,116,13.7,3.87,4.75,1.26
C0115A,"Lasanha, mini, bolonhesa, congelada, Sadia,",Cereais e derivados,129,5.80,9.91,7.00,1.50
C1116B,"Couve de bruxelas, cozida, s/ óleo, s/ sal, Brassica oleracea var. gemmifera,",Vegetais e derivados,38,2.55,4.50,0.50,2.60
C0106E,"Peixe, água doce, filé, frito (c/ óleo de soja), s/ sal (média de 7 espécies),",Pescados e Frutos do mar,180,22.3,0.00,10.0,0.00
C0156E,"Peixe, água salgada, pescada, branca, cozido, drenado, s/ óleo, c/ sal, Cynoscion spp.,",Pescados e Frutos do mar,125,19.1,0.00,5.39,0.00
C0049E,"Peixe, água salgada, corvina, crua, Micropogon furnieri,",Pescados e Frutos do mar,88,18.4,0.00,1.58,0.00
C0093G,"Mousse de camarão, (camarão cozido, gelatina s/ sabor, maionese, mostarda, creme de leite, salsa, c/ caldo de vegetais, c/ pimenta-do-reino, c/ sal),",Leite e derivados,156,11.1,4.17,10.5,0.12
C0505A,"Arroz de cuxá, c/ arroz polido, c/ sal, (arroz polido, quiabo, azedinha, camarão seco,  c/ óleo, cebola e alho, c/ sal),",Cereais e derivados,120,3.55,17.3,3.41,1.94
C0790A,"Cevada, s/ casca (pérola), cozida, s/ óleo, s/ sal,",Cereais e derivados,136,5.52,22.5,1.33,6.04
C0034R,"Maria mole, coco queimado, em pó, Ducoco,",Alimentos industrializados,382,25.3,69.8,0.00,0.64
C0197E,"Peixe, água salgada, salmão, filé, s/ pele, assado/grelhado, s/ óleo, c/ sal, Salmo salar L.,",Pescados e Frutos do mar,234,26.0,0.00,14.5,0.00
C1003A,"Bolo, limão, caseiro, simples, (farinha de trigo, suco de limão, açúcar, ovo, manteiga e fermento químico),",Cereais e derivados,286,6.39,46.2,8.17,0.97
C0506B,"Salada, cenoura cozida, c/ óleo de soja, c/ sal,",Vegetais e derivados,97,0.49,1.93,9.24,1.98
C0162H,"Bebida, café - infusão 10%, c/ substituto do leite - bebida vegetal à base de amêndoa (meio a meio), s/ açúcar,",Bebidas,13,0.54,1.39,0.51,0.10
C0012A,"Arroz, creme, cozido, s/ tempero, Orysa sativa L.,",Cereais e derivados,76,0.14,2.01,0.28,0.00
C0891F,"Carne, boi, bucho, cozida, c/ óleo, cebola e alho, s/ sal,",Carnes e derivados,135,20.7,0.61,5.49,0.14
C0775B,"Coentro, folha, cru, Coriandrum sativum,",Vegetais e derivados,58,1.82,9.07,0.93,2.96
C0328B,"Nabo, s/ casca, cozido, drenado, s/ óleo, s/ sal, Brassica rapa,",Vegetais e derivados,18,0.91,2.59,0.06,1.88
C0073C,"Cajá, polpa, congelada,",Frutas e derivados,27,0.59,5.01,0.17,1.36
C0297B,"Batata, baroa (mandioquinha, batata salsa), cozida, s/ casca, drenada, c/ óleo de soja, c/ sal,",Vegetais e derivados,96,0.83,16.7,2.54,1.71
C0067A,"Bolo, laranja, mistura p/, preparado, Oetker,",Cereais e derivados,326,6.80,48.1,11.8,0.00
C0601F,"Carne, bovina, filé mignon, s/ gordura, refogada (c/ óleo, cebola e alho), c/ sal, Bos taurus,",Carnes e derivados,194,28.5,0.61,8.58,0.13
C0459A,"Bolo, mandioca (aipim, macaxeira), c/ coco, simples, caseiro, (mandioca (aipim, macaxeira), açúcar, margarina, coco, ovo, leite e fermento químico),",Cereais e derivados,263,2.23,41.7,9.24,1.85
C0593F,"Carne, boi, maminha, s/ gordura, assada, recheado - cebola, pimentão, tomate, linguiça calabresa, c/ pimenta-do-reino, c/ sal,",Carnes e derivados,140,26.1,0.99,3.44,0.26
C0614B,"Salada, alface americana, tomate, palmito, azeitona preta, c/ molho de salada - salsa, vinagre de maçã, azeite de oliva, c/ sal,",Vegetais e derivados,79,1.27,1.48,6.81,2.30
C0502N,"Papa de carne bovina moída (acém), batata e abóbora cabotian (japonesa), c/ caldo de carne, c/ cebola e azeite de oliva, c/ sal,",Alimentos para fins especiais,115,10.4,4.30,6.02,0.88
C0016E,"Molusco, mexilhão, Unha de Velho, cru, Tagelus plebeus,",Pescados e Frutos do mar,101,16.4,2.46,2.84,0.00
C0721B,"Jardineira de legumes, c/ sal, (batata, cenoura e chuchu, c/ tomate, pimentão, salsa e cebolinha, c/ óleo, cebola e alho, c/ sal),",Vegetais e derivados,44,1.06,6.04,1.34,1.73
C0824F,"Carne, frango, peito, refogada (c/ óleo, cebola e alho), c/ batata, s/ sal, Gallus gallus,",Carnes e derivados,107,15.6,5.69,2.24,0.80
C0161E,"Peixe, água salgada, pescada, branca, cozido, c/ molho tomate (tomate, c/ óleo, cebola e alho), c/ sal, Cynoscion spp.,",Pescados e Frutos do mar,114,16.0,0.00,5.48,0.51
C0437N,"Papa de carne bovina moída (acém), macarrão e brócolis, c/ caldo de carne, c/ cebola e óleo de soja, c/ sal,",Alimentos para fins especiais,126,11.8,4.84,6.39,0.93
C0061R,"Sagu, framboesa, mistura p/, Ducoco,",Alimentos industrializados,384,0.28,95.7,0.00,
C0698B,"Cogumelo, champignon, Paris, cru, Agaricus bisporus,",Vegetais e derivados,27,1.87,3.22,0.40,1.60
C0282E,"Molusco, vieira, cozido, s/ óleo, s/ sal,",Pescados e Frutos do mar,111,20.5,5.40,0.84,0.00
C0219K,"Pé de moça, (amendoim, leite condensado, manteiga, c/ açúcar),",Açúcares e doces,514,16.7,35.7,32.6,4.95
C0650F,"Carne, boi, acém, cozida, s/ óleo, c/ sal, Bos taurus,",Carnes e derivados,204,26.6,0.00,10.9,0.00
C0413E,"Peixe, água salgada, porquinho, cozido, ao molho branco (farinha de trigo, manteiga e leite), s/ sal, Prochilodus spp.,",Pescados e Frutos do mar,117,19.9,2.50,2.96,0.05
C0509E,"Peixe, água doce, Pirarucu, cultivado em Rondonia, cozido (a partir do peixe fresco), c/ óleo de soja, c/ sal (média de peixes com diferentes pesos e cortes), Arapaima gigas,",Pescados e frutos do mar,160,24.7,0.00,6.83,0.00
C0050J,"Ovos Benedict, c/ presunto, c/ sal, (pão forma integral, ovo cozido, presunto, molho holandês, salsa, c/ pimenta-do-reino, c/ sal),",Ovos e derivados,215,10.4,12.1,13.6,1.42
C1141B,"Cogumelo, à milanesa, s/ sal (média de diferentes tipos) (cogumelo, farinha de trigo, farinha de rosca, ovo, frito (c/ óleo de soja), s/ sal),",Vegetais e derivados,178,5.48,16.6,9.15,3.76
C0384A,"Sanduíche, baguete, c/ queijo muçarela, alface, tomate, peito de frango grelhado, c/ maionese,",Cereais e derivados,208,11.8,22.5,7.54,1.37
C0079C,"Jabuticaba, in natura, Myrciaria cauliflora Berg.,",Frutas e derivados,60,0.61,13.0,0.13,2.30
C0533A,"Arroz com linguiça, c/ arroz integral, s/ sal, (arroz integral, c/ linguiça, tomate, c/ óleo, cebola e alho, s/ sal),",Cereais e derivados,154,6.53,13.9,7.60,1.81
C0721F,"Carne, frango, caipira, inteiro, cozida, c/ molho de tomate (tomate, c/ óleo, cebola e alho), s/ sal (média de amostras c/ e s/ pele), Gallus gallus,",Carnes e derivados,181,21.8,0.83,9.94,0.51
C0658B,"Salada, almeirão, cru, c/ azeite de oliva, c/ sal,",Vegetais e derivados,145,1.52,0.92,14.5,2.60
C0349N,"Papa de carne bovina moída (acém), arroz e brócolis, c/ caldo de frango, c/ cebola, s/ óleo, s/ sal,",Alimentos para fins especiais,113,11.9,5.41,4.64,1.00
C0012B,"Batata, doce, s/ casca, crua, Ipomea batatas (L.) Lam,",Vegetais e derivados,118,1.78,25.5,0.23,3.17
C0697B,"Berinjela recheada, s/ muçarela, c/ vegetais, c/ sal, (berinjela grelhada, c/ vegetais - cenoura, milho, ervilha, azeitona, c/ molho de tomate (tomate, c/ óleo, cebola e alho), c/ sal),",Vegetais e derivados,55,1.67,4.36,2.62,3.38
C0439A,"Esfirra, caseira, assada (média de diversos sabores - carne, frango e ricota),",Cereais e derivados,275,15.1,39.0,6.17,1.40
C0513F,"Carne, boi, coração, cozido, s/ óleo, s/ sal,",Carnes e derivados,148,31.2,0.00,2.60,0.00
C1149A,"Bolo, trigo, caseiro, c/ recheio e cobertura, chantilly, morango, leite condensado e suspiro, (bolo - farinha de trigo, ovo, leite, margarina, açúcar e fermento químico, recheio - morango e leite condensado, cobertura - chantilly, morango e suspiro),",Cereais e derivados,332,5.42,47.7,14.2,0.66
C0029A,"Biscoito, doce, amanteigado (média de diversos sabores e marcas),",Cereais e derivados,466,8.78,69.3,16.7,1.31
C0003H,"Bebida alcoólica, destilada (gim, rum, vodka, whisky) (teor alcoólico 36%),",Bebidas,250,0.00,0.00,0.00,0.00
C0332A,"Sanduíche, pão forma integral, c/ peito de peru defumado, queijo minas, c/ manteiga,",Cereais e derivados,257,13.3,19.6,13.5,2.20
C0036J,"Omelete, frios, c/ sal, (ovo de galinha, presunto, queijo muçarela, c/ sal),",Ovos e derivados,188,14.9,2.15,13.4,0.00
C0470A,"Pão francês, c/ cream cheese,",Cereais e derivados,281,9.14,46.0,6.29,2.01
C0245B,"Caruru, cozido, drenado, s/ óleo, s/ sal, Amaranthus deflexus L.,",Vegetais e derivados,34,3.26,1.54,0.60,4.56
C0005N,"Gelatina, cereja, em pó, diet, Ducocco,",Alimentos para fins especiais,327,63.5,18.1,0.00,0.09
C0067L,"Molho para salada, c/ suco de limão e alecrim, caseiro, c/ sal, (salsa, suco de limão, alecrim, azeite de oliva, c/ sal),",Miscelâneas,322,2.37,8.93,28.3,11.4
C0259N,"Papa de peito de frango e batata baroa (mandioquinha, batata salsa), c/ caldo de frango, c/ cebola, s/ óleo, s/ sal,",Alimentos para fins especiais,93,13.3,6.48,1.36,0.75
C0757A,"Sanduíche, pão sírio, c/ queijo minas, alface e tomate,",Cereais e derivados,198,8.79,27.9,5.29,1.51
C0042F,"Carne, boi, miolo de alcatra, s/ gordura, grelhada, s/ óleo, s/ sal, Bos taurus,",Carnes e derivados,244,31.9,2.78,11.6,0.00
C0232A,"Macarrão, trigo, integral, c/ manteiga, s/ sal,",Cereais e derivados,156,4.68,21.7,4.84,3.34
C1095B,"Salada, alface, c/ pepino, c/ azeite de oliva, c/ sal,",Vegetais e derivados,34,0.83,0.65,2.78,1.34
C0802F,"Carne, bovina, fraldinha, c/ gordura, grelhada/assada, s/ óleo, c/ sal, Bos taurus,",Carnes e derivados,238,21.6,0.00,16.8,0.00
C0039A,"Biscoito, doce, amanteigado, Marilan,",Cereais e derivados,460,9.20,68.8,16.0,2.10
C0267E,"Casquinha de camarão, s/ sal, (camarão, tomate, leite de coco, farinha de rosca, queijo parmesão, cebolinha, c/ azeite de dendê, c/ óleo, cebola e alho, c/ pimenta do reino,  s/ sal),",Pescados e Frutos do mar,144,12.4,5.12,7.94,0.75
C0083T,"Fava, grão, seco, crua, Vicia faba L.,",Leguminosas e derivados,308,25.3,38.3,1.36,20.8
C0074G,"Vitamina, leite de vaca integral, c/ banana e aveia, s/ açúcar,",Leite e derivados,77,2.78,10.3,2.60,0.61
C0293F,"Bife à parmegiana, c/ sal, (carne, boi, contra-filé, à milanesa (farinha de trigo, ovo e farinha de rosca, frita em imersão), c/ molho de tomate (tomate, c/ óleo, cebola e alho), c/ muçarela, c/ sal),",Carnes e derivados,341,17.2,9.50,20.3,0.50
C0597N,"Papa de peixe (pescada branca), abóbora (jerimum), batata doce e couve, c/ caldo de peixe, c/ cebola, s/ óleo, s/ sal,",Alimentos para fins especiais,75,7.10,6.59,1.94,1.53
C0125E,"Peixe, água salgada, abadejo, filé, à milanesa (ovo e farinha de rosca), frito (c/ óleo de soja), c/ sal, Genypterus blacodes,",Pescados e Frutos do mar,237,17.9,14.6,11.6,0.96
C0070L,"Molho para salada, caseiro, c/ sal, (cebola, azeitona verde, salsa, vinagre, c/ óleo de soja, c/ sal),",Miscelâneas,228,0.93,3.75,22.9,1.47
C0407A,"Macarrão, trigo, instantâneo, c/ tempero, cozido, drenado (preparado conforme a embalagem),",Cereais e derivados,154,3.17,20.5,6.21,2.02
C0455F,"Carne, boi, peito, s/ gordura, grelhada, c/ manteiga, c/ sal,",Carnes e derivados,369,19.8,0.00,32.2,0.00
C0503N,"Papa de peito de frango, fubá e couve, c/ caldo de carne, c/ cebola e óleo de soja, c/ sal,",Alimentos para fins especiais,109,12.3,6.79,3.43,0.90
C0345A,"Sanduíche, pão francês, c/ peito de peru defumado, queijo muçarela, c/ maionese,",Cereais e derivados,265,13.9,25.0,12.0,1.00
C0120N,"Papa de peito de frango, batata doce e abobrinha, c/ caldo de frango, c/ cebola, c/ óleo de soja, s/ sal,",Alimentos para fins especiais,91,12.1,7.36,3.23,1.28
C0854B,"Bolo de mandioca (aipim, macaxeira) com carne, s/ sal, (mandioca (aipim, macaxeira), ovo, manteiga, carne moída (acém), tomate, salsa e queijo parmesão, c/ óleo, cebola e alho, s/ sal),",Vegetais e derivados,179,8.93,15.1,8.88,1.24
C0111H,"Bebida, capuccino tradicional (leite integral, café - infusão 10% e canela em pó), c/ açúcar,",Bebidas,72,2.20,10.6,2.20,0.53
C0171E,"Peixe, água salgada, pescadinha, assado/grelhado, s/ óleo, s/ sal, Cynoscion striatus,",Pescados e Frutos do mar,98,20.1,0.95,1.48,0.00
C0028E,"Peixe, água doce, pintado, assado, s/ óleo, s/ sal, Spotted sorubim,",Pescados e Frutos do mar,184,36.5,0.56,3.98,0.00
C0684N,"Papa de feijão carioca, abobrinha e beterraba, c/ caldo de frango, c/ cebola, s/ óleo, c/ sal,",Alimentos para fins especiais,43,2.57,4.99,0.69,3.33
C0808B,"Pirão, c/ caldo de peixe, s/ sal, (caldo de peixe, farinha de mandioca (aipim, macaxeira), extrato de tomate, tomate, pimentão, cebolinha, c/ pimenta-do-reino, s/ sal),",Vegetais e derivados,47,1.12,9.56,0.26,1.07
C1036B,"Purê, batata, inglesa, c/ sal, (batata inglesa, margarina, leite, c/ linguiça calabresa, c/ sal),",Vegetais e derivados,99,3.63,9.20,5.02,1.17
C0653A,"Quiche, espinafre, assado, c/ sal, (massa brise (farinha de trigo, manteiga, gema, leite, c/ açúcar, c/ sal), espinafre, creme de leite, ovo, queijo parmesão, c/ cebola, c/ sal),",Cereais e derivados,262,7.09,13.6,19.7,1.01
C0449B,"Salada, vegetais e frutas, s/ óleo, s/ sal, (alface lisa, alface roxa, rúcula, pepino, uva Itália, s/ óleo, s/ sal),",Vegetais e derivados,23,1.17,3.50,0.14,1.61
C0474E,"Peixe, água doce, Pirarucu, cultivado em Rondonia, vários cortes, cru (média de pescados com diferentes pesos e cortes), Arapaima gigas,",Pescados e Frutos do mar,107,20.6,0.00,2.74,0.00
C0049T,"Soja, grão, cru (média de diferentes variedades), Glycine max L. Merril,",Leguminosas e derivados,427,39.9,10.7,22.3,11.9
C0429B,"Salada, vegetais assados, c/ óleo de soja, c/ sal, (abóbora, abobrinha, batata doce e berinjela grelhados, c/ óleo de soja, c/ sal),",Vegetais e derivados,88,1.63,9.53,4.19,3.08
C0152C,"Suco, polpa, congelada, preparado, cupuaçu, c/ açúcar,",Frutas e derivados,30,0.18,6.91,0.12,0.32
C0056D,"Maionese vegana, c/ sal, (bebida vegetal à base de castanha de caju, óleo de girassol, suco de limão, c/ sal),",Gorduras e óleos,623,1.33,1.62,67.9,0.30
C1038A,"Macarrão, trigo, c/ feijão preto, c/ óleo, cebola e alho, c/ sal,",Cereais e derivados,116,3.75,20.2,1.63,2.86
C0609B,"Salada, palmito, c/ óleo de soja, c/ sal,",Vegetais e derivados,77,2.29,1.47,6.19,2.92
C0048N,"Refrigerante, tipo água tônica, c/ adoçante,",Alimentos para fins especiais,0,0.10,1.42,0.00,0.00
C0763A,"Sanduíche, pão forma integral, c/ alface, tomate, cenoura, c/ molho de iogurte,",Cereais e derivados,149,6.11,23.6,2.53,3.53
C0722B,"Jardineira de legumes, c/ carne bovina, / sal, (batata, cenoura e chuchu, c/ carne bovina, c/ tomate, pimentão, salsa, cebolinha, c/ óleo, cebola e alho, c/ sal),",Vegetais e derivados,77,6.24,5.01,3.29,1.30
C0714B,"Alho-poró, cozido, drenado, s/ óleo, s/ sal, Allium ampeloprasum L. var. porrum,",Vegetais e derivados,34,0.81,6.62,0.20,1.00
C0072H,"Bebida, café, descafeinado, infusão 6%, s/ açúcar,",Bebidas,5,0.13,0.36,0.19,0.52
C1143B,"Cogumelo, cozido, s/ óleo, s/ sal (média de diferentes tipos),",Vegetais e derivados,47,2.61,6.42,0.42,3.69
C0848A,"Sanduíche, hambúrguer bovino grelhado (c/ pão hambúrguer), c/ alface, tomate, queijo prato, toucinho defumado (bacon), c/ maionese,",Cereais e derivados,251,12.0,19.5,13.6,1.08
C0397N,"Papa de carne bovina moída (patinho), fubá e couve, c/ caldo de carne, c/ cebola e azeite de oliva, s/ sal,",Alimentos para fins especiais,129,13.8,6.92,4.88,0.91
C0611N,"Papa de carne bovina moída (acém), arroz branco e brócolis, c/ caldo de carne, c/ cebola, c/ azeite de oliva, c/ sal,",Alimentos para fins especiais,124,10.4,6.46,6.08,1.04
C0931F,"Carne, boi, coxão mole (polpa, chã de dentro), s/ gordura, frita (c/ óleo de soja), c/ milho verde, s/ sal,",Carnes e derivados,238,25.1,4.61,13.1,0.73
C0064F,"Carne, boi, coxão mole (polpa, chã de dentro), s/ gordura, crua, Bos taurus,",Carnes e derivados,143,20.4,0.01,6.76,0.00
C0198N,"Papa de carne bovina moída (acém), macarrão e brócolis, c/ caldo de frango, c/ cebola, s/ óleo, c/ sal,",Alimentos para fins especiais,111,12.1,5.11,4.48,0.94
C0040L,"Molho, holandês, s/ sal, caseiro, (gema de ovo, manteiga, suco de limão, c/ pimenta-do-reino, s/ sal),",Miscelâneas,582,5.35,1.36,61.7,0.15
C0167N,"Papa de peito de frango, inhame e beterraba, c/ caldo de frango, c/ cebola e c/ azeite de oliva, s/ sal,",Alimentos para fins especiais,98,12.1,4.86,3.19,0.83
C0154E,"Peixe, água salgada, pescada, branca, assado/grelhado, s/ óleo, c/ sal, Cynoscion spp.,",Pescados e Frutos do mar,138,21.0,0.00,5.94,0.00
C0033U,"Bebida, substituto do leite b bebida vegetal à base de amêndoa, c/ cacau em pó, s/ açúcar ,",Sementes e Oleaginosas,50,2.32,3.09,2.23,3.88
C0234T,"Sopa, feijão preto, c/ carne bovina, c/ macarrão, c/ vegetais, s/ sal, (feijão preto, c/ macarrão, c/ batata, abóbora (jerimum), repolho e chuchu, c/ caldo de carne, c/ óleo, cebola e alho, c/ sal),",Leguminosas e derivados,59,2.67,7.60,1.13,3.81
C0269E,"Casquinha de frutos do mar, (camarão, lula, mexilhão, polvo, tomate, leite de coco, farinha de rosca, queijo parmesão, cebolinha, c/ azeite de dendê, c/ óleo, cebola e alho, c/ pimenta do reino, s/ sal),",Pescados e Frutos do mar,152,13.8,5.56,8.10,0.75
C0307F,"Carne, boi, acém, s/ gordura, cozida, c/ óleo, cebola e alho, s/ sal,",Carnes e derivados,213,26.1,1.21,11.5,0.14
C0096N,"Pizza, portuguesa, light, caseira, (massa (farinha de trigo, óleo, fermento biológico, sal e açúcar), presunto, cebola, tomate, azeitona e ovo cozido, c/ molho de tomate (tomate, c/ óleo, cebola e alho), s/ azeite de oliva),",Alimentos para fins especiais,219,7.81,34.7,5.04,1.77
C0076C,"Cupuaçu, polpa, congelada,",Frutas e derivados,51,0.84,9.80,0.59,1.59
C0409B,"Salada, vegetais crus, c/ molho de salada, c/ sal, (tomate, cebola, c/ molho de salada - salsa, suco de limão, azeite de oliva, c/ sal),",Vegetais e derivados,55,1.23,3.40,3.69,1.65
C0938A,"Salada, macarrão de arroz, c/ pepino e cenoura, c/ presunto, s/ óleo, s/ sal,",Cereais e derivados,71,4.86,10.3,0.87,1.16
C0943A,"Macarrão de arroz, com legumes e peito de frango, c/ molho shoyu, (macarrão de arroz, peito de frango, acelga, broto de feijão, pimentão, cenoura, brócolis, cogumelo Paris, cebola, cebolinha, c/ óleo de gergelim, c/ molho shoyu),",Cereais e derivados,107,8.16,10.9,3.07,1.32
C0284C,"Fruta pão, cozida, s/ manteiga, s/ açúcar,",Frutas e derivados,73,1.24,13.3,0.22,6.38
C0703N,"Açúcar, light (50% sacarose ou maltodextrina + edulcorante),",Açúcares e doces,198,0.08,49.4,,0.00
C0009T,"Feijão, preto, cru, Phaseolus vulgaris L.,",Leguminosas e derivados,295,22.4,37.6,1.28,21.5
C0101E,"Peixe, água doce, Tucunaré, filé, congelado, cozido, s/ óleo, c/ sal, Cichla monoculus,",Pescados e Frutos do mar,131,21.7,0.00,4.90,0.00
C0195A,"Macarrão, trigo, s/ ovos, cozido, drenado, s/ sal,",Cereais e derivados,125,3.50,26.3,0.46,1.02
C0285T,"Molho, branco, vegano, s/ sal, (farinha de trigo, bebida vegetal à base de soja, óleo de soja, s/ sal),",Miscelâneas,141,3.76,10.5,9.23,0.49
C0468B,"Pimentão, amarelo, cozido, drenado, s/ óleo, c/ sal, Capsicum annuum L.,",Vegetais e derivados,30,1.38,4.38,0.35,2.07
C0571A,"Canelone, c/ ricota, c/ molho de tomate, caseiro, c/ sal, (massa com farinha de trigo, c/ ricota, c/ molho de tomate (tomate, c/ óleo, cebola e alho), c/ sal),",Cereais e derivados,117,8.34,12.0,5.42,1.00
C0036B,"Chuchu, s/ casca, refogado (c/ óleo, cebola e alho), s/ sal, Sechium edule,",Vegetais e derivados,37,1.26,4.08,1.28,1.89
C0009F,"Apresuntado, retangular, cozido, Seara,",Carnes e derivados,139,15.0,5.00,6.60,
C0631A,"Capeleti, c/ carne moída refogada, c/ molho de tomate, caseiro, c/ sal, (massa com farinha de trigo, carne bovina, patinho moído, refogada, c/ molho de tomate  (tomate, c/ óleo, cebolha e alho), c/ sal),",Cereais e derivados,149,6.96,22.5,3.07,1.67
C0085T,"Fava, grão, seco, cozida, drenada, s/ óleo, c/ sal, Vicia faba L.,",Leguminosas e derivados,108,9.05,13.0,0.49,7.42
C0012J,"Ovo, galinha, branco, inteiro, cru,",Ovos e derivados,126,9.04,2.77,8.74,0.00
C0077R,"Creme, de milho, em pó,",Alimentos industrializados,371,4.82,82.4,1.64,3.72
C0166H,"Bebida alcóolica, tequila,",Bebidas,234,0.00,0.00,0.00,0.00
C0058B,"Chuchu, s/ casca, refogado (c/ óleo, cebola e alho), c/ sal, Sechium edule,",Vegetais e derivados,37,1.26,4.07,1.27,1.88
C0201K,"Geladinho (sacolé, dindim), c/ suco em pó, leite integral e leite condensado,",Produtos açucarados,141,4.22,21.6,4.16,0.00
C1144A,"Macarrão, trigo, c/ carne bovina músculo, salsa, pimenta-do-reino, c/ óleo de soja e alho, s/ sal,",Cereais e derivados,145,5.94,19.3,4.66,1.14
C0056N,"Adoçante, sucralose, em pó,",Alimentos para fins especiais,365,0.00,91.2,0.00,0.00
C1165A,"Barra, cereal, salgada, caseira, (aveia em flocos, amêndoa e avelã, linhaça, gergelim, molho de mostarda, mel, alho em pó, c/ sal),",Cereais e derivados,489,14.8,36.4,29.3,10.3
C0426N,"Papa de goiaba e banana, s/ açúcar,",Alimentos para fins especiais,80,1.06,16.1,0.36,4.01
C0016B,"Brócolis, cru, Brassica oleracea L. var. italica,",Vegetais e derivados,37,4.14,1.96,0.72,3.04
C0227E,"Molusco, lula, cozido, frito, s/ sal,",Pescados e Frutos do mar,173,17.9,8.45,7.48,0.00
C0660A,"Suflê, frango, c/ molho branco, c/ queijo parmesão, c/ sal, (peito de frango, ovo de galinha, farinha de rosca, salsa, queijo parmesão, c/ molho branco (farinha de trigo, manteiga e leite), c/ óleo, cebola e alho, c/ sal),",Cereais e derivados,169,15.8,7.28,8.44,0.31
C0569B,"Salada, couve-flor, cozida, c/ óleo de soja, c/ sal,",Vegetais e derivados,97,1.16,1.23,9.25,1.85
C0327F,"Carne, boi, capa de contra-filé, s/ gordura, grelhada, c/ molho branco (farinha de trigo, manteiga e leite), s/ sal,",Carnes e derivados,222,29.1,3.23,10.3,0.05
C0427E,"Peixe, água salgada, salmão, filé, s/ pele, cozido, ao c/ molho de tomate (tomate, c/ óleo, cebola e alho), s/ sal, Merlucius hubbsi,",Pescados e Frutos do mar,177,18.9,1.63,10.4,0.51
C0945F,"Carne, bovina, quarto traseiro, s/ gordura, assado, recheado com toucinho defumado (bacon), s/ óleo, c/ sal,",Carnes e derivados,314,31.0,0.48,20.9,0.00
C0031J,"Omelete, c/ ovo de galinha, c/ queijo muçarela, c/ sal, (ovo de galinha inteiro, queijo muçarela, salsa, c/ óleo de soja, c/ sal),",Ovos e derivados,215,13.4,2.15,17.0,0.03
C0249A,"Sanduíche, hambúrguer bovino grelhado (c/ pão hambúrguer), c/ queijo prato e maionese,",Cereais e derivados,275,12.1,25.4,13.6,1.10
C0121B,"Azeitona, verde, conserva, drenada, Olea europaea L.,",Vegetais e derivados,140,0.95,0.26,14.2,3.85
C0497F,"Carne, pato, assada, c/ tucupi, pimenta-de-cheiro, jambu, chicória (coentro bravo), cebola, alho, c/ sal,",Carnes e derivados,240,13.8,1.59,19.7,0.66
C0058F,"Carne, boi, capa de contra-filé, s/ gordura, crua, Bos taurus,",Carnes e derivados,126,21.5,0.14,4.33,0.00
C0373E,"Caldo de camarão, (camarão, c/ cebola, cenoura, aipo (salsão), alho-poró e alho, s/ óleo, s/ sal),",Pescados e Frutos do mar,8,0.90,0.86,0.07,0.27
C0081N,"Bolo, chocolate, simples, diet, caseiro, (farinha de trigo, adoçante, cacau em pó, adoçante, ovo e fermento químico),",Alimentos para fins especiais,411,8.96,43.9,20.7,6.33
C0039U,"Linhaça, farinha, dourada, Linum usitatissimum L, Linum usitatissimum L.,",Sementes e Oleaginosas,509,24.4,0.00,39.7,27.3
C0491N,"Papa de carne bovina moída (patinho), abóbora (jerimum) e chuchu, c/ caldo de frango, c/ cebola e óleo de soja, c/ sal,",Alimentos para fins especiais,113,14.0,2.73,4.90,0.83
C0501E,"Peixe, água doce, Arraia (Raia), filé, refogado (c/ óleo de soja, cebola e alho), c/ sal, Paratrygon eiereba e Potamotrygon motoro,",Pescados e frutos do mar,99,20.0,0.93,1.69,0.12
C0124N,"Papa de batata, cenoura e carne moída bovina (acém), c/ caldo de frango, c/ cebola e óleo de soja, c/ sal,",Alimentos para fins especiais,98,9.99,1.06,5.88,0.54
C0661B,"Salada, almeirão, cru, c/ molho de salada - salsa, vinagre de maçã, azeite de oliva, c/ sal,",Vegetais e derivados,51,1.73,1.35,3.72,2.82
C0010D,"Margarina, c/ óleo hidrogenado (65% lipídeos), c/ sal,",Gorduras e óleos,607,,0.00,67.4,0.00
C0322F,"Carne, boi, capa de contra-filé, c/ gordura, grelhada, c/ manteiga, c/ sal,",Carnes e derivados,348,27.7,0.00,26.2,0.00
C0436N,"Papa de carne bovina moída (acém), macarrão e brócolis, c/ caldo de carne, c/ cebola e azeite de oliva, c/ sal,",Alimentos para fins especiais,126,11.8,4.84,6.39,0.93
C0478N,"Papa de carne bovina moída (patinho), macarrão e brócolis, c/ caldo de frango, c/ cebola e azeite de oliva, c/ sal,",Alimentos para fins especiais,126,15.1,4.73,5.01,0.93
C0378F,"Carne, boi, filé mignon, s/ gordura, grelhada, c/ molho de mostarda (creme de leite, suco de limão e mostarda), c/ sal,",Carnes e derivados,207,26.5,2.08,10.4,0.03
C0105T,"Orelha-de-padre, semente, seca, remolho em água, cozida (água não descartada), s/ óleo, c/ sal, Lablab purpureus (L) Sweet,",Leguminosas e derivados,76,5.59,10.6,0.36,3.89
C0023B,"Couve, crua, Brassica oleracea var. Acephala,",Vegetais e derivados,28,2.87,1.21,0.55,3.12
C0099H,"Bebida, café descafeinado - infusão 8% - médio, c/ leite (meio a meio), ""média"", s/ açúcar,",Bebidas,35,1.55,3.20,1.75,0.35
C0027N,"Pudim, coco, mistura p/, diet, Ducoco,",Alimentos para fins especiais,373,1.99,85.6,1.91,2.89
C0227F,"Sarapatel (arrasto suíno), s/ sal, (vísceras de porco, coração, fígado, rim, bucho e tripas, sangue de porco, pimentão, tomate, suco de limão, c/ óleo, cebola e alho, s/ sal),",Carnes e derivados,118,18.5,1.09,4.42,
C1048A,"Pão, sírio, integral,",Cereais e derivados,266,9.80,49.8,1.71,6.10
C0116A,"Macarrão, trigo, seco, cozido, drenado, s/ óleo, s/ sal (média de diferentes marcas),",Cereais e derivados,126,3.56,26.1,0.57,0.91
C0894A,"Lasanha, queijos, c/ molho branco, c/ sal, caseira, (massa lasanha fresca, quejo muçarela, prato, requeijão e parmesão, c/ molho branco (leite, manteiga e farinha de trigo), c/ sal),",Cereais e derivados,244,12.4,16.3,14.1,0.96
C0514N,"Papa de carne bovina moída (patinho) e abóbora cabotian (japonesa), c/ caldo de carne, c/ cebola e azeite de oliva, c/ sal,",Alimentos para fins especiais,118,14.2,3.56,5.03,1.02
C0003D,"Gordura, vegetal, hidrogenada,",Gorduras e óleos,900,0.00,0.00,100.0,0.00
C0149C,"Suco natural, acerola, s/ açúcar,",Frutas e derivados,6,0.15,1.08,0.08,0.37
C0028J,"Ovo, galinha, inteiro, frito (c/ óleo de soja), c/ sal,",Ovos e derivados,233,15.5,1.19,18.5,0.00
C1162A,"Rocambole vegano, c/ tofu e vegetais, c/ sal, (massa (farinha de arroz, trigo sarraceno (trigo mourisco), lentilha, salsinha e cebolinha), tofu, tomate, cenoura, abobrinha, pimenta do reino, c/ óleo de soja, cebola e alho, c/ sal),",Cereais e derivados,125,4.14,22.5,1.48,2.53
C0003F,"Almôndega, carne, boi, crua, c/ sal, Sadia,",Carnes e derivados,168,13.5,11.7,7.43,
C0273A,"Sanduíche, queijo quente, pão francês, c/ queijo muçarela e margarina,",Cereais e derivados,339,14.5,30.0,17.6,1.30
C0043B,"Berinjela, cozida, drenada, s/ óleo, s/ sal, Solanum melongena L.,",Vegetais e derivados,26,0.79,4.29,0.24,1.91
C0397A,"Croissant, simples,",Cereais e derivados,400,8.20,43.2,21.0,2.60
C0162E,"Peixe, água salgada, pescada, assado/grelhado, s/ óleo, s/ sal, Macrodon oncylodon,",Pescados e Frutos do mar,133,21.6,0.00,5.20,0.00
C0033B,"Repolho, cru, Brassica oleracea L.,",Vegetais e derivados,20,1.12,2.50,0.14,1.92
C0022N,"Pudim, mistura p/, diet (média de diferentes sabores),",Alimentos para fins especiais,357,1.75,83.9,0.88,3.21
C0911F,"Estrogonoffe de frango, c/ sal, (peito de frango, cogumelo paris, creme de leite, catchup e mostarda, cebola, c/ óleo, c/ sal),",Carnes e derivados,152,17.5,2.58,7.93,0.00
C0395F,"Carne, boi, lagarto, cozida, c/ óleo, cebola e alho, c/ sal,",Carnes e derivados,215,31.2,0.56,9.75,0.12
C0091N,"Massa brise, light, assada, (farinha de trigo, manteiga light, gema, leite desnatado, c/ sal, c/ açúcar),",Alimentos para fins especiais,319,6.60,40.9,14.0,1.37
C0452B,"Salada, folhas e vegetais, c/ azeite de oliva, s/ sal, (rúcula, tomate seco, c/ azeite de oliva, s/ sal),",Vegetais e derivados,222,2.00,7.01,20.2,2.28
C0052N,"Refrigerante, tipo limão, c/ adoçante,",Alimentos para fins especiais,0,0.10,1.42,0.00,0.00
C0020T,"Amendoim, grão, cru, Arachis hypogaea L.,",Leguminosas e derivados,589,25.4,14.5,46.3,6.22
C0667A,"Sopa, milho, fubá, c/ couve, s/ sal, (milho, fubá, couve, c/ caldo de frango, c/ óleo, cebola e alho, s/ sal),",Cereais e derivados,59,2.06,9.40,1.16,1.46
C0199B,"Quiabo, c/ casca, refogado (c/ óleo, cebola e alho), s/ sal, Hibiscus esculentus L.,",Vegetais e derivados,33,1.39,2.32,1.35,2.99
C0446N,"Papa de carne bovina moída (acém), cenoura e batata baroa (mandioquinha, batata salsa), c/ caldo de carne, c/ cebola, s/ óleo, c/ sal,",Alimentos para fins especiais,96,10.2,4.53,3.95,0.92
C1041F,"Carne, peru, peito, cozida, c/ óleo de soja, c/ sal, Meleagris gallopavo,",Carnes e derivados,164,28.5,0.00,5.56,0.00
C0379B,"Salada, vegetais crus, c/ molho de salada, c/ sal, (alface, tomate, cebola, c/ molho de salada - salsa, vinagre de maçã, azeite de oliva, c/ sal),",Vegetais e derivados,52,1.20,2.67,3.68,1.68
C0024B,"Couve-flor, crua, Brassica oleracea var. botrytis L.,",Vegetais e derivados,27,1.98,3.01,0.26,2.42
C0066C,"Mexerica, ´Rio´, in natura, Citrus reticulata,",Frutas e derivados,36,0.65,6.61,0.13,2.73
C0088F,"Carne, búfalo, lombo, crua, Bubalis bubalis Murrah,",Carnes e derivados,101,21.2,0.00,1.83,0.00
C0150G,"Manteiga de garrafa, artesanal (média de diferentes regions) ,",Leite e derivados,889,0.08,0.00,98.8,0.00
C0249T,"Falafel, c/ grão de bico, frito, c/ sal, (grão de bico, cebola, amido de milho, alho, azeite de oliva, salsinha e cebolinha, pimenta do reino, óleo para fritura, c/ sal),",Leguminosas e derivados,229,4.63,14.0,16.1,4.61
C0041E,"Peixe, água salgada, anchova, filé,  fresco,  Pomatus saltatrix,",Miscelâneas,179,16.8,0.00,12.4,0.00
C0581N,"Papa de carne moída bovina (patinho), feijão preto, batata, abóbora (jerimum) e cenoura, c/ caldo de carne, c/ cebola e óleo de soja, s/ sal,",Alimentos para fins especiais,107,12.2,3.48,4.44,2.13
C0968B,"Tomate, maduro, assado, s/ óleo, c/ sal,",Vegetais e derivados,20,1.19,2.55,0.19,1.83
C0527F,"Carne desfiada (carne louca), s/ sal, (carne, boi, acém, s/ gordura, cozida, c/ pimentão, cebolinha, pimenta do reino, c/ molho de tomate (tomate, c/ óleo, cebola e alho), s/ sal),",Carnes e derivados,223,17.5,4.68,14.7,1.06
C0334B,"Cenoura, s/ casca, refogada (c/ óleo, cebola e alho), s/ sal, Daucus carota L.,",Vegetais e derivados,52,1.56,6.31,1.47,3.86
C0560A,"Lasanha, vegetais, caseira, (massa lasanha fresca, vegetais - cenoura, vagem, abobrinha, c/ molho de tomate (tomate, c/ óleo, cebola e alho), c/ sal),",Cereais e derivados,112,3.77,18.0,2.39,1.96
C0310N,"Papa de feijão carioca, batata, abóbora (jerimum) e cenoura, c/ caldo de frango, c/ cebola e azeite de oliva, s/ sal,",Alimentos para fins especiais,72,2.95,6.42,2.98,4.06
C0920B,"Nhoque (batata, ovo, margarina e farinha de trigo), cozido, s/ molho, c/ sal,",Vegetais e derivados,184,5.84,34.9,1.94,1.77
C0124A,"Milho, amido, cru (maisena),",Cereais e derivados,349,0.64,85.5,0.30,0.74
C0328N,"Papa de feijão carioca, batata doce, abóbora cabotian (japonesa) e cenoura, c/ caldo de frango, c/ cebola, s/ óleo, c/ sal,",Alimentos para fins especiais,58,2.93,7.27,0.99,4.18
C0147B,"Espinafre, folha, refogada (c/ óleo, cebola e alho), c/ sal, Tetragonia expansa,",Vegetais e derivados,72,2.72,1.72,5.43,2.52
C0635B,"Salada, rúcula, c/ molho de salada - salsa, suco de limão, azeite de oliva, c/ sal,",Vegetais e derivados,49,2.39,0.77,3.48,2.32
C0810F,"Carne, boi, língua, cozida, c/ molho de tomate (tomate, c/ óleo, cebola e alho), s/ sal, Bos taurus,",Carnes e derivados,262,17.4,0.83,20.9,0.51
C0542B,"Salada, pimentão verde, amarelo e vermelho crus, c/ molho de salada - salsa, suco de limão, azeite de oliva, c/ sal,",Vegetais e derivados,54,1.11,3.64,3.57,1.63
C0421E,"Peixe, água salgada, corvina do mar, cozido, ao c/ molho de tomate (tomate, c/ óleo, cebola e alho), s/ sal, Micropogonias furnieri,",Pescados e Frutos do mar,98,17.9,0.43,2.58,0.51
C1103B,"Lasanha vegana, c/ abobrinha, s/ sal, (abobrinha, tomate, castanha de caju, alho-poró, salsinha e cebolinha, manjericão, pimenta do reino, c/ óleo de soja, s/ sal),",Vegetais e derivados,100,3.38,4.51,7.27,1.70
C0068F,"Carne, boi, lagarto, crua (média diferentes amostras frescas, resfriadas, congeladas), Bos taurus,",Carnes e derivados,128,20.9,0.97,4.51,0.00
C0280N,"Papa de peixe (pescada branca) e batata, c/ caldo de frango, c/ cebola e óleo de soja, s/ sal,",Alimentos para fins especiais,90,8.65,4.04,4.27,0.62
C0742A,"Pastel de forno, recheado c/ frango, assado, (farinha de trigo, manteiga, ovo, peito de farngo refogado (c/ óleo, cebola e alho), c/ sal),",Cereais e derivados,454,13.4,36.6,27.9,1.33
C1068F,"Carne, bovina, alcatra, acebolada, c/ óleo de soja, pimenta do reino, c/ sal, Bos taurus,",Carnes e derivados,147,20.0,3.06,5.92,0.93
C1167A,"Pizza, massa fina, liguiça calabresa e queijo muçarela, caseira, assada, (massa (farinha de trigo, óleo, fermento biológico, sal e açúcar), queijo muçarela, linguiça calabresa, c/ molho de tomate (tomate, c/ óleo, cebola e alho, c/ sal), c/ azeite de oliva),",Cereais e derivados,276,13.4,20.2,15.1,1.20
C0353A,"Sanduíche, pão forma tradicional, c/ peito de peru defumado, queijo prato, c/ manteiga,",Cereais e derivados,288,14.9,21.1,15.7,1.12
C0400E,"Peixe, água salgada, pescadinha, ensopado (c/ cebola, tomate e pimentão), c/ óleo, s/ sal, Cynoscion striatus,",Pescados e Frutos do mar,131,16.8,1.76,6.27,0.51
C0216F,"Salsicha, longuette, não aquecida, Sadia,",Carnes e derivados,266,14.0,3.00,22.0,
C0108T,"Feijão, preto, cozido (50% grão e 50% caldo), c/ óleo e cebola e alho, c/ sal, Phaseolus vulgaris L.,",Leguminosas e derivados,73,4.38,5.90,1.71,8.07
C0052B,"Couve-flor, cozida, drenada, s/ óleo, s/ sal, Brassica oleracea var. botrytis L.,",Vegetais e derivados,16,1.28,1.36,0.20,2.05
C0328F,"Carne, boi, capa de contra-filé, s/ gordura, grelhada, c/ molho branco (farinha de trigo, manteiga e leite), c/ sal,",Carnes e derivados,221,29.1,3.16,10.2,0.05
C0899F,"Linguiça, calabresa, assada no forno, s/ óleo, c/ sal,",Carnes e derivados,280,14.9,2.67,21.9,0.67
C0937F,"Carne, frango, coxa, c/ pele, assada, c/ molho de alecrim (vinagre de maçã, alecrim, pimenta-do-reino, c/ azeite de oliva, c/ açúcar), s/ sal,",Carnes e derivados,233,25.7,1.14,13.9,0.33
C0054G,"Mingau, de amido de milho (maisena), (leite, amido de milho, c/ açúcar),",Leite e derivados,155,2.43,30.4,2.60,0.10
C0298B,"Batata, doce, s/ casca, cozida, drenada, c/ óleo de soja, s/ sal,",Vegetais e derivados,111,0.83,19.9,2.56,2.68
C0107K,"Doce árabe, Ataif de nozes, c/ calda de laranja, (leite, farinha de trigo, noz, canela em pó, suco de laranja, c/ açúcar),",Produtos açucarados,388,6.76,35.4,23.6,3.51
C0038H,"Bebida alcoólica, vinho, meio doce/doce, espumante, Vitis vinifera,",Bebidas,98,0.09,5.51,0.00,0.00
C0542F,"Carne, frango, inteiro, ensopado, c/ tomate, pimentão, salsa, c/ óleo, cebola e alho, c/ pimenta-do-reino, c/ sal,",Carnes e derivados,145,18.6,1.53,7.01,0.52
C0052K,"Chocolate, ao leite, com castanha do Brasil,",Produtos açucarados,559,7.41,55.4,34.2,2.46
C0323B,"Purê, batata, inglesa, c/ sal, (batata, leite, margarina, c/ sal), Solanum tuberosum L.,",Vegetais e derivados,68,1.67,10.3,1.96,1.26
C0858B,"Bolo de batata doce com carne, s/ sal, (batata doce, ovo, manteiga, carne moída (acém), tomate, salsa e queijo parmesão, c/ óleo, cebola e alho, s/ sal),",Vegetais e derivados,164,9.04,11.2,8.85,1.73
C0416F,"Carne, boi, miolo de alcatra, s/ gordura, grelhada, c/ molho de mostarda (creme de leite, suco de limão e mostarda), c/ sal,",Carnes e derivados,234,25.8,4.27,12.6,0.03
C0237T,"Sopa, feijão preto, c/ macarrão, c/ vegetais, s/ sal, (feijão preto, c/ macarrão, c/ batata, abobrinha, repolho e chuchu, c/ caldo de carne, c/ óleo, cebola e alho, s/ sal),",Leguminosas e derivados,155,8.12,6.23,10.3,2.14
C0561A,"Lasanha, frios, caseira, (massa lasanha, fresca,  c/ queijo muçarela, presunto, c/ molho de tomate (tomate, c/ óleo, cebolha e alho), c/ sal),",Cereais e derivados,153,8.69,14.2,6.53,1.41
C0772F,"Carne, frango, coração, frita (c/ óleo de soja), s/ sal, Gallus gallus,",Carnes e derivados,255,20.6,0.00,19.1,0.00
C0081T,"Feijão, guandu, grão, seco, cozido (50% grão e 50% caldo), s/ óleo, cebola e alho, s/ sal, Cajanus cajan,",Leguminosas e derivados,99,6.76,13.7,0.65,5.83
C0135C,"Suco, concentrado, preparado, caju, s/ açúcar,",Frutas e derivados,7,0.06,1.52,0.03,0.09
C0048E,"Peixe, água salgada, cavalinha, escabeche (molho com vinagre, óleo e temperos),  s/ sal,",Pescados e Frutos do mar,185,24.3,0.00,9.70,0.00
C0150C,"Suco natural, acerola, c/ açúcar,",Frutas e derivados,26,0.15,5.98,0.08,0.35
C0637N,"Papa de feijão preto, batata doce, abóbora cabotian (japonesa) e cenoura, c/ caldo de carne, c/ cebola e azeite de oliva, c/ sal,",Alimentos para fins especiais,65,2.73,5.76,2.42,4.79
C0461A,"Bolo, cenoura, simples, caseiro, (farinha de trigo, cenoura, açúcar, ovo, óleo de soja e fermento químico),",Cereais e derivados,369,5.73,62.7,10.3,1.28
C0529B,"Salada, pepino, cebola, c/ óleo de soja, c/ sal,",Vegetais e derivados,78,0.93,2.70,6.74,1.23
C0917F,"Vaca atolada, c/ sal, (costela bovina, mandioca (aipim, macaxeira), tomate, c/ óleo, cebola e alho, c/ sal),",Carnes e derivados,139,5.10,7.68,9.28,2.33
C0185E,"Peixe, água salgada, porquinho, à milanesa (ovo e farinha de rosca), frito (c/ óleo de soja), c/ sal, Prochilodus spp.,",Pescados e Frutos do mar,267,25.1,14.3,12.0,0.96
C0259A,"Sanduíche, americano (pão forma integral), c/ presunto, queijo muçarela, alface, tomate, ovo frito , c/ maionese,",Cereais e derivados,200,13.2,12.6,10.3,1.66
C0494N,"Papa de carne bovina moída (patinho), abóbora (jerimum) e chuchu, c/ caldo de frango, c/ cebola, s/ óleo, c/ sal,",Alimentos para fins especiais,95,14.0,2.85,2.91,0.87
C0281C,"Banana, grelhada, s/ manteiga, c/ açúcar e canela (média de 5 tipos - Nanica (caturra ou dágua), da Terra, Maçã, Ouro e Prata),",Frutas e derivados,142,1.50,32.2,0.25,2.45
C0505F,"Sopa, carne bovina, c/ macarrão, c/ vegetais, c/ sal, (carne bovina (músculo), c/ macarrão, c/ cenoura, chuchu e abóbora, c/ caldo de carne, c/ óleo, cebola e alho, c/ sal),",Vegetais e derivados,89,7.54,5.35,3.94,0.85
C0405F,"Carne, boi, maminha, grelhada, c/ molho branco (farinha de trigo, manteiga e leite), s/ sal,",Carnes e derivados,225,25.7,3.37,11.8,0.05
C0490A,"Torta, hot dog, (massa - leite, farinha de trigo, ovo e fermento químico, c/ salsicha, milho, azeitona, c/ queijo parmesão, c/ molho de tomate (tomate, c/ óleo, cebola e alho), c/ sal),",Cereais e derivados,228,8.58,19.0,12.8,1.58
C1000A,"Bolo, chocolate, c/ cobertura, chocolate, caseiro, (farinha de trigo, achocolatado, açúcar, manteiga, ovo e fermento em pó e cobertura para bolo - cacau em pó, leite, manteiga e açúcar),",Cereais e derivados,398,6.14,53.6,17.1,2.60
C0389E,"Camarão com molho branco (farinha de trigo, manteiga e leite), s/ sal, (camarão, tomate, salsa, suco de limão, c/ molho branco (farinha de trigo, manteiga e leite), c/ pimenta-do-reino, c/ óleo, cebola e alho, s/ sal),",Pescados e Frutos do mar,117,10.8,5.99,5.38,0.38
C0348F,"Carne, boi, contra-filé, s/ gordura, grelhada, c/ molho de mostarda (creme de leite, suco de limão e mostarda), s/ sal,",Carnes e derivados,189,29.0,2.75,6.96,0.03
C0089A,"Cereais, farinha, maçã/banana/mamão, vitamina, Neston,",Cereais e derivados,386,5.97,87.7,0.70,2.40
C0354A,"Sanduíche, pão forma integral, c/ peito de peru defumado, queijo prato, c/ maionese,",Cereais e derivados,251,14.2,18.6,12.9,2.03
C0163A,"Pastel, massa fresca, c/ recheio de carne, cru, caseiro, (massa - farinha de trigo, margarina, água e sal, carne moída refogada,  c/ óleo, cebola e alho, c/ sal),",Cereais e derivados,288,10.7,41.0,8.79,1.04
C0430N,"Papa de carne bovina moída (acém) e abóbora cabotian (japonesa), c/ caldo de carne, c/ cebola e azeite de oliva, c/ sal,",Alimentos para fins especiais,118,11.0,3.67,6.35,1.02
C0018C,"Laranja, Baía, in natura, Citrus sinensis,",Frutas e derivados,48,0.91,9.62,0.28,1.46
C0269F,"Carne, boi, quarto traseiro, c/ gordura, grelhada, s/ óleo, c/ sal,",Carnes e derivados,287,28.5,0.00,19.3,0.00
C0284F,"Carne, boi, quarto traseiro, s/ gordura, grelhada, c/ óleo e cebola, s/ sal,",Carnes e derivados,225,30.6,0.87,11.0,0.12
C0616B,"Salada, vegetais crus, c/ azeite de oliva, c/ sal, (nabo, cenoura e beterraba, c/ azeite de oliva, c/ sal),",Vegetais e derivados,80,1.36,5.23,5.36,2.75
C0194N,"Papa de carne bovina moída (acém), macarrão e brócolis, c/ caldo de frango, c/ cebola e azeite de oliva, c/ sal,",Alimentos para fins especiais,126,11.8,4.84,6.37,0.93
C0411A,"Sanduíche, americano (pão francês, c/ presunto, queijo muçarela, alface, tomate e ovo frito),",Cereais e derivados,208,13.0,16.6,9.74,0.95
C0232N,"Papa de fígado bovino e batata doce, c/ caldo de frango, c/ cebola e óleo de soja, s/ sal,",Alimentos para fins especiais,140,12.6,9.12,5.70,1.06
C0204B,"Couve-flor, refogada (c/ óleo, cebola e alho), c/ sal, Brassica oleracea var. botrytis L.,",Vegetais e derivados,39,2.07,3.21,1.46,2.48
C0238N,"Papa de peito de frango e inhame, c/ caldo de frango, c/ cebola e óleo de soja, s/ sal,",Alimentos para fins especiais,114,13.7,6.93,3.35,0.66
C0243A,"Sanduíche, cachorro quente (c/ pão hot dog e salsicha), c/ molho de tomate,",Cereais e derivados,215,8.66,24.0,8.76,2.94
C0014N,"Gelatina, em pó, preparada, diet (média de diferentes sabores),",Alimentos para fins especiais,11,1.55,1.12,0.07,0.00
C0266A,"Sanduíche, misto quente, pão francês, c/ presunto, queijo muçarela, c/ maionese,",Cereais e derivados,265,12.9,24.8,12.4,1.00
C0309E,"Lula ensopada com legumes, c/ sal, (lula, c/ legumes - cenoura, vagem, couve-flor, brócolis,champginon paris, tomate, pimentão, salsa, suco de limão, c/ óleo, cebola e alho, c/ pimenta do reino, c/ sal),",Pescados e Frutos do mar,66,9.32,2.02,1.96,1.28
C0395N,"Papa de carne bovina moída (patinho), fubá e couve, c/ caldo de carne, c/ cebola e azeite de oliva, c/ sal,",Alimentos para fins especiais,129,13.8,6.90,4.88,0.90
C0692N,"Papa de feijão carioca, abobrinha e beterraba, c/ caldo de carne, c/ cebola e azeite de oliva, c/ sal,",Alimentos para fins especiais,61,2.53,4.91,2.72,3.29
C0224E,"Bacalhoada, c/ vegetais, c/ sal, (bacalhau dessalgado, batata, pimentão amarelo e vermelho, tomate, c/ azeite de oliva, c/ sal),",Pescados e Frutos do mar,137,11.8,3.55,8.16,0.88
C0968F,"Carne, bovina, coxão duro (chã de fora), s/ gordura, cozida, s/ óleo, c/ sal, Bos taurus ,",Carnes e derivados,207,31.7,0.00,8.88,0.00
C0442N,"Papa de carne bovina moída (acém), cenoura e batata baroa (mandioquinha, batata salsa), c/ caldo de carne, c/ cebola e azeite de oliva, c/ sal,",Alimentos para fins especiais,114,10.2,4.52,5.94,0.92
C0826A,"Croissant, assado, c/ recheio, de peito de frango e requeijão,",Cereais e derivados,346,13.8,36.9,15.6,1.21
C0530B,"Salada, pepino, cebola, c/ molho de salada - salsa, suco de limão, azeite de oliva, c/ sal,",Vegetais e derivados,53,1.06,3.13,3.68,1.33
C0140E,"Peixe, água salgada, cação, posta, cozido, drenado, s/ óleo, c/ sal, Carcharhinus spp.,",Pescados e Frutos do mar,95,21.8,0.00,0.90,0.00
C0008U,"Pupunha, fruto, cozido, s/ sal, Bactris gasipaes,",Sementes e Oleaginosas,212,2.59,29.0,8.14,6.39
C0125B,"Sopa, creme, ervilha, industrializada, congelada, preparada,",Vegetais e derivados,72,5.55,6.40,1.20,6.85
C0690B,"Batata recheada, c/ requeijão e toucinho defumado (bacon), assada, c/ sal,",Vegetais e derivados,187,6.47,13.8,11.6,1.14
C0283B,"Jiló, c/ casca, refogado (c/ óleo, cebola e alho), s/ sal, Solanum gilo,",Vegetais e derivados,43,1.90,2.32,1.48,6.17
C0263T,"Amendoim, japonês, caseiro, (amenoim, farinha de trigo, água, açúcar, molho shoyu, fermento químico, manteiga, c/ sal),",Miscelâneas,455,16.6,42.1,23.2,5.11
C0795B,"Farofa, couve com toucinho defumado (bacon), s/ sal, (farinha de mandioca (aipim, macaxeira), couve, toucinho defumado (bacon), c/ óleo, cebola e alho, s/ sal),",Vegetais e derivados,327,4.24,45.7,13.2,4.42
C0595B,"Salada, alface americana, s/ óleo, s/ sal,",Vegetais e derivados,6,0.41,0.26,0.11,1.24
C1107A,"Pizza, ricota com nozes, caseira, (massa (farinha de trigo, óleo, fermento biológico, sal e açúcar), ricota, nozes, c/ leite condensado),",Cereais e derivados,299,10.3,45.0,8.27,1.75
C0219B,"Agrião, cozido, drenado, c/ óleo de soja, s/ sal,",Vegetais e derivados,47,3.55,0.67,2.89,2.23
C0497A,"Sanduíche, pão francês, c/ filé mignon grelhada, rúcula, tomate seco e muçarela, c/ sal,",Cereais e derivados,271,16.9,30.7,8.61,1.54
C0007N,"Gelatina, framboesa, em pó, diet, Ducocco,",Alimentos para fins especiais,327,63.5,18.1,0.00,0.09
C0047A,"Biscoito, doce, recheado, recheio sabor morango, Break-up,",Cereais e derivados,484,4.60,70.7,20.0,1.49
C0136F,"Carne, ovino, cordeiro, crua (média de diferentes cortes), Ovis aries,",Carnes e derivados,112,21.0,0.00,3.08,0.00
C0200F,"Presunto, c/ capa de gordura, fatiado, cozido, Sadia,",Carnes e derivados,129,16.1,0.70,6.89,
C0212E,"Peixe, água salgada, sardinha, filé, cozido, c/ molho de tomate (tomate, c/ óleo, cebola e alho), c/ sal, Sardinella brasiliensis,",Pescados e Frutos do mar,110,18.9,0.30,3.61,0.51
C0010H,"Bebida, chá, lata/garrafa, limão, Lipton,",Bebidas,3,0.00,0.64,0.05,0.00
C0368B,"Salada, legumes cozidos, s/ óleo, s/ sal, (batata, cenoura, chuchu, s/ óleo, s/ sal),",Vegetais e derivados,30,0.79,5.55,0.13,1.68
C0240N,"Papa de peito de frango e inhame, c/ caldo de frango, c/ cebola, s/ óleo, c/ sal,",Alimentos para fins especiais,97,13.8,7.05,1.35,0.69
C0859B,"Bolo de batata doce com frango, c/ sal, (batata doce, ovo, manteiga, peito de frango, tomate, salsa e queijo parmesão, c/ óleo, cebola e alho, c/ sal),",Vegetais e derivados,152,10.2,11.2,6.94,1.71
C0026G,"Leite, humano, maduro (média de diferentes amostras),",Leite e derivados,68,1.39,6.13,4.20,0.00
C0053D,"Óleo, soja, assado, Glycine max,",Gorduras e óleos,900,0.00,0.00,100.0,0.00
C0436F,"Carne, boi, paleta, s/ gordura, cozida, c/ batata e cenoura, c/ óleo, cebola e alho, s/ sal,",Carnes e derivados,144,19.6,2.55,5.99,0.68
C0059L,"Molho de salada oriental, s/ sal, (vinagre de arroz, gergelim, c/ óleo de gergelim, c/ açúcar, s/ sal),",Miscelâneas,263,4.59,19.3,21.1,2.50
C0342E,"Crustáceo, camarão, s/ casca, cozido, s/ óleo, c/ sal, Penaeus brasiliensis,",Pescados e Frutos do mar,83,17.8,0.00,1.27,0.00
C0031F,"Carne, boi, contra-filé, s/ gordura, grelhada, s/ óleo, s/ sal, Bos taurus,",Carnes e derivados,187,35.9,0.82,4.49,0.00
C0972A,"Biscoito, tipo goiabinha, c/ recheio de goiaba, (farinha de trigo, açúcar, manteiga, casca de limão e goiabada),",Cereais e derivados,418,4.65,65.2,14.9,2.20
C0583A,"Panqueca, c/ ricota e espinafre, s/ molho, caseira, c/ sal, (massa - leite, farinha de trigo e ovo, c/ ricota e espinafre, c/ óleo, c/ sal),",Cereais e derivados,169,8.12,13.6,8.87,1.10
C0052G,"Queijo, minas, frescal,",Leite e derivados,243,15.9,3.02,18.6,0.00
C0139C,"Suco natural, mamão, s/ açúcar,",Frutas e derivados,23,0.30,4.68,0.13,0.96
C0484N,"Papa de carne bovina moída (patinho), cenoura e batata baroa (mandioquinha, batata salsa), c/ caldo de frango, c/ cebola e azeite de oliva, c/ sal,",Alimentos para fins especiais,114,13.2,4.41,4.67,0.92
C0898F,"Linguiça, calabresa, frita, c/ óleo de soja, c/ sal,",Carnes e derivados,325,14.9,2.67,26.6,0.67
C0037R,"Maria mole, coco, em pó, Oetker,",Alimentos industrializados,389,22.8,71.9,0.90,1.01
C0332E,"Mexilhão com molho branco (farinha de trigo, manteiga e leite), c/ queijo parmesão, c/ sal, (mexilhão, tomate, salsa, suco de limão, c/ molho branco (farinha de trigo, manteiga e leite), c/ queijo parmesão, c/ óleo, cebola e alho, c/ pimenta do reino, c/ sal),",Pescados e Frutos do mar,128,11.2,5.28,6.79,0.49
C0627F,"Carne, boi, lagarto, frita (c/ óleo de soja), c/ sal, Bos taurus,",Carnes e derivados,267,30.1,0.00,16.3,0.00
C0176E,"Peixe, água salgada, pescadinha, à milanesa (ovo e farinha de risca), frito (c/ óleo de soja), c/ sal, Cynoscion striatus,",Pescados e Frutos do mar,261,20.6,15.9,12.5,0.96
C0541B,"Salada, pimentão verde, amarelo e vermelho crus, c/ óleo de soja, c/ sal,",Vegetais e derivados,59,1.01,3.34,4.22,1.59
C0139A,"Trigo, farinha, branca, fortificada com ácido fólico e ferro, crua (média de diferentes amostras), Triticum aestivum,",Cereais e derivados,352,10.7,72.9,1.36,2.58
C0611B,"Salada, alface americana, tomate, palmito, azeitona preta, c/ óleo de soja, c/ sal,",Vegetais e derivados,88,1.21,2.01,8.02,2.34
C0465F,"Carne, boi, picanha, s/ gordura, grelhada, c/ óleo, cebola e alho, s/ sal,",Carnes e derivados,234,30.4,1.26,11.9,0.12
C0450E,"Peixe, água salgada, merluza, frito (c/ óleo de soja), s/ sal, Merlucius hubbsi,",Pescados e Frutos do mar,130,16.6,0.00,7.02,0.00
C0264C,"Abacaxi, polpa, desidratada, Ananas comosus,",Frutas e derivados,279,3.80,58.6,1.86,6.24
C0125T,"Caldo de feijão, c/ sal, (feijão preto, c/ óleo, cebola e alho, c/ sal),",Leguminosas e derivados,46,2.78,3.72,1.05,5.12
C0012F,"Carne, avestruz, apex, cru, Struthio camelus African Black,",Carnes e derivados,146,30.9,1.47,1.82,0.00
C0862B,"Batata, inglesa, s/ casca, assada, alecrim, c/ manteiga, c/ pimenta-do-reino, c/ sal,",Vegetais e derivados,124,2.42,17.8,4.44,1.71
C0499B,"Salada, beterraba cozida, cebola, c/ molho vinagrete (tomate, cebola, salsa, vinagre e azeite de oliva), s/ sal,",Vegetais e derivados,46,1.27,4.99,1.96,1.81
C0065A,"Bolo, chocolate, mistura p/, preparado, Oetker,",Cereais e derivados,326,6.20,47.9,12.2,0.00
C0498F,"Carne, frango, assada, c/ tucupi, pimenta-de-cheiro, jambu, chicória (coentro bravo), cebola, alho, c/ sal,",Carnes e derivados,136,20.1,1.70,5.29,0.66
C0905B,"Chuchu, s/ casca, cozido, c/ molho branco (farinha de trigo, manteiga e leite), gratinado, c/ queijo parmesão, s/ sal,",Vegetais e derivados,77,2.97,5.70,4.47,1.15
C0520A,"Arroz com frutos do mar, c/ arroz polido, c/ sal, (arroz polido, c/ camarão, lula, mexilhão, tomate, pimentão amarelo e vermelho, c/ óleo, cebola e alho, c/ sal),",Cereais e derivados,116,9.81,12.9,2.56,0.94
C0365E,"Peixe, água salgada, bacalhau, salgado, dessalgado, cozido, s/ óleo, s/ sal,",Pescados e Frutos do mar,84,20.4,0.00,0.25,0.00
C0400F,"Carne, boi, lingua, cozida, c/ cenoura e ervilha, c/ molho de tomate (tomate, c/ óleo, cebola e alho), s/ sal,",Carnes e derivados,138,17.6,3.31,5.69,1.55
C0858F,"Carne, boi, costela, cozida, assada, s/ óleo, c/ sal ,",Carnes e derivados,285,30.6,0.00,18.0,0.00
C0910B,"Cará, cozido, drenada, s/ óleo, c/ sal, Dioscorea alata L.,",Vegetais e derivados,77,1.52,16.2,0.11,2.63
C0035G,"Leite, vaca, c/ chocolate, em pó,",Leite e derivados,322,5.41,48.6,10.9,3.82
C0716F,"Carne, frango, inteiro, s/ pele, frita (c/ óleo de soja), c/ sal, Gallus gallus,",Carnes e derivados,236,25.7,0.00,14.8,0.00
C0084R,"Missôshiru, legumes, pó, Sakura,",Alimentos industrializados,281,22.4,28.3,8.50,1.19
C0007H,"Bebida, café, infusão 10%, s/ açúcar,",Bebidas,10,0.67,1.68,0.07,0.00
C0797F,"Carne, cabrito, assada, s/ óleo, s/ sal (média de diferentes cortes e raças), Capra ssp,",Carnes e derivados,198,34.4,0.00,6.72,0.00
C0142C,"Suco natural, manga, c/ açúcar,",Frutas e derivados,39,0.17,9.10,0.09,0.64
C0926A,"Pão, arepa, c/ fubá, c/ queijo parmesão, (fubá, leite, ovo, manteiga, queijo parmesão, cheiro verde, c/ óleo de soja, c/ sal),",Cereais e derivados,329,7.70,52.0,9.42,3.00
C0132F,"Carne, frango, peito, c/ pele, crua, Gallus gallus,",Carnes e derivados,143,20.7,0.00,6.70,0.00
C0156C,"Suco natural, laranja e beterraba, c/ açúcar,",Frutas e derivados,63,1.13,13.1,0.19,2.26
C0877F,"Quibe, bovino, frito, c/sal,",Carnes e derivados,250,14.8,12.3,15.7,0.00
C0199N,"Papa de carne bovina moída (acém), macarrão e brócolis, c/ caldo de frango, c/ cebola, s/ óleo, s/ sal,",Alimentos para fins especiais,111,12.1,5.13,4.48,0.94
C0119E,"Crustáceo, camarão, s/ casca, preparado p/ recheios, c/ sal, (camarão, tomate, pimentão, azeitona, farinha de trigo, c/ óleo e cebola, c/ sal), Penaeus brasiliensis,",Pescados e Frutos do mar,60,4.50,3.29,2.90,1.55
C0058E,"Peixe, água salgada, pescadinha/tortinha, cru, Isopisthus parvipinnis,",Pescados e Frutos do mar,77,16.3,0.44,1.22,0.00
C0116K,"Cajuzinho, (leite condensado, amendoin torrado, manteiga, c/ açúcar cristal),",Produtos açucarados,417,12.0,47.6,19.3,2.70
C0040T,"Soja, farinha, c/ casca, Glycine max L.,",Leguminosas e derivados,389,36.0,18.3,14.6,20.2
C0268B,"Sopa, abóbora, cabotian (japonesa), c/ sal, (abóbora, cabotian (japonesa), c/ caldo de legumes, c/ óleo, cebola e alho, c/ sal),",Vegetais e derivados,40,0.93,4.85,1.55,1.42
C0026A,"Aveia, flocos, finos, Avena sativa,Neston,",Cereais e derivados,387,15.3,56.9,8.40,11.3
C0840F,"Carne, frango, moela, cozida, s/ óleo, c/ sal,",Carnes e derivados,126,28.7,0.92,0.88,0.00
C0333B,"Cenoura, s/ casca, cozida, drenada, c/ óleo de soja, c/ sal, Daucus carota L.,",Vegetais e derivados,61,0.51,2.02,5.17,2.06
C0437F,"Carne, boi, paleta, s/ gordura, cozida, c/ batata doce e cenoura, c/ óleo, cebola e alho, c/ sal,",Carnes e derivados,149,19.5,3.93,5.90,0.86
C1036F,"Carne, peru, coxa, frita (c/ óleo de soja), c/ sal, Meleagris gallopavo,",Carnes e derivados,204,19.7,0.00,13.9,0.00
C0633N,"Papa de feijão carioca, batata doce, abóbora cabotian (japonesa) e cenoura, c/ caldo de carne, c/ cebola, s/ óleo, c/ sal,",Alimentos para fins especiais,58,2.93,7.27,1.02,4.18
C0437B,"Salada, atum, s/ óleo, s/ sal, (atum, milho e ervilha em conserva, cenoura crua, cheiro verde, s/ óleo, s/ sal),",Vegetais e derivados,80,12.1,5.54,0.60,1.84
C0154K,"Chocolate, c/ recheio de manteiga de amendoim, Reese´s,",Produtos açucarados,530,10.2,51.8,30.5,3.60
C0212K,"Brownie, vegano, (farinha de trigo, água, linhaça, cacau em pó, óleo de girassol, fermento químico, c/ açúcar mascavo, c/ sal),",Produtos açucarados,203,3.90,49.6,20.8,4.80
C0058L,"Molho, pesto, s/ sal, (azeite de oliva, queijo parmesão, manjericão, noz, alho, c/ pimenta-do-reino, s/ sal),",Miscelâneas,558,10.7,3.10,55.3,2.36
C0010L,"Molho, barbecue, Kenko,",Miscelâneas,175,0.40,42.0,0.40,0.90
C0436E,"Peixe, água salgada, pescadinha, à milanesa (farinha de rosca e ovo), frito (c/ óleo de soja), s/ sal, Cynoscion striatus,",Pescados e Frutos do mar,261,20.6,15.9,12.5,0.96
C0067T,"Vagem, macarrão, crua, Phaseolus vulgaris L.,",Leguminosas e derivados,28,2.04,3.30,0.16,2.70
C0232C,"Bacuri, polpa, in natura, Platonia insignis,",Frutas e derivados,81,1.22,13.1,1.46,5.20
C0659B,"Salada, almeirão, cru, c/ óleo de soja, c/ sal,",Vegetais e derivados,145,1.52,0.92,14.5,2.60
C0447F,"Carne, boi, patinho, s/ gordura, grelhada, c/ manteiga, c/ sal,",Carnes e derivados,264,32.3,0.00,14.8,0.00
C0013F,"Carne, avestruz, coxa externa, crua, Struthio camelus African Black,",Carnes e derivados,144,30.8,1.03,1.91,0.00
C0848F,"Carne, porco, orelha, cozido, s/ óleo, s/ sal,",Carnes e derivados,162,16.0,0.20,10.8,0.00
C0372F,"Carne, boi, fígado, grelhada, c/ óleo e cebola, c/ sal,",Carnes e derivados,218,28.5,4.36,9.61,0.11
C0823A,"Bolo, chocolate, c/ recheio de brigadeiro, c/ cobertura de chocolate, caseiro, (bolo - farinha de trigo, achocolatado, açúcar, manteiga, ovo e fermento em pó, recheio - leite condensado e chocolate, cobertura para bolo - cacau em pó, leite, manteiga e açúcar),",Cereais e derivados,385,6.36,54.8,15.2,1.93
C0224C,"Suco, néctar, pêssego,",Frutas e derivados,56,0.27,13.3,0.02,0.60
C0980A,"Quesadillas, c/ frango, (tortilla de farinha de trigo tostada (c/ azeite de oliva), peito de frango, molho de tomate, queijo muçarela e cheddar, salsa, páprica, pimenta-do-reino, c/ óleo, cebola e alho, c/ sal),",Cereais e derivados,284,15.7,23.9,13.5,1.97
C1029A,"Arroz com carne bovina, c/ arroz polido, c/ sal, (arroz polido, carne bovina músculo, tomate, salsinha, cebolinha, c/ óleo, cebola e alho, c/ sal),",Cereais e derivados,144,9.45,19.3,3.02,0.99
C0238A,"Macarrão, c/ molho bolonhesa, c/ sal, (macarrão - espaguete, carne bovina - patinho moído, tomate, cebola, alho, c/ óleo de soja),",Cereais e derivados,123,4.42,21.5,1.94,1.03
C0897F,"Linguiça, calabresa, refogada (c/ óleo, cebola e alho), c/ sal,",Carnes e derivados,294,14.7,3.28,23.7,0.80
C0770A,"Cuca, banana, (farinha de trigo, amido de milho, ovo, manteiga, banana, leite e fermento químico, c/ canela, c/ açúcar),",Cereais e derivados,278,3.90,49.2,7.03,1.12
C0406A,"Macarrão, trigo, intantâneo, c/ tempero, cru,",Cereais e derivados,429,8.79,56.8,17.2,5.61
C0994A,"Arroz selvagem, cozido, s/ óleo, s/ sal, Zizania palustris,",Cereais e derivados,101,3.99,19.5,0.34,1.80
C0459F,"Carne, boi, picanha, c/ gordura, grelhada, c/ óleo, cebola e alho, c/ sal,",Carnes e derivados,278,25.1,0.38,19.6,0.11
C0255A,"Sanduíche, pão francês, c/ presunto, queijo muçarela, alface e tomate,",Cereais e derivados,205,12.1,22.3,7.24,1.29
C0819F,"Carne, boi, maminha, grelhada/assada, c/ molho de tomate (tomate, c/ óleo, cebola e alho), s/ sal, Bos taurus,",Carnes e derivados,131,24.9,0.83,2.99,0.51
C0006L,"Fermento, químico, em pó,",Miscelâneas,178,0.48,43.9,0.07,0.00
C0372E,"Estrogonofe de camarão, c/ sal, (camarão, creme de leite, mostarda, c/ molho de tomate (tomate, c/ óleo, cebola e alho), c/ sal),",Pescados e Frutos do mar,128,11.4,2.56,7.89,0.40
C0050K,"Chocolate, ao leite, Lacta,",Produtos açucarados,535,7.22,57.4,30.3,2.17
C0993A,"Cereal, All-Bran, Kellogg´s,",Cereais e derivados,335,13.1,44.9,4.90,29.3
C0065G,"Queijo, requeijao do norte (queijo de manteiga),",Leite e derivados,260,28.2,0.80,16.0,
C0189B,"Salada, almeirão, c/ molho vinagrete (tomate, cebola, salsinha, vinagre e óleo), s/ sal,",Vegetais e derivados,45,1.51,2.26,2.75,2.43
C1108A,"Quiche, queijo, assado, (massa brise (farinha de trigo, manteiga, gema, leite, c/ açúcar, c/ sal), creme de leite, ovo, queijo parmesão, c/ sal),",Cereais e derivados,334,12.2,13.4,25.4,0.99
C0408A,"Milho, farinha, amarela, cru,",Cereais e derivados,352,6.66,74.3,2.13,4.56
C0191N,"Papa de carne bovina moída (acém) e abóbora cambotian (japonesa), c/ caldo de frango, c/ cebola e azeite de oliva, s/ sal,",Alimentos para fins especiais,118,11.0,3.69,6.33,1.02
C0265N,"Papa de peito de frango e batata doce, c/ caldo de frango, c/ cebola, s/ óleo, s/ sal,",Alimentos para fins especiais,116,13.7,11.5,1.40,1.50
C0074N,"Queijo, muçarela, light,",Alimentos para fins especiais,251,24.3,2.77,15.9,0.00
C0090H,"Bebida, café - infusão 10% - intenso, c/ leite desnatado (meio a meio), c/ açúcar,",Bebidas,47,1.74,9.49,0.20,0.00
C0570N,"Papa de carne moída bovina (patinho), feijão preto, batata, abóbora (jerimum) e cenoura, c/ caldo de frango, c/ cebola e azeite de oliva, c/ sal,",Alimentos para fins especiais,107,12.2,3.47,4.41,2.13
C0383E,"Caldeirada de peixe, c/ sal, (peixe, água salgada, cação, tomate, pimentão, coentro, suco de limão, c/ pimenta-do-reino e pimenta vermelha,c/ caldo de peixe, c/ óleo, cebola e alho, c/ sal),",Pescados e Frutos do mar,69,11.0,2.63,1.50,0.45
C0162C,"Suco, limonada, c/ açúcar,",Frutas e derivados,42,0.07,10.5,0.01,0.07
C0915B,"Alcachofra, cozida, drenada, s/ óleo, c/ sal, Cynara scolymus,",Vegetais e derivados,51,2.88,6.23,0.34,5.68
C0617B,"Salada, vegetais crus, c/ óleo de soja, c/ sal, (nabo, cenoura e beterraba, c/ óleo de soja, c/ sal),",Vegetais e derivados,80,1.36,5.23,5.36,2.75
C0617N,"Papa de carne bovina moída (patinho), arroz branco e brócolis, c/ caldo de frango, c/ cebola e azeite de oliva, c/ sal,",Alimentos para fins especiais,124,13.2,6.36,4.88,1.04
C0735B,"Sopa, vegetais, s/ sal, (cenoura, abobrinha, brócolis e inhame, c/ caldo de carne, c/ óleo, cebola e alho, s/ sal),",Vegetais e derivados,38,1.64,5.01,0.98,1.22
C0280C,"Banana, grelhada, c/ manteiga, c/ açúcar e canela (média de 5 tipos - Nanica (caturra ou dágua), da Terra, Maçã, Ouro e Prata),",Frutas e derivados,161,1.47,31.3,2.82,2.38
C0770B,"Bobó de camarão, s/ sal, (mandioca (aipim, macaxeira), camarão, tomate, cheiro verde, pimentão, leite de coco, azeite de dendê, c/ caldo de camarão, c/ óleo, cebola e alho, s/ sal),",Vegetais e derivados,108,4.54,10.5,4.60,2.19
C0057R,"Pudim, leite, c/ calda caramelo, mistura p/, Oetker,",Alimentos industrializados,371,1.60,90.9,0.10,2.02
C0251N,"Papa de ovo e batata, c/ caldo de frango, c/ cebola e azeite de oliva, s/ sal,",Alimentos para fins especiais,90,4.96,4.66,5.53,0.61
C0010T,"Feijão, rajado, cozido (50% grão 50% caldo), s/ óleo, s/ sal, Phaseolus vulgaris L.,",Leguminosas e derivados,68,5.54,5.95,0.40,9.32
C0606N,"Papa de peixe (pescada branca) e cará, c/ caldo de peixe, c/ cebola e óleo de soja, s/ sal,",Alimentos para fins especiais,99,8.62,5.82,4.31,1.01
C0218F,"Strogonoff, frango, congelado, c/ temperos, c/ sal, Sadia,",Carnes e derivados,125,9.55,6.19,6.91,
C0174T,"Salada, grão-de-bico, c/ azeite de oliva, c/ sal, ( grão-de-bico cozido, tomate, cebola, salsa, suco de limão, c/ azeite de oliva, c/ sal),",Leguminosas e derivados,97,3.92,10.7,3.51,3.67
C0014A,"Arroz, farinha, crua (média  de diferentes marcas), Orysa sativa L.,",Cereais e derivados,360,6.24,81.8,0.76,0.78
C0221B,"Berinjela, c/ casca, cozida, drenada, c/ óleo de soja, s/ sal, Solanum melongena L.,",Vegetais e derivados,47,0.77,4.19,2.62,1.87
C0472B,"Pimentão, vermelho, cozido, drenado, s/ óleo, c/ sal, Capsicum annuum L.,",Vegetais e derivados,28,1.19,4.44,0.17,1.83
C0136K,"Calda, maracujá, (polpa de maracujá, amido de milho (maisena), água e açúcar),",Produtos açucarados,126,0.90,28.4,0.86,0.49
C1007A,"Bolo, trigo, c/ recheio e cobertura, chantilly, morango e merengue, caseiro, (bolo - farinha de trigo, ovo, leite, manteiga, açúcar e fermento químico, recheio e cobertura - chantilly, morango e merengue),",Cereais e derivados,327,5.10,45.0,15.0,0.79
C0246N,"Papa de ovo e batata baroa (mandioquinha, batata salsa), c/ caldo de frango, c/ cebola, s/ óleo, c/ sal,",Alimentos para fins especiais,81,4.83,7.02,3.58,0.75
C0536F,"Carne, frango, caipira, inteiro, c/ pele, cozida, salsa, c/ óleo, cebola e alho, c/ pimenta-do-reino, s/ sal,",Carnes e derivados,235,22.4,0.79,15.7,0.24
C0555A,"Arroz de forno, c/ arroz integral, c/ sal, (arroz integral, c/ cenoura, milho e ervilha em conserva, cenoura, azeitona, muçarela, c/ molho de tomate (tomate, c/ óleo, cebola e alho), c/ óleo, cebola e alho, c/ sal),",Cereais e derivados,126,3.56,15.8,4.92,2.43
C0677A,"Pizza, atum, caseira, (massa (farinha de trigo, óleo, fermento biológico, sal e açúcar), atum em conserva, muçarela, c/ molho de tomate (tomate, c/ óleo, cebola e alho, c/ sal), c/ azeite de oliva),",Cereais e derivados,277,13.2,37.3,8.01,1.42
C0132K,"Bala, caramelo,",Produtos açucarados,399,4.60,77.0,8.10,0.00
C0838A,"Sonho, assado, s/ recheio, s/ açúcar polvilhado, (farinha de trigo, ovo, margarina, leite, sal, fermento químico, c/ açúcar e canela),",Cereais e derivados,297,8.12,51.8,6.01,1.61
C0764A,"Sanduíche, pão forma tradicional, c/ alface, tomate, cenoura, c/ molho de iogurte,",Cereais e derivados,154,5.60,26.4,2.47,2.22
C0062L,"Molho, aurora, c/ sal, (creme de leite, salsa, c/ pimenta-do-reino, c/ molho de tomate (tomate, c/ óleo, cebola e alho), c/ sal),",Miscelâneas,124,1.85,4.22,10.7,1.84
C0176A,"Milho, verde, grão, cozido, drenado, s/ sal, Zea mays,",Cereais e derivados,129,6.16,23.0,0.57,3.66
C0172F,"Fiambre, frango, cozido (médias de diferentes amostras),",Carnes e derivados,120,22.7,0.00,3.30,0.00
C0087F,"Carne, búfalo, alcatra, crua, Bubalis bubalis Murrah,",Carnes e derivados,106,21.5,0.04,2.20,0.00
C0415B,"Salada, abóbora cabotian (japonesa) cozida, cebola, salsa, c/ azeite de oliva, c/ sal,",Vegetais e derivados,88,1.45,7.52,5.34,2.20
C0418F,"Carne, boi, miolo de alcatra, s/ gordura, grelhada, c/ manteiga, c/ sal,",Carnes e derivados,293,28.8,2.50,18.7,0.00
C0100H,"Bebida, café descafeinado - infusão 8% - médio, c/ leite (meio a meio), ""média"", c/ açúcar,",Bebidas,57,1.46,3.01,1.64,0.33
C0428N,"Papa de abacate e banana, s/ açúcar,",Alimentos para fins especiais,92,1.21,13.1,3.20,3.13
C0895A,"Torta, frios, (massa - leite, farinha de trigo, ovo e fermento químico, queijo muçarela, presunto, salsinha, cebolinha, c/ sal),",Cereais e derivados,232,13.1,16.2,12.6,0.51
C0160F,"Carne, porco, bisteca, grelhada, s/ óleo, s/ sal, Sus ssp.,",Carnes e derivados,275,28.9,0.64,17.4,0.00
C1158A,"Pão francês, c/ geleia,",Cereais e derivados,288,6.67,60.7,1.51,2.59
C0912B,"Beterraba, cozida, drenada, s/ óleo, c/ sal, Beta vulgaris L.,",Vegetais e derivados,27,1.22,4.23,0.09,2.03
C0142H,"Bebida alcoólica, pina colada, (leite condensado, leite de coco, suco de abacaxi e rum),",Bebidas,148,1.44,10.7,3.91,0.28
